original_index,track_id,song_name,artist,genre,chorus_ratio,syllable_density,sentiment_score,flesch_kincaid_readability,lsa_component_1,lsa_component_2,lsa_component_3
17623,Pop_00001,A Child Is Born,Rihanna,Pop,0.7317,1.6751,0.0,0.0,0.0,0.0,0.0
17624,Pop_00002,A Girl Like Me,Rihanna,Pop,0.6486,1.4463,0.0,0.0,0.0,0.0,0.0
17626,Pop_00003,American Oxygen,Rihanna,Pop,0.8143,2.3005,0.0,0.0,0.0,0.0,0.0
17627,Pop_00004,California King Bed,Rihanna,Pop,0.4894,1.6163,0.0,0.0,0.0,0.0,0.0
17628,Pop_00005,Cold Case Love,Rihanna,Pop,0.5424,1.4672,0.0,0.0,0.0,0.0,0.0
17629,Pop_00006,Crazy Little Thing Called Love,Rihanna,Pop,0.1509,1.5616,0.0,0.0,0.0,0.0,0.0
17630,Pop_00007,Cry,Rihanna,Pop,0.4906,1.4969,0.0,0.0,0.0,0.0,0.0
17631,Pop_00008,Dem Haters,Rihanna,Pop,0.0968,1.4353,0.0,0.0,0.0,0.0,0.0
17632,Pop_00009,Disturbia,Rihanna,Pop,0.5588,1.5927,0.0,0.0,0.0,0.0,0.0
17633,Pop_00010,Do Ya Thing,Rihanna,Pop,0.5119,1.2212,0.0,0.0,0.0,0.0,0.0
17634,Pop_00011,Don't Even Try,Rihanna,Pop,0.4694,1.3316,0.0,0.0,0.0,0.0,0.0
17635,Pop_00012,Don't Stop The Music,Rihanna,Pop,0.6809,1.6008,0.0,0.0,0.0,0.0,0.0
17636,Pop_00013,Drunk On Love,Rihanna,Pop,0.6327,1.3738,0.0,0.0,0.0,0.0,0.0
17637,Pop_00014,Electricity,Rihanna,Pop,0.5789,2.0563,0.0,0.0,0.0,0.0,0.0
17638,Pop_00015,Emergency Room,Rihanna,Pop,0.5862,1.5075,0.0,0.0,0.0,0.0,0.0
17639,Pop_00016,Fading,Rihanna,Pop,0.5116,1.6073,0.0,0.0,0.0,0.0,0.0
17640,Pop_00017,Farewell,Rihanna,Pop,0.6304,1.9432,0.0,0.0,0.0,0.0,0.0
17641,Pop_00018,Final Goodbye,Rihanna,Pop,0.1364,1.5598,0.0,0.0,0.0,0.0,0.0
17642,Pop_00019,Fire Bomb,Rihanna,Pop,0.4524,1.3671,0.0,0.0,0.0,0.0,0.0
17643,Pop_00020,First Place,Rihanna,Pop,0.6562,1.4436,0.0,0.0,0.0,0.0,0.0
17644,Pop_00021,Fool In Love,Rihanna,Pop,0.4,1.3476,0.0,0.0,0.0,0.0,0.0
17645,Pop_00022,Four Evermore,Rihanna,Pop,0.5333,1.8056,0.0,0.0,0.0,0.0,0.0
17646,Pop_00023,FourFiveSeconds,Rihanna,Pop,0.4038,1.7177,0.0,0.0,0.0,0.0,0.0
17647,Pop_00024,Fresh Off The Runway,Rihanna,Pop,0.4308,1.4625,0.0,0.0,0.0,0.0,0.0
17648,Pop_00025,G4L,Rihanna,Pop,0.4098,1.2866,0.0,0.0,0.0,0.0,0.0
17649,Pop_00026,Game Over,Rihanna,Pop,0.2909,1.3601,0.0,0.0,0.0,0.0,0.0
17650,Pop_00027,Hatin' On The Club,Rihanna,Pop,0.6735,1.2031,0.0,0.0,0.0,0.0,0.0
17651,Pop_00028,Haunted,Rihanna,Pop,0.5385,1.6222,0.0,0.0,0.0,0.0,0.0
17652,Pop_00029,Here I Go Again,Rihanna,Pop,0.3333,1.5921,0.0,0.0,0.0,0.0,0.0
17653,Pop_00030,Leaving Tonight,Rihanna,Pop,0.3721,1.5725,0.0,0.0,0.0,0.0,0.0
17654,Pop_00031,Livin' A Lie,Rihanna,Pop,0.4545,1.9412,0.0,0.0,0.0,0.0,0.0
17655,Pop_00032,Love Is The Only Way,Rihanna,Pop,0.1702,1.578,0.0,0.0,0.0,0.0,0.0
17656,Pop_00033,Love Song,Rihanna,Pop,0.4727,1.5161,0.0,0.0,0.0,0.0,0.0
17657,Pop_00034,Love The Way You Lie Part 2,Rihanna,Pop,0.2462,1.4371,0.0,0.0,0.0,0.0,0.0
17658,Pop_00035,Love The Way You Lie Remix,Rihanna,Pop,0.3182,1.2718,0.0,0.0,0.0,0.0,0.0
17659,Pop_00036,Mad House,Rihanna,Pop,0.5455,1.619,0.0,0.0,0.0,0.0,0.0
17660,Pop_00037,Man Down,Rihanna,Pop,0.5429,1.3987,0.0,0.0,0.0,0.0,0.0
17661,Pop_00038,Million Miles Away,Rihanna,Pop,0.15,1.5578,0.0,0.0,0.0,0.0,0.0
17662,Pop_00039,Moon Is Blue,Rihanna,Pop,0.2581,1.336,0.0,0.0,0.0,0.0,0.0
17663,Pop_00040,Music Of The Sun,Rihanna,Pop,0.5167,1.5249,0.0,0.0,0.0,0.0,0.0
17664,Pop_00041,My Name Is Rihanna,Rihanna,Pop,0.1875,1.4651,0.0,0.0,0.0,0.0,0.0
17665,Pop_00042,Needed Me,Rihanna,Pop,0.6087,1.6362,0.0,0.0,0.0,0.0,0.0
17666,Pop_00043,Never Ending,Rihanna,Pop,0.8824,1.6123,0.0,0.0,0.0,0.0,0.0
17667,Pop_00044,No Love Allowed,Rihanna,Pop,0.5682,1.4205,0.0,0.0,0.0,0.0,0.0
17668,Pop_00045,Nobodys Business,Rihanna,Pop,0.7241,1.7122,0.0,0.0,0.0,0.0,0.0
17669,Pop_00046,Oh Baby,Rihanna,Pop,0.5714,1.2968,0.0,0.0,0.0,0.0,0.0
17670,Pop_00047,Only Girl,Rihanna,Pop,0.6275,1.2925,0.0,0.0,0.0,0.0,0.0
17671,Pop_00048,Phresh Out The Runway,Rihanna,Pop,0.4891,1.3321,0.0,0.0,0.0,0.0,0.0
17672,Pop_00049,Pour It Up,Rihanna,Pop,0.7949,1.1722,0.0,0.0,0.0,0.0,0.0
17673,Pop_00050,Rockstar 101,Rihanna,Pop,0.7826,1.367,0.0,0.0,0.0,0.0,0.0
17674,Pop_00051,Rush,Rihanna,Pop,0.4915,1.2595,0.0,0.0,0.0,0.0,0.0
17675,Pop_00052,Russian Roulette,Rihanna,Pop,0.3529,1.3279,0.0,0.0,0.0,0.0,0.0
17676,Pop_00053,Saxon,Rihanna,Pop,0.6,1.5221,0.0,0.0,0.0,0.0,0.0
17677,Pop_00054,Say It,Rihanna,Pop,0.5729,1.3245,0.0,0.0,0.0,0.0,0.0
17678,Pop_00055,Selfish Girl,Rihanna,Pop,0.5283,1.5403,0.0,0.0,0.0,0.0,0.0
17679,Pop_00056,Sell Me Candy,Rihanna,Pop,0.125,1.4789,0.0,0.0,0.0,0.0,0.0
17680,Pop_00057,Should I,Rihanna,Pop,0.6477,1.4733,0.0,0.0,0.0,0.0,0.0
17681,Pop_00058,Shut Up And Drive,Rihanna,Pop,0.4615,1.5769,0.0,0.0,0.0,0.0,0.0
17682,Pop_00059,Silly Boy,Rihanna,Pop,0.6032,1.4026,0.0,0.0,0.0,0.0,0.0
17683,Pop_00060,Skin,Rihanna,Pop,0.7064,1.1888,0.0,0.0,0.0,0.0,0.0
17684,Pop_00061,Slower To Heal,Rihanna,Pop,0.7302,1.5942,0.0,0.0,0.0,0.0,0.0
17685,Pop_00062,S.O.S. (Rescue Me),Rihanna,Pop,0.4125,1.5641,0.0,0.0,0.0,0.0,0.0
17686,Pop_00063,Stay,Rihanna,Pop,0.4516,1.4296,0.0,0.0,0.0,0.0,0.0
17687,Pop_00064,Stupid In Love,Rihanna,Pop,0.3889,1.3491,0.0,0.0,0.0,0.0,0.0
17688,Pop_00065,Take A Bow,Rihanna,Pop,0.3659,1.7094,0.0,0.0,0.0,0.0,0.0
17689,Pop_00066,Talk That Talk,Rihanna,Pop,0.3469,1.3435,0.0,0.0,0.0,0.0,0.0
17690,Pop_00067,Te Amo,Rihanna,Pop,0.575,1.2918,0.0,0.0,0.0,0.0,0.0
17691,Pop_00068,"That La, La, La",Rihanna,Pop,0.5192,1.2695,0.0,0.0,0.0,0.0,0.0
17692,Pop_00069,The Last Song,Rihanna,Pop,0.4286,1.2686,0.0,0.0,0.0,0.0,0.0
17693,Pop_00070,The Last Time,Rihanna,Pop,0.6774,1.4454,0.0,0.0,0.0,0.0,0.0
17694,Pop_00071,The One,Rihanna,Pop,0.4058,1.4688,0.0,0.0,0.0,0.0,0.0
17695,Pop_00072,The Wait Is Ova,Rihanna,Pop,0.6338,1.3603,0.0,0.0,0.0,0.0,0.0
17696,Pop_00073,There's A Thug In My Life,Rihanna,Pop,0.5088,1.4073,0.0,0.0,0.0,0.0,0.0
17697,Pop_00074,Tide Is High,Rihanna,Pop,0.3511,1.5485,0.0,0.0,0.0,0.0,0.0
17698,Pop_00075,Towards The Sun,Rihanna,Pop,0.75,1.4247,0.0,0.0,0.0,0.0,0.0
17699,Pop_00076,Unfaithful,Rihanna,Pop,0.4545,1.5844,0.0,0.0,0.0,0.0,0.0
17700,Pop_00077,Vogue,Rihanna,Pop,0.3431,1.7632,0.0,0.0,0.0,0.0,0.0
17701,Pop_00078,Wait Your Turn,Rihanna,Pop,0.7059,1.3816,0.0,0.0,0.0,0.0,0.0
17702,Pop_00079,Watch And Learn,Rihanna,Pop,0.8171,1.2568,0.0,0.0,0.0,0.0,0.0
17703,Pop_00080,We All Want Love,Rihanna,Pop,0.7742,1.7201,0.0,0.0,0.0,0.0,0.0
17704,Pop_00081,We Found Love,Rihanna,Pop,0.8387,1.6301,0.0,0.0,0.0,0.0,0.0
17705,Pop_00082,We Ride,Rihanna,Pop,0.2976,1.5794,0.0,0.0,0.0,0.0,0.0
17706,Pop_00083,What Now,Rihanna,Pop,0.6087,1.4195,0.0,0.0,0.0,0.0,0.0
17707,Pop_00084,What's My Name,Rihanna,Pop,0.5859,1.3139,0.0,0.0,0.0,0.0,0.0
17708,Pop_00085,Where Have You Been,Rihanna,Pop,0.9167,1.6667,0.0,0.0,0.0,0.0,0.0
17709,Pop_00086,Whipping My Hair,Rihanna,Pop,0.7193,1.3398,0.0,0.0,0.0,0.0,0.0
50857,Pop_00087,Bad Girl,Rihanna,Pop,0.56,1.3001,0.0,0.0,0.0,0.0,0.0
50858,Pop_00088,Birthday Cake,Rihanna,Pop,0.4286,1.4024,0.0,0.0,0.0,0.0,0.0
50859,Pop_00089,Bitch Better Have My Money,Rihanna,Pop,0.625,1.5348,0.0,0.0,0.0,0.0,0.0
50860,Pop_00090,Break It Off,Rihanna,Pop,0.2414,1.2721,0.0,0.0,0.0,0.0,0.0
50861,Pop_00091,Breakin Dishes,Rihanna,Pop,0.5574,1.3239,0.0,0.0,0.0,0.0,0.0
50862,Pop_00092,Close To You,Rihanna,Pop,0.5862,1.8368,0.0,0.0,0.0,0.0,0.0
50863,Pop_00093,Complicated,Rihanna,Pop,0.6515,1.8902,0.0,0.0,0.0,0.0,0.0
50864,Pop_00094,Control Me,Rihanna,Pop,0.6364,1.7342,0.0,0.0,0.0,0.0,0.0
50865,Pop_00095,Coulda Been The One,Rihanna,Pop,0.4833,1.4778,0.0,0.0,0.0,0.0,0.0
50866,Pop_00096,Dancing In The Dark,Rihanna,Pop,0.7292,1.3832,0.0,0.0,0.0,0.0,0.0
50867,Pop_00097,Get It Over With,Rihanna,Pop,0.8085,1.3968,0.0,0.0,0.0,0.0,0.0
50868,Pop_00098,Golden Girl,Rihanna,Pop,0.6618,1.3463,0.0,0.0,0.0,0.0,0.0
50869,Pop_00099,Half Of Me,Rihanna,Pop,0.1765,1.5404,0.0,0.0,0.0,0.0,0.0
50870,Pop_00100,Hallucination,Rihanna,Pop,0.5854,2.4774,0.0,0.0,0.0,0.0,0.0
50871,Pop_00101,Happy,Rihanna,Pop,0.6842,1.8131,0.0,0.0,0.0,0.0,0.0
50872,Pop_00102,Hard,Rihanna,Pop,0.2976,1.2712,0.0,0.0,0.0,0.0,0.0
50873,Pop_00103,Hate That I Love You,Rihanna,Pop,0.1667,1.2403,0.0,0.0,0.0,0.0,0.0
50875,Pop_00104,Hypnotized,Rihanna,Pop,0.5,1.8431,0.0,0.0,0.0,0.0,0.0
50876,Pop_00105,I Just Don't Feel Like Christmas,Rihanna,Pop,0.2963,1.6513,0.0,0.0,0.0,0.0,0.0
50877,Pop_00106,Ice,Rihanna,Pop,0.6765,1.4404,0.0,0.0,0.0,0.0,0.0
50878,Pop_00107,If I Never See Your Face Again,Rihanna,Pop,0.5455,1.4758,0.0,0.0,0.0,0.0,0.0
50879,Pop_00108,If It's Lovin' That You Want,Rihanna,Pop,0.7465,1.408,0.0,0.0,0.0,0.0,0.0
50880,Pop_00109,Immortal,Rihanna,Pop,0.5854,1.6923,0.0,0.0,0.0,0.0,0.0
50881,Pop_00110,It Just Don't Feel Like Xmas (Without You),Rihanna,Pop,0.5556,1.6523,0.0,0.0,0.0,0.0,0.0
50883,Pop_00111,Jump,Rihanna,Pop,0.6167,1.245,0.0,0.0,0.0,0.0,0.0
50884,Pop_00112,Just Be Happy,Rihanna,Pop,0.717,1.6971,0.0,0.0,0.0,0.0,0.0
50885,Pop_00113,Kisses Don't Lie,Rihanna,Pop,0.9,1.46,0.0,0.0,0.0,0.0,0.0
50886,Pop_00114,Lease My Love,Rihanna,Pop,0.359,1.5192,0.0,0.0,0.0,0.0,0.0
50887,Pop_00115,Lemme Get That,Rihanna,Pop,0.431,1.2496,0.0,0.0,0.0,0.0,0.0
50888,Pop_00116,Let Me,Rihanna,Pop,0.6707,1.2135,0.0,0.0,0.0,0.0,0.0
50889,Pop_00117,Let This Be The Last Time,Rihanna,Pop,0.4107,1.4673,0.0,0.0,0.0,0.0,0.0
50890,Pop_00118,Lost In Paradise,Rihanna,Pop,0.7941,1.6216,0.0,0.0,0.0,0.0,0.0
50891,Pop_00119,Now I Know,Rihanna,Pop,0.2,1.4163,0.0,0.0,0.0,0.0,0.0
50892,Pop_00120,Photographs,Rihanna,Pop,0.4828,1.6518,0.0,0.0,0.0,0.0,0.0
50893,Pop_00121,Pon De Replay,Rihanna,Pop,0.8281,1.3655,0.0,0.0,0.0,0.0,0.0
50894,Pop_00122,Prototype,Rihanna,Pop,0.5185,1.5503,0.0,0.0,0.0,0.0,0.0
50895,Pop_00123,P.S. I'm Still Not Over You,Rihanna,Pop,0.119,1.4257,0.0,0.0,0.0,0.0,0.0
50896,Pop_00124,Push Up On Me,Rihanna,Pop,0.439,1.3977,0.0,0.0,0.0,0.0,0.0
50897,Pop_00125,Put Them Lighters Up,Rihanna,Pop,0.6875,1.4714,0.0,0.0,0.0,0.0,0.0
50898,Pop_00126,Question Existing,Rihanna,Pop,0.2432,1.8209,0.0,0.0,0.0,0.0,0.0
50899,Pop_00127,Real As You And Me,Rihanna,Pop,0.6897,1.3075,0.0,0.0,0.0,0.0,0.0
50900,Pop_00128,Red Lipstick,Rihanna,Pop,0.95,1.3733,0.0,0.0,0.0,0.0,0.0
50901,Pop_00129,Rehab,Rihanna,Pop,0.6567,1.5391,0.0,0.0,0.0,0.0,0.0
50902,Pop_00130,Right Now,Rihanna,Pop,0.7451,1.3317,0.0,0.0,0.0,0.0,0.0
50903,Pop_00131,Roc Me Out,Rihanna,Pop,0.6667,1.1309,0.0,0.0,0.0,0.0,0.0
50904,Pop_00132,Rude Boy,Rihanna,Pop,0.7687,1.3553,0.0,0.0,0.0,0.0,0.0
50905,Pop_00133,Who Ya Gonna Run To?,Rihanna,Pop,0.7091,1.4199,0.0,0.0,0.0,0.0,0.0
50906,Pop_00134,Why Am I So In Love,Rihanna,Pop,0.4222,1.4167,0.0,0.0,0.0,0.0,0.0
50907,Pop_00135,Willing To Wait,Rihanna,Pop,0.2059,1.399,0.0,0.0,0.0,0.0,0.0
50908,Pop_00136,Winning Women,Rihanna,Pop,0.8,1.7759,0.0,0.0,0.0,0.0,0.0
50909,Pop_00137,Written In The Stars,Rihanna,Pop,0.5306,1.6121,0.0,0.0,0.0,0.0,0.0
50910,Pop_00138,"Yeah, I Said It",Rihanna,Pop,0.5,1.3653,0.0,0.0,0.0,0.0,0.0
50911,Pop_00139,You Da One,Rihanna,Pop,0.6349,1.4023,0.0,0.0,0.0,0.0,0.0
50912,Pop_00140,"You Don't Love Me (No, No, No)",Rihanna,Pop,0.1429,1.2969,0.0,0.0,0.0,0.0,0.0
12520,Pop_00141,Can't Stop,Maroon 5,Pop,0.5667,1.4686,0.0,0.0,0.0,0.0,0.0
12521,Pop_00142,Harder To Breathe,Maroon 5,Pop,0.475,1.7019,0.0,0.0,0.0,0.0,0.0
12522,Pop_00143,Highway To Hell,Maroon 5,Pop,0.3871,1.4194,0.0,0.0,0.0,0.0,0.0
12523,Pop_00144,If I Fell,Maroon 5,Pop,0.0952,1.1905,0.0,0.0,0.0,0.0,0.0
12524,Pop_00145,If You Only Knew,Maroon 5,Pop,0.3333,1.2431,0.0,0.0,0.0,0.0,0.0
12525,Pop_00146,It Was Always You,Maroon 5,Pop,0.7812,1.687,0.0,0.0,0.0,0.0,0.0
12526,Pop_00147,Last Chance,Maroon 5,Pop,0.3148,1.3847,0.0,0.0,0.0,0.0,0.0
12527,Pop_00148,Leaving California,Maroon 5,Pop,0.5,1.4439,0.0,0.0,0.0,0.0,0.0
12528,Pop_00149,Myself,Maroon 5,Pop,0.7027,1.745,0.0,0.0,0.0,0.0,0.0
12529,Pop_00150,New Love,Maroon 5,Pop,0.6,1.5869,0.0,0.0,0.0,0.0,0.0
12530,Pop_00151,Oliver,Maroon 5,Pop,0.7333,2.1444,0.0,0.0,0.0,0.0,0.0
12531,Pop_00152,One More Night,Maroon 5,Pop,0.65,1.3603,0.0,0.0,0.0,0.0,0.0
12532,Pop_00153,Out Of Goodbyes,Maroon 5,Pop,0.5217,1.542,0.0,0.0,0.0,0.0,0.0
12533,Pop_00154,Payphone (Clean Version),Maroon 5,Pop,0.475,1.5244,0.0,0.0,0.0,0.0,0.0
12534,Pop_00155,Pure Imagination,Maroon 5,Pop,0.8333,1.7361,0.0,0.0,0.0,0.0,0.0
12536,Pop_00156,Shoot Love,Maroon 5,Pop,0.6774,1.293,0.0,0.0,0.0,0.0,0.0
12537,Pop_00157,The Air That I Breathe,Maroon 5,Pop,0.5758,1.7561,0.0,0.0,0.0,0.0,0.0
12538,Pop_00158,The Kid With The Velvet Eyes,Maroon 5,Pop,0.6774,1.4312,0.0,0.0,0.0,0.0,0.0
12539,Pop_00159,The Way I Was,Maroon 5,Pop,0.1951,1.5894,0.0,0.0,0.0,0.0,0.0
12540,Pop_00160,This Summer's Gonna Hurt,Maroon 5,Pop,0.5088,1.6258,0.0,0.0,0.0,0.0,0.0
12541,Pop_00161,Unkiss Me,Maroon 5,Pop,0.7451,1.5807,0.0,0.0,0.0,0.0,0.0
12542,Pop_00162,Wake Up Call,Maroon 5,Pop,0.5974,1.3829,0.0,0.0,0.0,0.0,0.0
43091,Pop_00163,Animals,Maroon 5,Pop,0.8085,1.6266,0.0,0.0,0.0,0.0,0.0
43092,Pop_00164,As Things Collide,Maroon 5,Pop,0.5172,1.8856,0.0,0.0,0.0,0.0,0.0
43093,Pop_00165,Back At Your Door,Maroon 5,Pop,0.1667,1.5905,0.0,0.0,0.0,0.0,0.0
43094,Pop_00166,Beautiful Goodbye,Maroon 5,Pop,0.45,1.3593,0.0,0.0,0.0,0.0,0.0
43095,Pop_00167,Better That We Break,Maroon 5,Pop,0.2973,1.7537,0.0,0.0,0.0,0.0,0.0
43096,Pop_00168,Captain Splendid,Maroon 5,Pop,0.434,1.3915,0.0,0.0,0.0,0.0,0.0
43097,Pop_00169,Come Away To The Water,Maroon 5,Pop,0.6562,1.6944,0.0,0.0,0.0,0.0,0.0
43098,Pop_00170,Come Talk With Me,Maroon 5,Pop,0.5435,1.404,0.0,0.0,0.0,0.0,0.0
43099,Pop_00171,Coming Back For You,Maroon 5,Pop,0.918,1.4295,0.0,0.0,0.0,0.0,0.0
43100,Pop_00172,Daylight,Maroon 5,Pop,0.5,1.403,0.0,0.0,0.0,0.0,0.0
43101,Pop_00173,Doin' Dirt,Maroon 5,Pop,0.6842,1.3829,0.0,0.0,0.0,0.0,0.0
43102,Pop_00174,Don't Know Nothing,Maroon 5,Pop,0.4186,1.4146,0.0,0.0,0.0,0.0,0.0
43103,Pop_00175,Don't Look Back In Anger,Maroon 5,Pop,0.4524,1.4663,0.0,0.0,0.0,0.0,0.0
43104,Pop_00176,Don't Wanna Know,Maroon 5,Pop,0.7159,1.4379,0.0,0.0,0.0,0.0,0.0
43105,Pop_00177,Everyday Goodbyes,Maroon 5,Pop,0.5909,1.8093,0.0,0.0,0.0,0.0,0.0
43106,Pop_00178,Falling For The First Time,Maroon 5,Pop,0.4074,1.6039,0.0,0.0,0.0,0.0,0.0
43107,Pop_00179,Feelings,Maroon 5,Pop,0.6078,1.2898,0.0,0.0,0.0,0.0,0.0
43108,Pop_00180,Figure It Out,Maroon 5,Pop,0.4167,1.6722,0.0,0.0,0.0,0.0,0.0
43109,Pop_00181,Fortune Teller,Maroon 5,Pop,0.6591,1.4858,0.0,0.0,0.0,0.0,0.0
43110,Pop_00182,Funky,Maroon 5,Pop,0.1,1.4625,0.0,0.0,0.0,0.0,0.0
43111,Pop_00183,Future Kid,Maroon 5,Pop,0.5517,1.7857,0.0,0.0,0.0,0.0,0.0
43112,Pop_00184,Get Back In My Life,Maroon 5,Pop,0.6027,1.4801,0.0,0.0,0.0,0.0,0.0
43113,Pop_00185,Give A Little More,Maroon 5,Pop,0.4,1.4322,0.0,0.0,0.0,0.0,0.0
43114,Pop_00186,Good At Being Gone,Maroon 5,Pop,0.625,1.4778,0.0,0.0,0.0,0.0,0.0
43115,Pop_00187,Goodnight Goodnight,Maroon 5,Pop,0.5333,1.4687,0.0,0.0,0.0,0.0,0.0
43116,Pop_00188,Hands All Over,Maroon 5,Pop,0.3729,1.2514,0.0,0.0,0.0,0.0,0.0
43117,Pop_00189,Happy Xmas (War Is Over),Maroon 5,Pop,0.5897,1.4209,0.0,0.0,0.0,0.0,0.0
43118,Pop_00190,Hello,Maroon 5,Pop,0.5357,1.5032,0.0,0.0,0.0,0.0,0.0
43119,Pop_00191,How,Maroon 5,Pop,0.617,1.4478,0.0,0.0,0.0,0.0,0.0
43120,Pop_00192,I Can't Lie,Maroon 5,Pop,0.4681,1.3108,0.0,0.0,0.0,0.0,0.0
43121,Pop_00193,I Don't Want To Know,Maroon 5,Pop,0.413,1.4481,0.0,0.0,0.0,0.0,0.0
43122,Pop_00194,I Shall Be Released,Maroon 5,Pop,0.5,1.4708,0.0,0.0,0.0,0.0,0.0
43123,Pop_00195,In Your Pocket,Maroon 5,Pop,0.7941,1.362,0.0,0.0,0.0,0.0,0.0
43124,Pop_00196,Infatuation,Maroon 5,Pop,0.5625,1.7646,0.0,0.0,0.0,0.0,0.0
43125,Pop_00197,Is There Anybody Out There,Maroon 5,Pop,0.359,1.8239,0.0,0.0,0.0,0.0,0.0
43126,Pop_00198,Just A Feeling,Maroon 5,Pop,0.5735,1.8449,0.0,0.0,0.0,0.0,0.0
43127,Pop_00199,Keep On Rockin' In The Free World,Maroon 5,Pop,0.2449,1.4219,0.0,0.0,0.0,0.0,0.0
43128,Pop_00200,Kiss,Maroon 5,Pop,0.4651,1.4186,0.0,0.0,0.0,0.0,0.0
43129,Pop_00201,Kiwi,Maroon 5,Pop,0.4386,1.6478,0.0,0.0,0.0,0.0,0.0
43130,Pop_00202,Ladykiller,Maroon 5,Pop,0.7,1.4116,0.0,0.0,0.0,0.0,0.0
43131,Pop_00203,Little Of Your Time,Maroon 5,Pop,0.5192,1.4731,0.0,0.0,0.0,0.0,0.0
43132,Pop_00204,Losing My Mind,Maroon 5,Pop,0.0571,1.4943,0.0,0.0,0.0,0.0,0.0
43133,Pop_00205,Lost Stars,Maroon 5,Pop,0.2703,1.3567,0.0,0.0,0.0,0.0,0.0
43134,Pop_00206,Love Somebody,Maroon 5,Pop,0.7073,1.3379,0.0,0.0,0.0,0.0,0.0
43135,Pop_00207,Lovely Day,Maroon 5,Pop,0.7857,1.5298,0.0,0.0,0.0,0.0,0.0
43136,Pop_00208,Loving The Small Time,Maroon 5,Pop,0.8919,1.5901,0.0,0.0,0.0,0.0,0.0
43137,Pop_00209,Lucky Strike,Maroon 5,Pop,0.7872,1.5542,0.0,0.0,0.0,0.0,0.0
43138,Pop_00210,Maps,Maroon 5,Pop,0.6538,1.6015,0.0,0.0,0.0,0.0,0.0
43139,Pop_00211,Misery,Maroon 5,Pop,0.5797,1.5109,0.0,0.0,0.0,0.0,0.0
43140,Pop_00212,"Miss You, Love You",Maroon 5,Pop,0.2821,1.3732,0.0,0.0,0.0,0.0,0.0
43141,Pop_00213,Moves Like Jagger,Maroon 5,Pop,0.5714,1.4265,0.0,0.0,0.0,0.0,0.0
43142,Pop_00214,Must Get Out,Maroon 5,Pop,0.4062,1.6949,0.0,0.0,0.0,0.0,0.0
43143,Pop_00215,My Blue Ocean,Maroon 5,Pop,0.5806,1.4274,0.0,0.0,0.0,0.0,0.0
43144,Pop_00216,My Heart Is Open,Maroon 5,Pop,0.5778,1.2158,0.0,0.0,0.0,0.0,0.0
43145,Pop_00217,Never Gonna Leave This Bed,Maroon 5,Pop,0.5909,1.2387,0.0,0.0,0.0,0.0,0.0
43146,Pop_00218,Never Saga,Maroon 5,Pop,0.56,1.3967,0.0,0.0,0.0,0.0,0.0
43147,Pop_00219,No Curtain Call,Maroon 5,Pop,0.35,1.7715,0.0,0.0,0.0,0.0,0.0
43148,Pop_00220,Not Coming Home,Maroon 5,Pop,0.6591,1.3977,0.0,0.0,0.0,0.0,0.0
43149,Pop_00221,Pantry Queen,Maroon 5,Pop,0.5217,1.2971,0.0,0.0,0.0,0.0,0.0
43150,Pop_00222,Payphone,Maroon 5,Pop,0.519,1.4975,0.0,0.0,0.0,0.0,0.0
43151,Pop_00223,Ragdoll,Maroon 5,Pop,0.6341,1.5309,0.0,0.0,0.0,0.0,0.0
43152,Pop_00224,Runaway,Maroon 5,Pop,0.5882,1.6324,0.0,0.0,0.0,0.0,0.0
43153,Pop_00225,Sad,Maroon 5,Pop,0.7105,1.4561,0.0,0.0,0.0,0.0,0.0
43154,Pop_00226,Secret,Maroon 5,Pop,0.3784,1.5071,0.0,0.0,0.0,0.0,0.0
43155,Pop_00227,She Will Be Loved,Maroon 5,Pop,0.4762,1.6776,0.0,0.0,0.0,0.0,0.0
43156,Pop_00228,Sleepy Windbreaker,Maroon 5,Pop,0.5263,1.3904,0.0,0.0,0.0,0.0,0.0
43157,Pop_00229,Soap Disco,Maroon 5,Pop,0.6957,1.4,0.0,0.0,0.0,0.0,0.0
43158,Pop_00230,Story,Maroon 5,Pop,0.3556,1.5019,0.0,0.0,0.0,0.0,0.0
43159,Pop_00231,Stutter,Maroon 5,Pop,0.6452,1.6894,0.0,0.0,0.0,0.0,0.0
43160,Pop_00232,Sugar,Maroon 5,Pop,0.7324,1.5387,0.0,0.0,0.0,0.0,0.0
43161,Pop_00233,Sunday Morning,Maroon 5,Pop,0.5455,1.4843,0.0,0.0,0.0,0.0,0.0
43162,Pop_00234,Sweetest Goodbye,Maroon 5,Pop,0.5714,1.6048,0.0,0.0,0.0,0.0,0.0
43163,Pop_00235,Take What You Want,Maroon 5,Pop,0.7241,1.6037,0.0,0.0,0.0,0.0,0.0
43164,Pop_00236,Tangled,Maroon 5,Pop,0.1724,1.4713,0.0,0.0,0.0,0.0,0.0
43165,Pop_00237,That's Not Enough,Maroon 5,Pop,0.5918,1.2144,0.0,0.0,0.0,0.0,0.0
43166,Pop_00238,The Fog,Maroon 5,Pop,0.5294,1.5426,0.0,0.0,0.0,0.0,0.0
43167,Pop_00239,The Great Getaway,Maroon 5,Pop,0.7021,1.4372,0.0,0.0,0.0,0.0,0.0
43168,Pop_00240,The Man Who Never Lied,Maroon 5,Pop,0.525,1.6387,0.0,0.0,0.0,0.0,0.0
43169,Pop_00241,The Sun,Maroon 5,Pop,0.1429,1.6431,0.0,0.0,0.0,0.0,0.0
43170,Pop_00242,This Love,Maroon 5,Pop,0.1154,1.766,0.0,0.0,0.0,0.0,0.0
43171,Pop_00243,Through With You,Maroon 5,Pop,0.0556,1.6569,0.0,0.0,0.0,0.0,0.0
43172,Pop_00244,"To Her, With Love",Maroon 5,Pop,0.2759,1.5224,0.0,0.0,0.0,0.0,0.0
43173,Pop_00245,Until You're Over Me,Maroon 5,Pop,0.4324,1.475,0.0,0.0,0.0,0.0,0.0
43174,Pop_00246,Wasted Years,Maroon 5,Pop,0.4545,1.5373,0.0,0.0,0.0,0.0,0.0
43175,Pop_00247,We'll Be Alright,Maroon 5,Pop,0.8136,1.4887,0.0,0.0,0.0,0.0,0.0
43176,Pop_00248,Wipe Your Eyes,Maroon 5,Pop,0.6042,1.3095,0.0,0.0,0.0,0.0,0.0
43177,Pop_00249,Woman,Maroon 5,Pop,0.3077,1.5118,0.0,0.0,0.0,0.0,0.0
10142,Pop_00250,Bad Dream,Katy Perry,Pop,0.3019,1.3639,0.0,0.0,0.0,0.0,0.0
10143,Pop_00251,Breakout,Katy Perry,Pop,0.7037,1.3342,0.0,0.0,0.0,0.0,0.0
10144,Pop_00252,Broken,Katy Perry,Pop,0.1875,1.5622,0.0,0.0,0.0,0.0,0.0
10145,Pop_00253,Bullet,Katy Perry,Pop,0.475,1.4314,0.0,0.0,0.0,0.0,0.0
10146,Pop_00254,Cheerleader,Katy Perry,Pop,0.8,1.7796,0.0,0.0,0.0,0.0,0.0
10147,Pop_00255,Choose Your Battles,Katy Perry,Pop,0.6545,1.67,0.0,0.0,0.0,0.0,0.0
10148,Pop_00256,Connor And Joe,Katy Perry,Pop,0.7018,1.4643,0.0,0.0,0.0,0.0,0.0
10149,Pop_00257,Forever In Love,Katy Perry,Pop,0.6066,1.4191,0.0,0.0,0.0,0.0,0.0
10150,Pop_00258,Girls Just Wanna Have Some Fun,Katy Perry,Pop,0.3846,1.1722,0.0,0.0,0.0,0.0,0.0
10151,Pop_00259,Hook Up,Katy Perry,Pop,0.5481,1.2775,0.0,0.0,0.0,0.0,0.0
10152,Pop_00260,I Kissed A Girl,Katy Perry,Pop,0.1515,1.6722,0.0,0.0,0.0,0.0,0.0
10153,Pop_00261,In Between,Katy Perry,Pop,0.4571,1.599,0.0,0.0,0.0,0.0,0.0
10154,Pop_00262,It Takes Two,Katy Perry,Pop,0.561,1.5612,0.0,0.0,0.0,0.0,0.0
10155,Pop_00263,Legendary Lovers,Katy Perry,Pop,0.7692,2.0211,0.0,0.0,0.0,0.0,0.0
10156,Pop_00264,Pearl,Katy Perry,Pop,0.4167,1.6198,0.0,0.0,0.0,0.0,0.0
10157,Pop_00265,Simple,Katy Perry,Pop,0.2687,1.6846,0.0,0.0,0.0,0.0,0.0
10158,Pop_00266,Spit,Katy Perry,Pop,0.1778,1.4333,0.0,0.0,0.0,0.0,0.0
10159,Pop_00267,Thinking Of You,Katy Perry,Pop,0.1064,1.5947,0.0,0.0,0.0,0.0,0.0
10160,Pop_00268,This Moment,Katy Perry,Pop,0.52,1.7174,0.0,0.0,0.0,0.0,0.0
10161,Pop_00269,Tommie Sunshine's Megasix Smash Up,Katy Perry,Pop,0.2059,1.5661,0.0,0.0,0.0,0.0,0.0
10163,Pop_00270,Unconditionally,Katy Perry,Pop,0.5,2.1862,0.0,0.0,0.0,0.0,0.0
10164,Pop_00271,Use Your Love,Katy Perry,Pop,0.5349,1.4643,0.0,0.0,0.0,0.0,0.0
10165,Pop_00272,Weigh Me Down,Katy Perry,Pop,0.6,1.5083,0.0,0.0,0.0,0.0,0.0
10166,Pop_00273,When There's Nothing Left,Katy Perry,Pop,0.4583,1.3333,0.0,0.0,0.0,0.0,0.0
10167,Pop_00274,White Christmas,Katy Perry,Pop,0.6923,1.609,0.0,0.0,0.0,0.0,0.0
10168,Pop_00275,Who Am I Living For?,Katy Perry,Pop,0.7333,1.5,0.0,0.0,0.0,0.0,0.0
10169,Pop_00276,Wish You The Worst,Katy Perry,Pop,0.5333,1.5026,0.0,0.0,0.0,0.0,0.0
10170,Pop_00277,Witness,Katy Perry,Pop,0.6842,1.7083,0.0,0.0,0.0,0.0,0.0
39464,Pop_00278,A Cup Of Cofee,Katy Perry,Pop,0.5568,1.6872,0.0,0.0,0.0,0.0,0.0
39465,Pop_00279,Anything I'm Not,Katy Perry,Pop,0.6452,1.7046,0.0,0.0,0.0,0.0,0.0
39466,Pop_00280,Bad Photographs,Katy Perry,Pop,0.2222,1.5825,0.0,0.0,0.0,0.0,0.0
39467,Pop_00281,Black And Gold,Katy Perry,Pop,0.619,1.4421,0.0,0.0,0.0,0.0,0.0
39468,Pop_00282,Box,Katy Perry,Pop,0.4833,1.6992,0.0,0.0,0.0,0.0,0.0
39469,Pop_00283,Brick By Brick,Katy Perry,Pop,0.32,1.3833,0.0,0.0,0.0,0.0,0.0
39470,Pop_00284,By The Grace Of God,Katy Perry,Pop,0.4694,1.4154,0.0,0.0,0.0,0.0,0.0
39471,Pop_00285,California Girls,Katy Perry,Pop,0.5333,1.7957,0.0,0.0,0.0,0.0,0.0
39472,Pop_00286,Crocodile Tears,Katy Perry,Pop,0.7273,1.6068,0.0,0.0,0.0,0.0,0.0
39473,Pop_00287,Damn,Katy Perry,Pop,0.5424,1.2492,0.0,0.0,0.0,0.0,0.0
39474,Pop_00288,Dark Horse,Katy Perry,Pop,0.3529,1.5219,0.0,0.0,0.0,0.0,0.0
39475,Pop_00289,Diamonds,Katy Perry,Pop,0.4082,1.77,0.0,0.0,0.0,0.0,0.0
39476,Pop_00290,Double Rainbow,Katy Perry,Pop,0.5192,1.7247,0.0,0.0,0.0,0.0,0.0
39477,Pop_00291,Dressing Up,Katy Perry,Pop,0.5806,1.5806,0.0,0.0,0.0,0.0,0.0
39478,Pop_00292,Electric Feel,Katy Perry,Pop,0.619,1.5317,0.0,0.0,0.0,0.0,0.0
39479,Pop_00293,E.T.,Katy Perry,Pop,0.5682,2.1418,0.0,0.0,0.0,0.0,0.0
39480,Pop_00294,Every Day Is A Holiday,Katy Perry,Pop,0.7174,2.038,0.0,0.0,0.0,0.0,0.0
39481,Pop_00295,Faith Won't Fail,Katy Perry,Pop,0.2679,1.3818,0.0,0.0,0.0,0.0,0.0
39482,Pop_00296,Fingerprints,Katy Perry,Pop,0.537,1.6493,0.0,0.0,0.0,0.0,0.0
39483,Pop_00297,Firework,Katy Perry,Pop,0.5273,1.49,0.0,0.0,0.0,0.0,0.0
39484,Pop_00298,Hackensack,Katy Perry,Pop,0.4483,1.4667,0.0,0.0,0.0,0.0,0.0
39485,Pop_00299,Hot N Cold,Katy Perry,Pop,0.7067,1.5273,0.0,0.0,0.0,0.0,0.0
39486,Pop_00300,Hummingbird Heartbeat,Katy Perry,Pop,0.5085,1.7905,0.0,0.0,0.0,0.0,0.0
39487,Pop_00301,I Think I'm Ready,Katy Perry,Pop,0.3871,1.7185,0.0,0.0,0.0,0.0,0.0
39488,Pop_00302,If We Ever Meet Again,Katy Perry,Pop,0.1875,1.4175,0.0,0.0,0.0,0.0,0.0
39489,Pop_00303,I'm Still Breathing,Katy Perry,Pop,0.1053,1.5588,0.0,0.0,0.0,0.0,0.0
39490,Pop_00304,It's Okay To Believe,Katy Perry,Pop,0.5273,1.5658,0.0,0.0,0.0,0.0,0.0
39491,Pop_00305,Just A Song,Katy Perry,Pop,0.0968,1.7583,0.0,0.0,0.0,0.0,0.0
39492,Pop_00306,Last Friday Night,Katy Perry,Pop,0.798,1.5352,0.0,0.0,0.0,0.0,0.0
39493,Pop_00307,Let's Get Crazy,Katy Perry,Pop,0.7288,1.5274,0.0,0.0,0.0,0.0,0.0
39494,Pop_00308,Long Shot,Katy Perry,Pop,0.3649,1.7052,0.0,0.0,0.0,0.0,0.0
39495,Pop_00309,Lost,Katy Perry,Pop,0.3571,1.5798,0.0,0.0,0.0,0.0,0.0
39496,Pop_00310,Mannequin,Katy Perry,Pop,0.4186,1.568,0.0,0.0,0.0,0.0,0.0
39499,Pop_00311,Niggas In Paris,Katy Perry,Pop,0.0962,1.4788,0.0,0.0,0.0,0.0,0.0
39500,Pop_00312,Not Like The Movies,Katy Perry,Pop,0.1731,1.4647,0.0,0.0,0.0,0.0,0.0
39501,Pop_00313,Nothing Like The First Time,Katy Perry,Pop,0.4154,1.5667,0.0,0.0,0.0,0.0,0.0
39502,Pop_00314,One Of The Boys,Katy Perry,Pop,0.2759,1.5144,0.0,0.0,0.0,0.0,0.0
39503,Pop_00315,Peacock,Katy Perry,Pop,0.7128,1.538,0.0,0.0,0.0,0.0,0.0
39504,Pop_00316,Playing House,Katy Perry,Pop,0.4167,1.4597,0.0,0.0,0.0,0.0,0.0
39505,Pop_00317,Psycho Love,Katy Perry,Pop,0.5714,1.6658,0.0,0.0,0.0,0.0,0.0
39506,Pop_00318,Roar,Katy Perry,Pop,0.7458,1.319,0.0,0.0,0.0,0.0,0.0
39507,Pop_00319,Rush,Katy Perry,Pop,0.4412,1.2967,0.0,0.0,0.0,0.0,0.0
39508,Pop_00320,Search Me,Katy Perry,Pop,0.1667,1.5417,0.0,0.0,0.0,0.0,0.0
39509,Pop_00321,Self Inflicted,Katy Perry,Pop,0.225,1.5479,0.0,0.0,0.0,0.0,0.0
39510,Pop_00322,Spiritual,Katy Perry,Pop,0.6,1.5967,0.0,0.0,0.0,0.0,0.0
39511,Pop_00323,Takes One To Know One,Katy Perry,Pop,0.5701,1.7571,0.0,0.0,0.0,0.0,0.0
39512,Pop_00324,Teenage Dream,Katy Perry,Pop,0.7297,1.4479,0.0,0.0,0.0,0.0,0.0
39513,Pop_00325,The Better Half Of Me,Katy Perry,Pop,0.2121,1.6468,0.0,0.0,0.0,0.0,0.0
39514,Pop_00326,The Girl Next Door,Katy Perry,Pop,0.4038,1.4455,0.0,0.0,0.0,0.0,0.0
39515,Pop_00327,The One That Got Away,Katy Perry,Pop,0.4062,1.6724,0.0,0.0,0.0,0.0,0.0
39517,Pop_00328,Time's Up,Katy Perry,Pop,0.5075,1.503,0.0,0.0,0.0,0.0,0.0
39518,Pop_00329,Ur So Stupid,Katy Perry,Pop,0.3571,1.485,0.0,0.0,0.0,0.0,0.0
39519,Pop_00330,Waking Up In Vegas,Katy Perry,Pop,0.4737,1.4832,0.0,0.0,0.0,0.0,0.0
39520,Pop_00331,Walking On Air,Katy Perry,Pop,0.8039,1.5531,0.0,0.0,0.0,0.0,0.0
39521,Pop_00332,Wide Awake,Katy Perry,Pop,0.5645,1.5121,0.0,0.0,0.0,0.0,0.0
39522,Pop_00333,Would You Care,Katy Perry,Pop,0.7031,1.7883,0.0,0.0,0.0,0.0,0.0
39523,Pop_00334,You Miss Me,Katy Perry,Pop,0.6809,1.3862,0.0,0.0,0.0,0.0,0.0
10039,Pop_00335,Bank Robber,Justin Timberlake,Pop,0.7959,1.3248,0.0,0.0,0.0,0.0,0.0
10040,Pop_00336,Beach Party,Justin Timberlake,Pop,0.5,1.3688,0.0,0.0,0.0,0.0,0.0
10041,Pop_00337,Follow My Lead,Justin Timberlake,Pop,0.5625,1.5223,0.0,0.0,0.0,0.0,0.0
10042,Pop_00338,Gimme What I Don't Know,Justin Timberlake,Pop,0.8382,1.4607,0.0,0.0,0.0,0.0,0.0
10043,Pop_00339,Gone,Justin Timberlake,Pop,0.0625,1.4737,0.0,0.0,0.0,0.0,0.0
10044,Pop_00340,Good Foot,Justin Timberlake,Pop,0.7241,1.4608,0.0,0.0,0.0,0.0,0.0
10045,Pop_00341,Hallelujah,Justin Timberlake,Pop,0.1364,2.075,0.0,0.0,0.0,0.0,0.0
10046,Pop_00342,I Have A Crush On You,Justin Timberlake,Pop,0.1724,1.3966,0.0,0.0,0.0,0.0,0.0
10047,Pop_00343,I'm Lovin' It,Justin Timberlake,Pop,0.641,1.3145,0.0,0.0,0.0,0.0,0.0
10049,Pop_00344,Leaving On A Jetplane,Justin Timberlake,Pop,0.1622,1.459,0.0,0.0,0.0,0.0,0.0
10050,Pop_00345,Lets Make Love,Justin Timberlake,Pop,0.1364,1.2765,0.0,0.0,0.0,0.0,0.0
10051,Pop_00346,Let's Take A Ride,Justin Timberlake,Pop,0.5195,1.3584,0.0,0.0,0.0,0.0,0.0
10052,Pop_00347,Losing My Way,Justin Timberlake,Pop,0.4098,1.7095,0.0,0.0,0.0,0.0,0.0
10053,Pop_00348,Nothin' Else,Justin Timberlake,Pop,0.3385,1.4445,0.0,0.0,0.0,0.0,0.0
10054,Pop_00349,Pose,Justin Timberlake,Pop,0.5195,1.5305,0.0,0.0,0.0,0.0,0.0
10055,Pop_00350,Sexyback,Justin Timberlake,Pop,0.4889,1.4015,0.0,0.0,0.0,0.0,0.0
10056,Pop_00351,What You Got,Justin Timberlake,Pop,0.5,1.1817,0.0,0.0,0.0,0.0,0.0
39210,Pop_00352,Am I Worthy Of,Justin Timberlake,Pop,0.4746,1.6644,0.0,0.0,0.0,0.0,0.0
39211,Pop_00353,(Another Song) All Over Again,Justin Timberlake,Pop,0.3947,1.4367,0.0,0.0,0.0,0.0,0.0
39212,Pop_00354,Better Not Together,Justin Timberlake,Pop,0.4815,1.5521,0.0,0.0,0.0,0.0,0.0
39213,Pop_00355,Bigger Than The World,Justin Timberlake,Pop,0.383,1.3358,0.0,0.0,0.0,0.0,0.0
39214,Pop_00356,Blindness,Justin Timberlake,Pop,0.587,1.5533,0.0,0.0,0.0,0.0,0.0
39215,Pop_00357,Breath,Justin Timberlake,Pop,0.3529,1.7544,0.0,0.0,0.0,0.0,0.0
39216,Pop_00358,Can't Stop The Feeling!,Justin Timberlake,Pop,0.7442,1.7254,0.0,0.0,0.0,0.0,0.0
39217,Pop_00359,Carry Out,Justin Timberlake,Pop,0.6637,1.3361,0.0,0.0,0.0,0.0,0.0
39218,Pop_00360,Cry Me A River,Justin Timberlake,Pop,0.6444,1.4097,0.0,0.0,0.0,0.0,0.0
39219,Pop_00361,Damn Girl,Justin Timberlake,Pop,0.6923,1.2499,0.0,0.0,0.0,0.0,0.0
39220,Pop_00362,Dead And Gone,Justin Timberlake,Pop,0.3111,1.4334,0.0,0.0,0.0,0.0,0.0
39221,Pop_00363,Don't Hold The Wall,Justin Timberlake,Pop,0.8713,1.4177,0.0,0.0,0.0,0.0,0.0
39222,Pop_00364,Electric Lady,Justin Timberlake,Pop,0.6379,1.5862,0.0,0.0,0.0,0.0,0.0
39223,Pop_00365,Five Hundred Mile,Justin Timberlake,Pop,0.6296,1.5584,0.0,0.0,0.0,0.0,0.0
39224,Pop_00366,Hootnanny,Justin Timberlake,Pop,0.4079,1.6028,0.0,0.0,0.0,0.0,0.0
39225,Pop_00367,Last Night,Justin Timberlake,Pop,0.6768,1.4651,0.0,0.0,0.0,0.0,0.0
39226,Pop_00368,Like I Love You,Justin Timberlake,Pop,0.3333,1.4965,0.0,0.0,0.0,0.0,0.0
39227,Pop_00369,Love Stoned,Justin Timberlake,Pop,0.575,1.3521,0.0,0.0,0.0,0.0,0.0
39228,Pop_00370,Murder,Justin Timberlake,Pop,0.5125,1.6313,0.0,0.0,0.0,0.0,0.0
39229,Pop_00371,My Eyes Adored You,Justin Timberlake,Pop,0.0526,1.5973,0.0,0.0,0.0,0.0,0.0
39230,Pop_00372,My Love,Justin Timberlake,Pop,0.2105,1.4424,0.0,0.0,0.0,0.0,0.0
39231,Pop_00373,Never Again,Justin Timberlake,Pop,0.4773,1.4561,0.0,0.0,0.0,0.0,0.0
39232,Pop_00374,(Oh No) What You Got,Justin Timberlake,Pop,0.7607,1.2178,0.0,0.0,0.0,0.0,0.0
39233,Pop_00375,One Last Cry,Justin Timberlake,Pop,0.4186,1.4631,0.0,0.0,0.0,0.0,0.0
39234,Pop_00376,Only When I Walk Away,Justin Timberlake,Pop,0.7093,1.523,0.0,0.0,0.0,0.0,0.0
39235,Pop_00377,Right For Me,Justin Timberlake,Pop,0.5161,1.3823,0.0,0.0,0.0,0.0,0.0
39236,Pop_00378,Senorita,Justin Timberlake,Pop,0.434,1.3761,0.0,0.0,0.0,0.0,0.0
39237,Pop_00379,Signs,Justin Timberlake,Pop,0.5775,1.4444,0.0,0.0,0.0,0.0,0.0
39238,Pop_00380,Spaceship Coupe,Justin Timberlake,Pop,0.7129,1.3007,0.0,0.0,0.0,0.0,0.0
39239,Pop_00381,Still On My Brain,Justin Timberlake,Pop,0.439,1.2731,0.0,0.0,0.0,0.0,0.0
39240,Pop_00382,Summer Love,Justin Timberlake,Pop,0.1304,1.3108,0.0,0.0,0.0,0.0,0.0
39241,Pop_00383,Take Back The Night,Justin Timberlake,Pop,0.6458,1.3644,0.0,0.0,0.0,0.0,0.0
39242,Pop_00384,Take It From Here,Justin Timberlake,Pop,0.396,1.4245,0.0,0.0,0.0,0.0,0.0
39243,Pop_00385,"Take Me Now,",Justin Timberlake,Pop,0.8355,1.2554,0.0,0.0,0.0,0.0,0.0
39244,Pop_00386,That Girl,Justin Timberlake,Pop,0.4062,1.3463,0.0,0.0,0.0,0.0,0.0
39245,Pop_00387,This I Promise You,Justin Timberlake,Pop,0.4318,1.7568,0.0,0.0,0.0,0.0,0.0
39246,Pop_00388,True Blood,Justin Timberlake,Pop,0.6364,1.4319,0.0,0.0,0.0,0.0,0.0
39247,Pop_00389,Until The End Of Time,Justin Timberlake,Pop,0.5238,1.3425,0.0,0.0,0.0,0.0,0.0
39248,Pop_00390,Where Is The Love (with Black Eyed Peas),Justin Timberlake,Pop,0.0811,1.7237,0.0,0.0,0.0,0.0,0.0
39249,Pop_00391,Why When How,Justin Timberlake,Pop,0.3269,1.4966,0.0,0.0,0.0,0.0,0.0
39250,Pop_00392,Work It,Justin Timberlake,Pop,0.442,1.303,0.0,0.0,0.0,0.0,0.0
39251,Pop_00393,You Taught Me To...,Justin Timberlake,Pop,0.5957,1.5503,0.0,0.0,0.0,0.0,0.0
1951,Pop_00394,3,Britney Spears,Pop,0.75,1.5951,0.0,0.0,0.0,0.0,0.0
1952,Pop_00395,Am I A Sinner,Britney Spears,Pop,0.6071,1.578,0.0,0.0,0.0,0.0,0.0
1953,Pop_00396,Anticipating,Britney Spears,Pop,0.1389,1.5287,0.0,0.0,0.0,0.0,0.0
1954,Pop_00397,Autumn Goodbye,Britney Spears,Pop,0.3103,1.8113,0.0,0.0,0.0,0.0,0.0
1955,Pop_00398,Better,Britney Spears,Pop,0.5455,1.5404,0.0,0.0,0.0,0.0,0.0
1956,Pop_00399,Brave New Girl,Britney Spears,Pop,0.6061,1.3823,0.0,0.0,0.0,0.0,0.0
1957,Pop_00400,Break The Ice,Britney Spears,Pop,0.7342,1.2853,0.0,0.0,0.0,0.0,0.0
1958,Pop_00401,Burning Up,Britney Spears,Pop,0.54,1.5014,0.0,0.0,0.0,0.0,0.0
1959,Pop_00402,Connected,Britney Spears,Pop,0.7333,1.675,0.0,0.0,0.0,0.0,0.0
1960,Pop_00403,Conscious,Britney Spears,Pop,0.641,1.7256,0.0,0.0,0.0,0.0,0.0
1961,Pop_00404,E-Mail My Heart,Britney Spears,Pop,0.1389,1.7153,0.0,0.0,0.0,0.0,0.0
1962,Pop_00405,Everybody,Britney Spears,Pop,0.5843,2.4914,0.0,0.0,0.0,0.0,0.0
1963,Pop_00406,Freakshow,Britney Spears,Pop,0.678,1.3155,0.0,0.0,0.0,0.0,0.0
1964,Pop_00407,Gasoline,Britney Spears,Pop,0.7826,1.357,0.0,0.0,0.0,0.0,0.0
1965,Pop_00408,Guilty,Britney Spears,Pop,0.3158,1.5745,0.0,0.0,0.0,0.0,0.0
1966,Pop_00409,Hold It Against Me,Britney Spears,Pop,0.4667,1.4292,0.0,0.0,0.0,0.0,0.0
1967,Pop_00410,Hold On Tight,Britney Spears,Pop,0.6977,1.5314,0.0,0.0,0.0,0.0,0.0
1968,Pop_00411,Hooked On,Britney Spears,Pop,0.4205,1.5014,0.0,0.0,0.0,0.0,0.0
1969,Pop_00412,Hot As Ice,Britney Spears,Pop,0.5244,1.3659,0.0,0.0,0.0,0.0,0.0
1970,Pop_00413,How,Britney Spears,Pop,0.1667,1.3787,0.0,0.0,0.0,0.0,0.0
1971,Pop_00414,How I Roll,Britney Spears,Pop,0.7,1.3462,0.0,0.0,0.0,0.0,0.0
1972,Pop_00415,I Got You Babe,Britney Spears,Pop,0.1071,1.2411,0.0,0.0,0.0,0.0,0.0
1973,Pop_00416,I Run Away,Britney Spears,Pop,0.5588,1.6936,0.0,0.0,0.0,0.0,0.0
1974,Pop_00417,I Wanna Go,Britney Spears,Pop,0.3793,2.0057,0.0,0.0,0.0,0.0,0.0
1975,Pop_00418,Intimidated,Britney Spears,Pop,0.2632,1.5373,0.0,0.0,0.0,0.0,0.0
1976,Pop_00419,Leave Me Alone (Bonus Track),Britney Spears,Pop,0.3333,1.7105,0.0,0.0,0.0,0.0,0.0
1977,Pop_00420,Liar,Britney Spears,Pop,0.7625,1.8158,0.0,0.0,0.0,0.0,0.0
1978,Pop_00421,Lonely,Britney Spears,Pop,0.2,1.4298,0.0,0.0,0.0,0.0,0.0
1979,Pop_00422,Look Who's Talking,Britney Spears,Pop,0.48,1.4017,0.0,0.0,0.0,0.0,0.0
1980,Pop_00423,Love 2 Love U,Britney Spears,Pop,0.7237,1.192,0.0,0.0,0.0,0.0,0.0
1981,Pop_00424,Love Is War,Britney Spears,Pop,0.2432,1.2929,0.0,0.0,0.0,0.0,0.0
1982,Pop_00425,Love Me Down,Britney Spears,Pop,0.7143,3.0056,0.0,0.0,0.0,0.0,0.0
1983,Pop_00426,Love To Hate You,Britney Spears,Pop,0.6512,1.355,0.0,0.0,0.0,0.0,0.0
1984,Pop_00427,Lucky,Britney Spears,Pop,0.0769,1.5814,0.0,0.0,0.0,0.0,0.0
1985,Pop_00428,Luv The Hurt Away,Britney Spears,Pop,0.2281,1.4094,0.0,0.0,0.0,0.0,0.0
1986,Pop_00429,Mad Love,Britney Spears,Pop,0.5357,1.471,0.0,0.0,0.0,0.0,0.0
1987,Pop_00430,Make My Boobies (One More Size),Britney Spears,Pop,0.4474,1.5667,0.0,0.0,0.0,0.0,0.0
1988,Pop_00431,Mannequin,Britney Spears,Pop,0.7123,1.3444,0.0,0.0,0.0,0.0,0.0
1989,Pop_00432,Me And You,Britney Spears,Pop,0.0889,1.498,0.0,0.0,0.0,0.0,0.0
1990,Pop_00433,Mega Mix,Britney Spears,Pop,0.08,1.3881,0.0,0.0,0.0,0.0,0.0
1991,Pop_00434,Mmm Papi,Britney Spears,Pop,0.3409,1.4398,0.0,0.0,0.0,0.0,0.0
1992,Pop_00435,One Kiss From You,Britney Spears,Pop,0.3514,1.3685,0.0,0.0,0.0,0.0,0.0
1993,Pop_00436,Ooh La La,Britney Spears,Pop,0.7609,1.2182,0.0,0.0,0.0,0.0,0.0
1994,Pop_00437,Original Doll,Britney Spears,Pop,0.0606,1.4474,0.0,0.0,0.0,0.0,0.0
1995,Pop_00438,Perfect Lover,Britney Spears,Pop,0.76,1.492,0.0,0.0,0.0,0.0,0.0
1996,Pop_00439,Perfume,Britney Spears,Pop,0.6735,1.548,0.0,0.0,0.0,0.0,0.0
1997,Pop_00440,Piece Of Me,Britney Spears,Pop,0.6364,1.5676,0.0,0.0,0.0,0.0,0.0
1998,Pop_00441,Prince Charming,Britney Spears,Pop,0.5972,1.4139,0.0,0.0,0.0,0.0,0.0
1999,Pop_00442,Queen,Britney Spears,Pop,0.5641,1.788,0.0,0.0,0.0,0.0,0.0
2000,Pop_00443,Rebellion,Britney Spears,Pop,0.5116,1.8552,0.0,0.0,0.0,0.0,0.0
2001,Pop_00444,Rock Me In,Britney Spears,Pop,0.5417,1.2865,0.0,0.0,0.0,0.0,0.0
26410,Pop_00445,Abroad,Britney Spears,Pop,0.431,1.4848,0.0,0.0,0.0,0.0,0.0
26411,Pop_00446,Alien,Britney Spears,Pop,0.6667,2.1899,0.0,0.0,0.0,0.0,0.0
26412,Pop_00447,Alive,Britney Spears,Pop,0.3281,1.4596,0.0,0.0,0.0,0.0,0.0
26413,Pop_00448,All I Need To Give To You,Britney Spears,Pop,0.4828,1.5594,0.0,0.0,0.0,0.0,0.0
26414,Pop_00449,Amnesia,Britney Spears,Pop,0.4684,1.5419,0.0,0.0,0.0,0.0,0.0
26415,Pop_00450,And Then We Kiss,Britney Spears,Pop,0.5556,1.4425,0.0,0.0,0.0,0.0,0.0
26417,Pop_00451,Baby One More Time,Britney Spears,Pop,0.5897,1.5748,0.0,0.0,0.0,0.0,0.0
26418,Pop_00452,Before The Goodbye,Britney Spears,Pop,0.6136,1.5576,0.0,0.0,0.0,0.0,0.0
26419,Pop_00453,Bella Notte,Britney Spears,Pop,0.1429,1.5845,0.0,0.0,0.0,0.0,0.0
26420,Pop_00454,Bimbo,Britney Spears,Pop,0.2,1.5189,0.0,0.0,0.0,0.0,0.0
26421,Pop_00455,Black Widow,Britney Spears,Pop,0.75,1.3641,0.0,0.0,0.0,0.0,0.0
26422,Pop_00456,Blur,Britney Spears,Pop,0.5385,1.4106,0.0,0.0,0.0,0.0,0.0
26423,Pop_00457,Body Ache,Britney Spears,Pop,0.7541,1.3087,0.0,0.0,0.0,0.0,0.0
26424,Pop_00458,Bombastic Love,Britney Spears,Pop,0.1935,1.6772,0.0,0.0,0.0,0.0,0.0
26425,Pop_00459,Born To Make You Happy,Britney Spears,Pop,0.6471,1.4667,0.0,0.0,0.0,0.0,0.0
26426,Pop_00460,Boys,Britney Spears,Pop,0.3038,1.3113,0.0,0.0,0.0,0.0,0.0
26427,Pop_00461,Breathe On Me,Britney Spears,Pop,0.2222,1.6516,0.0,0.0,0.0,0.0,0.0
26428,Pop_00462,Can't Get A Reduction,Britney Spears,Pop,0.2258,1.3629,0.0,0.0,0.0,0.0,0.0
26429,Pop_00463,Can't Help Falling In Love,Britney Spears,Pop,0.6957,1.2768,0.0,0.0,0.0,0.0,0.0
26430,Pop_00464,Can't Make You Love Me,Britney Spears,Pop,0.3235,1.6093,0.0,0.0,0.0,0.0,0.0
26431,Pop_00465,Chillin' With You,Britney Spears,Pop,0.873,1.3984,0.0,0.0,0.0,0.0,0.0
26432,Pop_00466,Cinderella,Britney Spears,Pop,0.5435,1.5931,0.0,0.0,0.0,0.0,0.0
26433,Pop_00467,Circus,Britney Spears,Pop,0.4524,1.4878,0.0,0.0,0.0,0.0,0.0
26434,Pop_00468,Crazy,Britney Spears,Pop,0.675,1.5842,0.0,0.0,0.0,0.0,0.0
26435,Pop_00469,Creep,Britney Spears,Pop,0.2143,1.4137,0.0,0.0,0.0,0.0,0.0
26436,Pop_00470,Criminal,Britney Spears,Pop,0.3947,1.5167,0.0,0.0,0.0,0.0,0.0
26437,Pop_00471,Dear Diary,Britney Spears,Pop,0.2143,1.5458,0.0,0.0,0.0,0.0,0.0
26438,Pop_00472,Deep In My Heart,Britney Spears,Pop,0.38,1.4762,0.0,0.0,0.0,0.0,0.0
26439,Pop_00473,Do Something,Britney Spears,Pop,0.1364,1.5,0.0,0.0,0.0,0.0,0.0
26440,Pop_00474,Do You Love Me?,Britney Spears,Pop,0.3529,1.7132,0.0,0.0,0.0,0.0,0.0
26441,Pop_00475,Don't Cry,Britney Spears,Pop,0.6667,1.2677,0.0,0.0,0.0,0.0,0.0
26442,Pop_00476,Don't Go Knocking On My Door,Britney Spears,Pop,0.3902,1.4704,0.0,0.0,0.0,0.0,0.0
26443,Pop_00477,Don't Hold It Against Me,Britney Spears,Pop,0.7333,1.3611,0.0,0.0,0.0,0.0,0.0
26444,Pop_00478,Don't Keep Me Waiting,Britney Spears,Pop,0.6757,1.4785,0.0,0.0,0.0,0.0,0.0
26445,Pop_00479,Don't Let Me Be The Last To Know,Britney Spears,Pop,0.3235,1.2843,0.0,0.0,0.0,0.0,0.0
26446,Pop_00480,Dramatic,Britney Spears,Pop,0.3833,1.6629,0.0,0.0,0.0,0.0,0.0
26447,Pop_00481,Drop Dead Beautiful,Britney Spears,Pop,0.7241,1.6111,0.0,0.0,0.0,0.0,0.0
26448,Pop_00482,Especially For,Britney Spears,Pop,0.1111,1.4352,0.0,0.0,0.0,0.0,0.0
26449,Pop_00483,Everytime,Britney Spears,Pop,0.4737,1.5477,0.0,0.0,0.0,0.0,0.0
26450,Pop_00484,For My Sister,Britney Spears,Pop,0.2,1.6737,0.0,0.0,0.0,0.0,0.0
26452,Pop_00485,From The Bottom Of My Broken Heart,Britney Spears,Pop,0.5962,1.3877,0.0,0.0,0.0,0.0,0.0
26453,Pop_00486,Get Back,Britney Spears,Pop,0.5872,1.4769,0.0,0.0,0.0,0.0,0.0
26454,Pop_00487,Get It,Britney Spears,Pop,0.5333,1.0767,0.0,0.0,0.0,0.0,0.0
26455,Pop_00488,Gimme More,Britney Spears,Pop,0.6136,1.2534,0.0,0.0,0.0,0.0,0.0
26456,Pop_00489,Girl In The Mirror,Britney Spears,Pop,0.5283,1.6003,0.0,0.0,0.0,0.0,0.0
26457,Pop_00490,Give Me Love,Britney Spears,Pop,0.2857,1.3407,0.0,0.0,0.0,0.0,0.0
26458,Pop_00491,Good Luck,Britney Spears,Pop,0.5652,1.5551,0.0,0.0,0.0,0.0,0.0
26459,Pop_00492,Hang Up,Britney Spears,Pop,0.2308,1.5083,0.0,0.0,0.0,0.0,0.0
26460,Pop_00493,Hard To Forget Ya,Britney Spears,Pop,0.7619,1.6123,0.0,0.0,0.0,0.0,0.0
26461,Pop_00494,Have A Nice Day,Britney Spears,Pop,0.6667,1.2091,0.0,0.0,0.0,0.0,0.0
26462,Pop_00495,He About To Lose Me,Britney Spears,Pop,0.7368,1.2734,0.0,0.0,0.0,0.0,0.0
26463,Pop_00496,Heart,Britney Spears,Pop,0.4259,1.2897,0.0,0.0,0.0,0.0,0.0
26464,Pop_00497,Heaven On Earth,Britney Spears,Pop,0.699,1.4301,0.0,0.0,0.0,0.0,0.0
26465,Pop_00498,Hey Madonna,Britney Spears,Pop,0.1852,1.4818,0.0,0.0,0.0,0.0,0.0
26466,Pop_00499,I Love Rock 'n' Roll,Britney Spears,Pop,0.7589,1.4591,0.0,0.0,0.0,0.0,0.0
26467,Pop_00500,I Will Be There,Britney Spears,Pop,0.2927,1.4381,0.0,0.0,0.0,0.0,0.0
26468,Pop_00501,I Will Still Love You,Britney Spears,Pop,0.2,1.4819,0.0,0.0,0.0,0.0,0.0
26469,Pop_00502,If U Seek Amy,Britney Spears,Pop,0.7436,1.2386,0.0,0.0,0.0,0.0,0.0
26470,Pop_00503,I'll Remember You,Britney Spears,Pop,0.9429,1.7524,0.0,0.0,0.0,0.0,0.0
26471,Pop_00504,I'm A Slave 4 U,Britney Spears,Pop,0.4915,1.2822,0.0,0.0,0.0,0.0,0.0
26472,Pop_00505,"I'm Not A Girl, Not Yet",Britney Spears,Pop,0.5116,1.2434,0.0,0.0,0.0,0.0,0.0
26473,Pop_00506,"I'm Not A Girl, Not Yet A Woman",Britney Spears,Pop,0.4222,1.2344,0.0,0.0,0.0,0.0,0.0
26474,Pop_00507,I'm Shinin',Britney Spears,Pop,0.0882,1.4044,0.0,0.0,0.0,0.0,0.0
26475,Pop_00508,I'm So Curious,Britney Spears,Pop,0.6562,1.356,0.0,0.0,0.0,0.0,0.0
26476,Pop_00509,I'm Tired,Britney Spears,Pop,0.2564,1.5599,0.0,0.0,0.0,0.0,0.0
26478,Pop_00510,Infectious,Britney Spears,Pop,0.1739,1.6812,0.0,0.0,0.0,0.0,0.0
26479,Pop_00511,Inside Out,Britney Spears,Pop,0.8182,1.5905,0.0,0.0,0.0,0.0,0.0
26481,Pop_00512,It Should Be Easy,Britney Spears,Pop,0.4528,1.4223,0.0,0.0,0.0,0.0,0.0
26482,Pop_00513,I've Got The Urge,Britney Spears,Pop,0.5,1.8952,0.0,0.0,0.0,0.0,0.0
26483,Pop_00514,Just Like Me,Britney Spears,Pop,0.6122,1.6352,0.0,0.0,0.0,0.0,0.0
26484,Pop_00515,Kill The Lights,Britney Spears,Pop,0.4583,1.5236,0.0,0.0,0.0,0.0,0.0
26485,Pop_00516,Lace And Leather,Britney Spears,Pop,0.2857,1.5625,0.0,0.0,0.0,0.0,0.0
26486,Pop_00517,Let Me Be,Britney Spears,Pop,0.1875,1.4633,0.0,0.0,0.0,0.0,0.0
26487,Pop_00518,Little Me,Britney Spears,Pop,0.8889,1.7333,0.0,0.0,0.0,0.0,0.0
26488,Pop_00519,Mona Lisa,Britney Spears,Pop,0.6522,1.823,0.0,0.0,0.0,0.0,0.0
26489,Pop_00520,Mood Ring,Britney Spears,Pop,0.5082,1.5669,0.0,0.0,0.0,0.0,0.0
26490,Pop_00521,Mornin',Britney Spears,Pop,0.622,1.4146,0.0,0.0,0.0,0.0,0.0
26492,Pop_00522,My Only Wish,Britney Spears,Pop,0.4355,1.4199,0.0,0.0,0.0,0.0,0.0
26493,Pop_00523,My Prerogative,Britney Spears,Pop,0.5833,1.8032,0.0,0.0,0.0,0.0,0.0
26494,Pop_00524,My Song,Britney Spears,Pop,0.4194,1.6108,0.0,0.0,0.0,0.0,0.0
26495,Pop_00525,Mystic Man,Britney Spears,Pop,0.125,1.3062,0.0,0.0,0.0,0.0,0.0
26496,Pop_00526,Need You Next To Me,Britney Spears,Pop,0.325,1.5408,0.0,0.0,0.0,0.0,0.0
26497,Pop_00527,Now That I Found You,Britney Spears,Pop,0.8113,1.4399,0.0,0.0,0.0,0.0,0.0
26498,Pop_00528,Now Until Forever,Britney Spears,Pop,0.5946,1.6788,0.0,0.0,0.0,0.0,0.0
26499,Pop_00529,Ooh Ooh Baby,Britney Spears,Pop,0.7882,1.6041,0.0,0.0,0.0,0.0,0.0
26500,Pop_00530,Oops!... I Did It Again,Britney Spears,Pop,0.2821,1.5291,0.0,0.0,0.0,0.0,0.0
26502,Pop_00531,Out From Under,Britney Spears,Pop,0.1622,1.5314,0.0,0.0,0.0,0.0,0.0
26503,Pop_00532,Outrageous,Britney Spears,Pop,0.2917,1.6813,0.0,0.0,0.0,0.0,0.0
26504,Pop_00533,Outta This World,Britney Spears,Pop,0.7308,1.3385,0.0,0.0,0.0,0.0,0.0
26505,Pop_00534,Over To You Now,Britney Spears,Pop,0.5574,1.495,0.0,0.0,0.0,0.0,0.0
26506,Pop_00535,Overprotected,Britney Spears,Pop,0.6164,1.5222,0.0,0.0,0.0,0.0,0.0
26507,Pop_00536,Passenger,Britney Spears,Pop,0.6429,1.4146,0.0,0.0,0.0,0.0,0.0
26508,Pop_00537,Pepsi World Cup,Britney Spears,Pop,0.16,1.4444,0.0,0.0,0.0,0.0,0.0
26509,Pop_00538,Piece Of My Heart,Britney Spears,Pop,0.2963,1.2191,0.0,0.0,0.0,0.0,0.0
26510,Pop_00539,Pleasure You,Britney Spears,Pop,0.6753,1.841,0.0,0.0,0.0,0.0,0.0
26511,Pop_00540,Privacy,Britney Spears,Pop,0.1429,1.5882,0.0,0.0,0.0,0.0,0.0
26512,Pop_00541,Quicksand,Britney Spears,Pop,0.3889,1.4795,0.0,0.0,0.0,0.0,0.0
26513,Pop_00542,Radar,Britney Spears,Pop,0.8043,1.6438,0.0,0.0,0.0,0.0,0.0
26514,Pop_00543,Right Now,Britney Spears,Pop,0.5625,1.4253,0.0,0.0,0.0,0.0,0.0
26515,Pop_00544,Rock Boy,Britney Spears,Pop,0.4222,1.4461,0.0,0.0,0.0,0.0,0.0
26516,Pop_00545,Rock Star,Britney Spears,Pop,0.4,1.3527,0.0,0.0,0.0,0.0,0.0
11094,Pop_00546,A-YO,Lady Gaga,Pop,0.6556,1.4722,0.0,0.0,0.0,0.0,0.0
11095,Pop_00547,Alejandro,Lady Gaga,Pop,0.7021,2.2961,0.0,0.0,0.0,0.0,0.0
11096,Pop_00548,Alienated,Lady Gaga,Pop,0.6667,1.664,0.0,0.0,0.0,0.0,0.0
11097,Pop_00549,Another Time,Lady Gaga,Pop,0.7,1.4635,0.0,0.0,0.0,0.0,0.0
11098,Pop_00550,Applause,Lady Gaga,Pop,0.7059,1.5209,0.0,0.0,0.0,0.0,0.0
11099,Pop_00551,Artpop,Lady Gaga,Pop,0.5952,1.6635,0.0,0.0,0.0,0.0,0.0
11100,Pop_00552,"Beautiful, Dirty, Rich",Lady Gaga,Pop,0.4375,1.6333,0.0,0.0,0.0,0.0,0.0
11101,Pop_00553,"Bewitched, Bothered And Bewildered",Lady Gaga,Pop,0.2,1.7022,0.0,0.0,0.0,0.0,0.0
11102,Pop_00554,Bloody Mary,Lady Gaga,Pop,0.6875,1.4203,0.0,0.0,0.0,0.0,0.0
11103,Pop_00555,Dope,Lady Gaga,Pop,0.4634,1.3359,0.0,0.0,0.0,0.0,0.0
11104,Pop_00556,Fashion of His Love,Lady Gaga,Pop,0.2195,1.4947,0.0,0.0,0.0,0.0,0.0
11105,Pop_00557,"Fooled Me Again, Honest Eyes",Lady Gaga,Pop,0.3971,1.6005,0.0,0.0,0.0,0.0,0.0
11106,Pop_00558,Footsteps In The Snow,Lady Gaga,Pop,0.3684,1.511,0.0,0.0,0.0,0.0,0.0
11107,Pop_00559,Freezerburn,Lady Gaga,Pop,0.5714,1.4882,0.0,0.0,0.0,0.0,0.0
11108,Pop_00560,Future Love,Lady Gaga,Pop,0.3846,1.657,0.0,0.0,0.0,0.0,0.0
11109,Pop_00561,Here We Go Again,Lady Gaga,Pop,0.7647,1.3739,0.0,0.0,0.0,0.0,0.0
11110,Pop_00562,Highway Unicorn,Lady Gaga,Pop,0.75,1.2096,0.0,0.0,0.0,0.0,0.0
11111,Pop_00563,Hooker On A Church Corner,Lady Gaga,Pop,0.7222,1.4789,0.0,0.0,0.0,0.0,0.0
11112,Pop_00564,I Can't Give You Anything But Love,Lady Gaga,Pop,0.1,1.5702,0.0,0.0,0.0,0.0,0.0
11113,Pop_00565,I Hear Them,Lady Gaga,Pop,0.6494,1.3345,0.0,0.0,0.0,0.0,0.0
11114,Pop_00566,I Like It Rough,Lady Gaga,Pop,0.8065,1.2836,0.0,0.0,0.0,0.0,0.0
11115,Pop_00567,I Want Your Love,Lady Gaga,Pop,0.6667,1.2292,0.0,0.0,0.0,0.0,0.0
11116,Pop_00568,Ink,Lady Gaga,Pop,0.4737,1.5491,0.0,0.0,0.0,0.0,0.0
11117,Pop_00569,Judas,Lady Gaga,Pop,0.56,1.5953,0.0,0.0,0.0,0.0,0.0
11118,Pop_00570,Just Dance,Lady Gaga,Pop,0.4561,1.6958,0.0,0.0,0.0,0.0,0.0
11119,Pop_00571,Kandy Life,Lady Gaga,Pop,0.5556,1.555,0.0,0.0,0.0,0.0,0.0
11120,Pop_00572,Love Mail,Lady Gaga,Pop,0.5111,1.3967,0.0,0.0,0.0,0.0,0.0
11121,Pop_00573,Mega Mix,Lady Gaga,Pop,0.6667,1.6723,0.0,0.0,0.0,0.0,0.0
11122,Pop_00574,New York,Lady Gaga,Pop,0.2973,1.427,0.0,0.0,0.0,0.0,0.0
11123,Pop_00575,No Floods,Lady Gaga,Pop,0.4906,1.5395,0.0,0.0,0.0,0.0,0.0
11124,Pop_00576,Nothing On,Lady Gaga,Pop,0.5641,1.6299,0.0,0.0,0.0,0.0,0.0
11125,Pop_00577,Optimist,Lady Gaga,Pop,0.678,1.9194,0.0,0.0,0.0,0.0,0.0
11126,Pop_00578,Out Of Control,Lady Gaga,Pop,0.5429,1.6195,0.0,0.0,0.0,0.0,0.0
11127,Pop_00579,Poker Face,Lady Gaga,Pop,0.6607,1.3062,0.0,0.0,0.0,0.0,0.0
11128,Pop_00580,Reloaded,Lady Gaga,Pop,0.625,1.8648,0.0,0.0,0.0,0.0,0.0
11129,Pop_00581,Retro Physical,Lady Gaga,Pop,0.987,1.5502,0.0,0.0,0.0,0.0,0.0
11130,Pop_00582,Rock Show,Lady Gaga,Pop,0.3673,1.5939,0.0,0.0,0.0,0.0,0.0
11131,Pop_00583,Second Time Around,Lady Gaga,Pop,0.6742,1.8197,0.0,0.0,0.0,0.0,0.0
11132,Pop_00584,Shake Your Kitty,Lady Gaga,Pop,0.6571,1.5607,0.0,0.0,0.0,0.0,0.0
11133,Pop_00585,Silly Boy,Lady Gaga,Pop,0.7368,1.3968,0.0,0.0,0.0,0.0,0.0
11134,Pop_00586,Someone Save Me Tonight,Lady Gaga,Pop,0.125,1.3771,0.0,0.0,0.0,0.0,0.0
11135,Pop_00587,Starstruck,Lady Gaga,Pop,0.6707,1.6246,0.0,0.0,0.0,0.0,0.0
11136,Pop_00588,Stuck On Fuckin' You,Lady Gaga,Pop,0.2727,1.3876,0.0,0.0,0.0,0.0,0.0
11137,Pop_00589,Summer Boy,Lady Gaga,Pop,0.4717,1.5401,0.0,0.0,0.0,0.0,0.0
11138,Pop_00590,The Cat,Lady Gaga,Pop,0.2,1.5813,0.0,0.0,0.0,0.0,0.0
11139,Pop_00591,The Fame,Lady Gaga,Pop,0.551,1.5266,0.0,0.0,0.0,0.0,0.0
11140,Pop_00592,The Queen,Lady Gaga,Pop,0.5667,1.5103,0.0,0.0,0.0,0.0,0.0
11141,Pop_00593,Unicorn,Lady Gaga,Pop,0.625,1.4896,0.0,0.0,0.0,0.0,0.0
11142,Pop_00594,Wish You Were Here,Lady Gaga,Pop,0.5556,1.1403,0.0,0.0,0.0,0.0,0.0
11143,Pop_00595,Wonderful,Lady Gaga,Pop,0.5333,1.9741,0.0,0.0,0.0,0.0,0.0
41065,Pop_00596,Again Again,Lady Gaga,Pop,0.3429,1.4453,0.0,0.0,0.0,0.0,0.0
41066,Pop_00597,Angel Down,Lady Gaga,Pop,0.7627,1.6541,0.0,0.0,0.0,0.0,0.0
41067,Pop_00598,Aura,Lady Gaga,Pop,0.5882,1.5469,0.0,0.0,0.0,0.0,0.0
41068,Pop_00599,Bad Kids,Lady Gaga,Pop,0.5942,1.427,0.0,0.0,0.0,0.0,0.0
41069,Pop_00600,Bad Romance,Lady Gaga,Pop,0.7692,2.0346,0.0,0.0,0.0,0.0,0.0
41070,Pop_00601,Black Jesus Amen Fashion,Lady Gaga,Pop,0.7241,1.7142,0.0,0.0,0.0,0.0,0.0
41071,Pop_00602,Born This Way,Lady Gaga,Pop,0.5843,1.4212,0.0,0.0,0.0,0.0,0.0
41072,Pop_00603,Boys Boys Boys,Lady Gaga,Pop,0.1622,1.3946,0.0,0.0,0.0,0.0,0.0
41073,Pop_00604,Brooklyn Night,Lady Gaga,Pop,0.3226,1.429,0.0,0.0,0.0,0.0,0.0
41074,Pop_00605,Brown Eyes,Lady Gaga,Pop,0.381,1.6687,0.0,0.0,0.0,0.0,0.0
41075,Pop_00606,Captivated,Lady Gaga,Pop,0.1176,1.6074,0.0,0.0,0.0,0.0,0.0
41076,Pop_00607,Changing Skies,Lady Gaga,Pop,0.7818,1.5417,0.0,0.0,0.0,0.0,0.0
41077,Pop_00608,Chillin,Lady Gaga,Pop,0.4605,1.4388,0.0,0.0,0.0,0.0,0.0
41078,Pop_00609,Christmas Tree,Lady Gaga,Pop,0.7442,1.6198,0.0,0.0,0.0,0.0,0.0
41079,Pop_00610,Dance In The Dark,Lady Gaga,Pop,0.3556,1.4838,0.0,0.0,0.0,0.0,0.0
41080,Pop_00611,Dancin' In Circles,Lady Gaga,Pop,0.7108,1.6102,0.0,0.0,0.0,0.0,0.0
41081,Pop_00612,Diamond Heart,Lady Gaga,Pop,0.697,1.6431,0.0,0.0,0.0,0.0,0.0
41082,Pop_00613,Disco Death,Lady Gaga,Pop,0.35,1.4656,0.0,0.0,0.0,0.0,0.0
41083,Pop_00614,Disco Heaven,Lady Gaga,Pop,0.7101,1.6664,0.0,0.0,0.0,0.0,0.0
41084,Pop_00615,Donatella,Lady Gaga,Pop,0.6774,1.8351,0.0,0.0,0.0,0.0,0.0
41085,Pop_00616,Don't Give Up,Lady Gaga,Pop,0.2542,1.404,0.0,0.0,0.0,0.0,0.0
41086,Pop_00617,Earthquake,Lady Gaga,Pop,0.8846,1.5779,0.0,0.0,0.0,0.0,0.0
41087,Pop_00618,Edge Of Glory,Lady Gaga,Pop,0.7442,1.5957,0.0,0.0,0.0,0.0,0.0
41088,Pop_00619,Eh Eh (Nothing Else I Can Say),Lady Gaga,Pop,0.6579,1.5049,0.0,0.0,0.0,0.0,0.0
41089,Pop_00620,Electric Chapel,Lady Gaga,Pop,0.6,1.447,0.0,0.0,0.0,0.0,0.0
41090,Pop_00621,Electric Kiss,Lady Gaga,Pop,0.6286,1.8671,0.0,0.0,0.0,0.0,0.0
41091,Pop_00622,Fairy,Lady Gaga,Pop,0.6941,1.9222,0.0,0.0,0.0,0.0,0.0
41092,Pop_00623,Filthy Pop,Lady Gaga,Pop,0.625,1.4128,0.0,0.0,0.0,0.0,0.0
41093,Pop_00624,Government Hooker,Lady Gaga,Pop,0.75,1.5356,0.0,0.0,0.0,0.0,0.0
41094,Pop_00625,Greatest,Lady Gaga,Pop,0.913,1.3891,0.0,0.0,0.0,0.0,0.0
41095,Pop_00626,Gypsy,Lady Gaga,Pop,0.3284,1.6642,0.0,0.0,0.0,0.0,0.0
41096,Pop_00627,Hair,Lady Gaga,Pop,0.6296,1.311,0.0,0.0,0.0,0.0,0.0
41097,Pop_00628,Heavy Metal Lover,Lady Gaga,Pop,0.5,1.3464,0.0,0.0,0.0,0.0,0.0
41098,Pop_00629,"Hello, hello",Lady Gaga,Pop,0.7179,1.8792,0.0,0.0,0.0,0.0,0.0
41099,Pop_00630,Hollywood,Lady Gaga,Pop,0.4773,1.8856,0.0,0.0,0.0,0.0,0.0
41100,Pop_00631,Im On The Edge Of Glory,Lady Gaga,Pop,0.25,1.5156,0.0,0.0,0.0,0.0,0.0
41101,Pop_00632,It Don't Mean A Thing,Lady Gaga,Pop,0.6,1.3421,0.0,0.0,0.0,0.0,0.0
41102,Pop_00633,Joanne,Lady Gaga,Pop,0.54,1.4173,0.0,0.0,0.0,0.0,0.0
41103,Pop_00634,John Wayne,Lady Gaga,Pop,0.4844,1.4422,0.0,0.0,0.0,0.0,0.0
41104,Pop_00635,Kaboom,Lady Gaga,Pop,0.7033,1.4576,0.0,0.0,0.0,0.0,0.0
41105,Pop_00636,Leather Jacket,Lady Gaga,Pop,0.1538,1.6564,0.0,0.0,0.0,0.0,0.0
41106,Pop_00637,Let Love Down,Lady Gaga,Pop,0.7143,1.2895,0.0,0.0,0.0,0.0,0.0
41107,Pop_00638,Living On The Radio,Lady Gaga,Pop,0.2069,1.508,0.0,0.0,0.0,0.0,0.0
41108,Pop_00639,Manicure,Lady Gaga,Pop,0.6833,1.7885,0.0,0.0,0.0,0.0,0.0
41109,Pop_00640,Marry The Night,Lady Gaga,Pop,0.3833,1.4142,0.0,0.0,0.0,0.0,0.0
41110,Pop_00641,Million Reasons,Lady Gaga,Pop,0.5789,1.6152,0.0,0.0,0.0,0.0,0.0
41111,Pop_00642,Money Honey,Lady Gaga,Pop,0.8361,1.6216,0.0,0.0,0.0,0.0,0.0
41112,Pop_00643,Monster,Lady Gaga,Pop,0.5517,1.5583,0.0,0.0,0.0,0.0,0.0
41113,Pop_00644,Nature Boy,Lady Gaga,Pop,0.2667,1.3767,0.0,0.0,0.0,0.0,0.0
41114,Pop_00645,No Way,Lady Gaga,Pop,0.5,1.4936,0.0,0.0,0.0,0.0,0.0
41115,Pop_00646,Oh Well,Lady Gaga,Pop,0.5526,1.3824,0.0,0.0,0.0,0.0,0.0
41117,Pop_00647,One Chance,Lady Gaga,Pop,0.5,1.5654,0.0,0.0,0.0,0.0,0.0
41118,Pop_00648,Orange Colored Sky,Lady Gaga,Pop,0.5385,1.6976,0.0,0.0,0.0,0.0,0.0
41119,Pop_00649,Paparazzi,Lady Gaga,Pop,0.1556,1.9726,0.0,0.0,0.0,0.0,0.0
41120,Pop_00650,Paper Gangsta,Lady Gaga,Pop,0.7671,1.6215,0.0,0.0,0.0,0.0,0.0
41121,Pop_00651,Perfect,Lady Gaga,Pop,0.8143,1.325,0.0,0.0,0.0,0.0,0.0
41122,Pop_00652,Princess Die,Lady Gaga,Pop,0.3878,1.5109,0.0,0.0,0.0,0.0,0.0
41123,Pop_00653,Red And Blue,Lady Gaga,Pop,0.4762,1.439,0.0,0.0,0.0,0.0,0.0
41124,Pop_00654,Reel Cool,Lady Gaga,Pop,0.8158,1.3485,0.0,0.0,0.0,0.0,0.0
41125,Pop_00655,Retro Dance Freak,Lady Gaga,Pop,0.7391,1.9964,0.0,0.0,0.0,0.0,0.0
41126,Pop_00656,Ribbons,Lady Gaga,Pop,0.383,1.8061,0.0,0.0,0.0,0.0,0.0
41127,Pop_00657,Scream Loud,Lady Gaga,Pop,0.806,1.6893,0.0,0.0,0.0,0.0,0.0
41128,Pop_00658,Sinner's Prayer,Lady Gaga,Pop,0.5818,1.385,0.0,0.0,0.0,0.0,0.0
41129,Pop_00659,So Happy I Could Die,Lady Gaga,Pop,0.7895,1.5426,0.0,0.0,0.0,0.0,0.0
41131,Pop_00660,Something Crazy,Lady Gaga,Pop,0.7347,1.7415,0.0,0.0,0.0,0.0,0.0
41132,Pop_00661,Sometimes,Lady Gaga,Pop,0.4889,1.6511,0.0,0.0,0.0,0.0,0.0
41133,Pop_00662,Speechless,Lady Gaga,Pop,0.3103,1.4886,0.0,0.0,0.0,0.0,0.0
41134,Pop_00663,Stache,Lady Gaga,Pop,0.6098,1.6346,0.0,0.0,0.0,0.0,0.0
41135,Pop_00664,Stand By Me,Lady Gaga,Pop,0.32,1.2333,0.0,0.0,0.0,0.0,0.0
41136,Pop_00665,Strangers,Lady Gaga,Pop,0.5424,1.882,0.0,0.0,0.0,0.0,0.0
41137,Pop_00666,Super Lover,Lady Gaga,Pop,0.5375,1.4248,0.0,0.0,0.0,0.0,0.0
41138,Pop_00667,Superstar,Lady Gaga,Pop,0.8333,1.8864,0.0,0.0,0.0,0.0,0.0
41139,Pop_00668,Take It Slow,Lady Gaga,Pop,0.1538,1.3385,0.0,0.0,0.0,0.0,0.0
41140,Pop_00669,Take You Out,Lady Gaga,Pop,0.7179,1.5866,0.0,0.0,0.0,0.0,0.0
41141,Pop_00670,Teeth,Lady Gaga,Pop,0.7333,1.3354,0.0,0.0,0.0,0.0,0.0
41142,Pop_00671,Telephone,Lady Gaga,Pop,0.6214,1.5766,0.0,0.0,0.0,0.0,0.0
41144,Pop_00672,The Lady Is A Tramp,Lady Gaga,Pop,0.2258,1.4525,0.0,0.0,0.0,0.0,0.0
41145,Pop_00673,Til It Happens To You,Lady Gaga,Pop,0.3778,1.3662,0.0,0.0,0.0,0.0,0.0
41146,Pop_00674,Viva La Vida,Lady Gaga,Pop,0.3833,1.5506,0.0,0.0,0.0,0.0,0.0
41147,Pop_00675,White Christmas,Lady Gaga,Pop,0.6923,1.6731,0.0,0.0,0.0,0.0,0.0
41148,Pop_00676,Winter Wonderland,Lady Gaga,Pop,0.2286,1.6595,0.0,0.0,0.0,0.0,0.0
41149,Pop_00677,Words,Lady Gaga,Pop,0.7381,1.2488,0.0,0.0,0.0,0.0,0.0
41150,Pop_00678,Wunderland,Lady Gaga,Pop,0.5357,1.6321,0.0,0.0,0.0,0.0,0.0
41151,Pop_00679,You And I,Lady Gaga,Pop,0.5738,1.647,0.0,0.0,0.0,0.0,0.0
13009,Pop_00680,25 Miles,Michael Jackson,Pop,0.3333,1.285,0.0,0.0,0.0,0.0,0.0
13010,Pop_00681,A Fool For You,Michael Jackson,Pop,0.2766,1.3319,0.0,0.0,0.0,0.0,0.0
13011,Pop_00682,Another Day,Michael Jackson,Pop,0.9091,1.4258,0.0,0.0,0.0,0.0,0.0
13012,Pop_00683,Another Part Of Me,Michael Jackson,Pop,0.4444,1.8048,0.0,0.0,0.0,0.0,0.0
13013,Pop_00684,Baby Be Mine,Michael Jackson,Pop,0.3333,1.4941,0.0,0.0,0.0,0.0,0.0
13014,Pop_00685,Bad,Michael Jackson,Pop,0.2857,1.2574,0.0,0.0,0.0,0.0,0.0
13015,Pop_00686,Be Me 4 A Day,Michael Jackson,Pop,0.2,1.5174,0.0,0.0,0.0,0.0,0.0
13016,Pop_00687,Beat It,Michael Jackson,Pop,0.7308,1.3217,0.0,0.0,0.0,0.0,0.0
13017,Pop_00688,Behind The Mask,Michael Jackson,Pop,0.4935,1.2764,0.0,0.0,0.0,0.0,0.0
13018,Pop_00689,Ben,Michael Jackson,Pop,0.0667,1.3615,0.0,0.0,0.0,0.0,0.0
13019,Pop_00690,Best Of Joy (I Can't Make It),Michael Jackson,Pop,0.2857,1.8157,0.0,0.0,0.0,0.0,0.0
13020,Pop_00691,Billie Jean,Michael Jackson,Pop,0.5192,1.4564,0.0,0.0,0.0,0.0,0.0
13021,Pop_00692,Black Or White,Michael Jackson,Pop,0.25,1.634,0.0,0.0,0.0,0.0,0.0
13022,Pop_00693,Butterflies,Michael Jackson,Pop,0.25,1.4395,0.0,0.0,0.0,0.0,0.0
13023,Pop_00694,Christmas Medly,Michael Jackson,Pop,0.1042,1.5959,0.0,0.0,0.0,0.0,0.0
13024,Pop_00695,Cinderella Stay Awhile,Michael Jackson,Pop,0.303,1.8568,0.0,0.0,0.0,0.0,0.0
13025,Pop_00696,Don't Let It Get You Down,Michael Jackson,Pop,0.4894,1.2138,0.0,0.0,0.0,0.0,0.0
13026,Pop_00697,Don't Say Goodbye Again,Michael Jackson,Pop,0.5763,1.3727,0.0,0.0,0.0,0.0,0.0
13027,Pop_00698,D.S.,Michael Jackson,Pop,0.6216,1.3243,0.0,0.0,0.0,0.0,0.0
13028,Pop_00699,Ease On Down The Road,Michael Jackson,Pop,0.5091,1.2194,0.0,0.0,0.0,0.0,0.0
13029,Pop_00700,Enjoy Yourself,Michael Jackson,Pop,0.5968,1.5819,0.0,0.0,0.0,0.0,0.0
13030,Pop_00701,Fall Again,Michael Jackson,Pop,0.4444,1.3606,0.0,0.0,0.0,0.0,0.0
13031,Pop_00702,For All Time,Michael Jackson,Pop,0.5,1.3115,0.0,0.0,0.0,0.0,0.0
13032,Pop_00703,Get On The Floor,Michael Jackson,Pop,0.6892,1.7231,0.0,0.0,0.0,0.0,0.0
13033,Pop_00704,Greatest Show On Earth,Michael Jackson,Pop,0.5263,1.4493,0.0,0.0,0.0,0.0,0.0
13034,Pop_00705,Happy,Michael Jackson,Pop,0.4898,1.492,0.0,0.0,0.0,0.0,0.0
13035,Pop_00706,Hollywood Tonight,Michael Jackson,Pop,0.9385,1.4969,0.0,0.0,0.0,0.0,0.0
13036,Pop_00707,I Just Can't Stop Loving You,Michael Jackson,Pop,0.3788,1.2622,0.0,0.0,0.0,0.0,0.0
13037,Pop_00708,I Never Heard,Michael Jackson,Pop,0.4483,1.2665,0.0,0.0,0.0,0.0,0.0
13038,Pop_00709,I Want You Back '98,Michael Jackson,Pop,0.2453,1.3554,0.0,0.0,0.0,0.0,0.0
13039,Pop_00710,If'n I Was God,Michael Jackson,Pop,0.1667,1.6319,0.0,0.0,0.0,0.0,0.0
13040,Pop_00711,I'll Be There,Michael Jackson,Pop,0.3333,1.2349,0.0,0.0,0.0,0.0,0.0
13041,Pop_00712,Invincible,Michael Jackson,Pop,0.3704,1.5445,0.0,0.0,0.0,0.0,0.0
13042,Pop_00713,It's The Falling In Love,Michael Jackson,Pop,0.4242,1.4793,0.0,0.0,0.0,0.0,0.0
13043,Pop_00714,Little Susie,Michael Jackson,Pop,0.22,1.598,0.0,0.0,0.0,0.0,0.0
13044,Pop_00715,Love Never Felt So Good,Michael Jackson,Pop,0.6724,1.5417,0.0,0.0,0.0,0.0,0.0
13045,Pop_00716,Make Tonight All Mine,Michael Jackson,Pop,0.3585,1.4346,0.0,0.0,0.0,0.0,0.0
13046,Pop_00717,Maybe Tomorrow,Michael Jackson,Pop,0.25,1.4484,0.0,0.0,0.0,0.0,0.0
13047,Pop_00718,Men In Black,Michael Jackson,Pop,0.5814,1.5961,0.0,0.0,0.0,0.0,0.0
13048,Pop_00719,Money,Michael Jackson,Pop,0.4957,1.6425,0.0,0.0,0.0,0.0,0.0
13049,Pop_00720,Monster,Michael Jackson,Pop,0.5044,1.6113,0.0,0.0,0.0,0.0,0.0
13050,Pop_00721,Morphine,Michael Jackson,Pop,0.3661,1.7713,0.0,0.0,0.0,0.0,0.0
13051,Pop_00722,Nite Line,Michael Jackson,Pop,0.4915,1.4277,0.0,0.0,0.0,0.0,0.0
13052,Pop_00723,One More Chance,Michael Jackson,Pop,0.6747,1.5124,0.0,0.0,0.0,0.0,0.0
13053,Pop_00724,Ready 2 Win,Michael Jackson,Pop,0.4348,1.7659,0.0,0.0,0.0,0.0,0.0
13054,Pop_00725,Rock With You,Michael Jackson,Pop,0.439,1.2915,0.0,0.0,0.0,0.0,0.0
13055,Pop_00726,Say Say Say,Michael Jackson,Pop,0.5833,1.2029,0.0,0.0,0.0,0.0,0.0
13056,Pop_00727,She Drives Me Wild,Michael Jackson,Pop,0.475,1.3367,0.0,0.0,0.0,0.0,0.0
43710,Pop_00728,2000 Watts,Michael Jackson,Pop,0.4706,1.4948,0.0,0.0,0.0,0.0,0.0
43711,Pop_00729,2 Bad,Michael Jackson,Pop,0.6375,1.2411,0.0,0.0,0.0,0.0,0.0
43712,Pop_00730,A Brand New Day,Michael Jackson,Pop,0.7241,1.7328,0.0,0.0,0.0,0.0,0.0
43713,Pop_00731,A Place With No Name,Michael Jackson,Pop,0.3137,1.5342,0.0,0.0,0.0,0.0,0.0
43714,Pop_00732,ABC,Michael Jackson,Pop,0.5132,1.3862,0.0,0.0,0.0,0.0,0.0
43715,Pop_00733,Ain't No Sunshine,Michael Jackson,Pop,0.3333,1.4217,0.0,0.0,0.0,0.0,0.0
43716,Pop_00734,All The Things You Are,Michael Jackson,Pop,0.7143,1.5298,0.0,0.0,0.0,0.0,0.0
43717,Pop_00735,Alright Now,Michael Jackson,Pop,0.5455,1.3809,0.0,0.0,0.0,0.0,0.0
43718,Pop_00736,An Angel Came To Me,Michael Jackson,Pop,0.6304,1.6667,0.0,0.0,0.0,0.0,0.0
43719,Pop_00737,Blame It On The Boogie,Michael Jackson,Pop,0.7465,1.7725,0.0,0.0,0.0,0.0,0.0
43720,Pop_00738,Blood On The Dance Floor,Michael Jackson,Pop,0.7013,1.5005,0.0,0.0,0.0,0.0,0.0
43721,Pop_00739,Blue Gangsta,Michael Jackson,Pop,0.6602,1.3352,0.0,0.0,0.0,0.0,0.0
43723,Pop_00740,Breaking News,Michael Jackson,Pop,0.4884,1.6638,0.0,0.0,0.0,0.0,0.0
43724,Pop_00741,Breaking Rules,Michael Jackson,Pop,0.5946,1.4883,0.0,0.0,0.0,0.0,0.0
43725,Pop_00742,Burn This Disco Out,Michael Jackson,Pop,0.4898,1.365,0.0,0.0,0.0,0.0,0.0
43726,Pop_00743,Burn Tonight,Michael Jackson,Pop,0.0952,1.259,0.0,0.0,0.0,0.0,0.0
43727,Pop_00744,Call On Me,Michael Jackson,Pop,0.2683,1.575,0.0,0.0,0.0,0.0,0.0
43728,Pop_00745,Can You Feel It,Michael Jackson,Pop,0.3542,1.526,0.0,0.0,0.0,0.0,0.0
43729,Pop_00746,Can't Let Her Get Away,Michael Jackson,Pop,0.4118,1.2724,0.0,0.0,0.0,0.0,0.0
43730,Pop_00747,Carousel,Michael Jackson,Pop,0.46,1.7833,0.0,0.0,0.0,0.0,0.0
43731,Pop_00748,Centipede,Michael Jackson,Pop,0.8226,1.8984,0.0,0.0,0.0,0.0,0.0
43732,Pop_00749,Childhood,Michael Jackson,Pop,0.2581,1.7226,0.0,0.0,0.0,0.0,0.0
43733,Pop_00750,Come Together,Michael Jackson,Pop,0.1071,1.5918,0.0,0.0,0.0,0.0,0.0
43734,Pop_00751,Cry,Michael Jackson,Pop,0.0625,1.5574,0.0,0.0,0.0,0.0,0.0
43735,Pop_00752,Dangerous,Michael Jackson,Pop,0.4505,1.7012,0.0,0.0,0.0,0.0,0.0
43736,Pop_00753,Dapper Dan,Michael Jackson,Pop,0.587,1.3538,0.0,0.0,0.0,0.0,0.0
43737,Pop_00754,Dear Michael,Michael Jackson,Pop,0.3778,1.7058,0.0,0.0,0.0,0.0,0.0
43738,Pop_00755,Dirty Diana,Michael Jackson,Pop,0.3929,1.5206,0.0,0.0,0.0,0.0,0.0
43739,Pop_00756,Do You Know Where Your Children Are,Michael Jackson,Pop,0.4898,1.8042,0.0,0.0,0.0,0.0,0.0
43740,Pop_00757,Don't Be Messin Around,Michael Jackson,Pop,0.3871,1.5543,0.0,0.0,0.0,0.0,0.0
43741,Pop_00758,Don't Walk Away,Michael Jackson,Pop,0.1212,1.4399,0.0,0.0,0.0,0.0,0.0
43742,Pop_00759,Earth Song,Michael Jackson,Pop,0.4355,1.3503,0.0,0.0,0.0,0.0,0.0
43743,Pop_00760,Euphoria,Michael Jackson,Pop,0.2,1.7389,0.0,0.0,0.0,0.0,0.0
43744,Pop_00761,Everybody's Somebody's Fool,Michael Jackson,Pop,0.625,1.9938,0.0,0.0,0.0,0.0,0.0
43745,Pop_00762,Ghosts,Michael Jackson,Pop,0.5775,1.623,0.0,0.0,0.0,0.0,0.0
43746,Pop_00763,"Girl, Don't Take Your Love From Me",Michael Jackson,Pop,0.2826,1.2975,0.0,0.0,0.0,0.0,0.0
43747,Pop_00764,Girl You're So Together,Michael Jackson,Pop,0.2,1.5123,0.0,0.0,0.0,0.0,0.0
43748,Pop_00765,Girlfriend,Michael Jackson,Pop,0.44,1.41,0.0,0.0,0.0,0.0,0.0
43749,Pop_00766,Give In To Me,Michael Jackson,Pop,0.6125,1.3958,0.0,0.0,0.0,0.0,0.0
43750,Pop_00767,Give Thanks To Allah,Michael Jackson,Pop,0.7826,1.6812,0.0,0.0,0.0,0.0,0.0
43751,Pop_00768,Goin' Back To Indiana,Michael Jackson,Pop,0.4872,1.5333,0.0,0.0,0.0,0.0,0.0
43752,Pop_00769,Gone Too Soon,Michael Jackson,Pop,0.4231,1.4615,0.0,0.0,0.0,0.0,0.0
43753,Pop_00770,Got The Hots,Michael Jackson,Pop,0.7059,1.2696,0.0,0.0,0.0,0.0,0.0
43754,Pop_00771,Got To Be There,Michael Jackson,Pop,0.4643,1.2958,0.0,0.0,0.0,0.0,0.0
43755,Pop_00772,Happy Birthday Lisa,Michael Jackson,Pop,0.5294,1.6618,0.0,0.0,0.0,0.0,0.0
43756,Pop_00773,Heal The World,Michael Jackson,Pop,0.5309,1.5718,0.0,0.0,0.0,0.0,0.0
43757,Pop_00774,Heaven Can Wait,Michael Jackson,Pop,0.359,1.5836,0.0,0.0,0.0,0.0,0.0
43758,Pop_00775,Here I Am,Michael Jackson,Pop,0.1111,1.3843,0.0,0.0,0.0,0.0,0.0
43759,Pop_00776,History,Michael Jackson,Pop,0.4483,1.9109,0.0,0.0,0.0,0.0,0.0
43760,Pop_00777,Hold My Hand,Michael Jackson,Pop,0.4737,1.4909,0.0,0.0,0.0,0.0,0.0
43761,Pop_00778,Hot Street,Michael Jackson,Pop,0.449,1.4917,0.0,0.0,0.0,0.0,0.0
43762,Pop_00779,How Is Life Going To Be,Michael Jackson,Pop,0.7692,1.5047,0.0,0.0,0.0,0.0,0.0
43763,Pop_00780,Human Nature,Michael Jackson,Pop,0.5,1.4862,0.0,0.0,0.0,0.0,0.0
43764,Pop_00781,I Am A Loser,Michael Jackson,Pop,0.4828,1.7186,0.0,0.0,0.0,0.0,0.0
43765,Pop_00782,I Can't Help It,Michael Jackson,Pop,0.0909,1.5795,0.0,0.0,0.0,0.0,0.0
43766,Pop_00783,I Have This Dream,Michael Jackson,Pop,0.2222,1.7163,0.0,0.0,0.0,0.0,0.0
43767,Pop_00784,I Hear A Symphony,Michael Jackson,Pop,0.3077,1.7214,0.0,0.0,0.0,0.0,0.0
43768,Pop_00785,I Like You The Way You Are,Michael Jackson,Pop,0.427,1.4984,0.0,0.0,0.0,0.0,0.0
43769,Pop_00786,I Like You The Way You Are (Don't Change Your Love),Michael Jackson,Pop,0.5854,1.409,0.0,0.0,0.0,0.0,0.0
43770,Pop_00787,I Wanna Be Where You Are,Michael Jackson,Pop,0.3871,1.3022,0.0,0.0,0.0,0.0,0.0
43771,Pop_00788,I Want You Back,Michael Jackson,Pop,0.5172,1.3182,0.0,0.0,0.0,0.0,0.0
43772,Pop_00789,If I Don't Love You This Way,Michael Jackson,Pop,0.5,1.3833,0.0,0.0,0.0,0.0,0.0
43773,Pop_00790,I'll Come Home To You,Michael Jackson,Pop,0.3103,1.4874,0.0,0.0,0.0,0.0,0.0
43774,Pop_00791,I'm In Love Again,Michael Jackson,Pop,0.4194,1.2328,0.0,0.0,0.0,0.0,0.0
43775,Pop_00792,I'm So Blue,Michael Jackson,Pop,0.4909,1.448,0.0,0.0,0.0,0.0,0.0
43776,Pop_00793,In Our Small Way,Michael Jackson,Pop,0.2,1.4975,0.0,0.0,0.0,0.0,0.0
43777,Pop_00794,In The Closet,Michael Jackson,Pop,0.7015,1.4636,0.0,0.0,0.0,0.0,0.0
43778,Pop_00795,Is It Scary?,Michael Jackson,Pop,0.2716,1.8117,0.0,0.0,0.0,0.0,0.0
43779,Pop_00796,Islam In My Veins,Michael Jackson,Pop,0.4667,1.7933,0.0,0.0,0.0,0.0,0.0
43780,Pop_00797,It's Too Late To Change The Time,Michael Jackson,Pop,0.4545,1.411,0.0,0.0,0.0,0.0,0.0
43781,Pop_00798,Jackson 5 Medley,Michael Jackson,Pop,0.194,1.2582,0.0,0.0,0.0,0.0,0.0
43782,Pop_00799,Jam,Michael Jackson,Pop,0.2889,1.4466,0.0,0.0,0.0,0.0,0.0
43783,Pop_00800,Johnny Raven,Michael Jackson,Pop,0.069,1.3908,0.0,0.0,0.0,0.0,0.0
43784,Pop_00801,Just A Little Bit Of You,Michael Jackson,Pop,0.3571,1.6202,0.0,0.0,0.0,0.0,0.0
43785,Pop_00802,Just Friends,Michael Jackson,Pop,0.463,1.2681,0.0,0.0,0.0,0.0,0.0
43786,Pop_00803,Just Good Friends,Michael Jackson,Pop,0.4435,1.6152,0.0,0.0,0.0,0.0,0.0
43787,Pop_00804,Just Leave,Michael Jackson,Pop,0.087,1.7362,0.0,0.0,0.0,0.0,0.0
43788,Pop_00805,Keep The Faith,Michael Jackson,Pop,0.3125,1.397,0.0,0.0,0.0,0.0,0.0
43789,Pop_00806,Keep Your Head Up,Michael Jackson,Pop,0.4865,1.3853,0.0,0.0,0.0,0.0,0.0
43790,Pop_00807,Leave Me Alone,Michael Jackson,Pop,0.697,1.6497,0.0,0.0,0.0,0.0,0.0
43791,Pop_00808,Liberian Girl,Michael Jackson,Pop,0.75,1.4466,0.0,0.0,0.0,0.0,0.0
43792,Pop_00809,Little Christmas Tree,Michael Jackson,Pop,0.1613,1.6495,0.0,0.0,0.0,0.0,0.0
43793,Pop_00810,Lonely Teardrops,Michael Jackson,Pop,0.3636,1.3742,0.0,0.0,0.0,0.0,0.0
43795,Pop_00811,Loving You,Michael Jackson,Pop,0.6471,1.4221,0.0,0.0,0.0,0.0,0.0
43796,Pop_00812,Man In The Mirror,Michael Jackson,Pop,0.4316,1.4285,0.0,0.0,0.0,0.0,0.0
43797,Pop_00813,Maria,Michael Jackson,Pop,0.1724,1.5075,0.0,0.0,0.0,0.0,0.0
43798,Pop_00814,Maybe Tomorrow - The Jackson 5,Michael Jackson,Pop,0.7317,1.349,0.0,0.0,0.0,0.0,0.0
43799,Pop_00815,Melodie,Michael Jackson,Pop,0.4186,1.6767,0.0,0.0,0.0,0.0,0.0
43800,Pop_00816,Morning Glow,Michael Jackson,Pop,0.2308,1.2872,0.0,0.0,0.0,0.0,0.0
43801,Pop_00817,Much Too Soon,Michael Jackson,Pop,0.3333,1.6024,0.0,0.0,0.0,0.0,0.0
43802,Pop_00818,Music And Me,Michael Jackson,Pop,0.125,1.6969,0.0,0.0,0.0,0.0,0.0
43803,Pop_00819,My Girl,Michael Jackson,Pop,0.72,1.2102,0.0,0.0,0.0,0.0,0.0
43804,Pop_00820,Off The Wall,Michael Jackson,Pop,0.5476,1.4164,0.0,0.0,0.0,0.0,0.0
43805,Pop_00821,One Day In Your Life,Michael Jackson,Pop,0.6667,1.4678,0.0,0.0,0.0,0.0,0.0
43806,Pop_00822,People Make The World Go Round,Michael Jackson,Pop,0.2381,1.6841,0.0,0.0,0.0,0.0,0.0
43807,Pop_00823,Pressure,Michael Jackson,Pop,0.3226,1.4639,0.0,0.0,0.0,0.0,0.0
43808,Pop_00824,Price Of Fame,Michael Jackson,Pop,0.4,1.5871,0.0,0.0,0.0,0.0,0.0
43809,Pop_00825,Privacy,Michael Jackson,Pop,0.1739,1.8351,0.0,0.0,0.0,0.0,0.0
43810,Pop_00826,Remember The Time,Michael Jackson,Pop,0.5698,1.7516,0.0,0.0,0.0,0.0,0.0
43811,Pop_00827,Right Here,Michael Jackson,Pop,0.2105,1.4003,0.0,0.0,0.0,0.0,0.0
43812,Pop_00828,Rockin' Robin,Michael Jackson,Pop,0.4783,1.6414,0.0,0.0,0.0,0.0,0.0
43813,Pop_00829,Save Me,Michael Jackson,Pop,0.7158,1.2268,0.0,0.0,0.0,0.0,0.0
43814,Pop_00830,Scream,Michael Jackson,Pop,0.2642,1.7568,0.0,0.0,0.0,0.0,0.0
43815,Pop_00831,SFTS SFTS,Michael Jackson,Pop,0.2222,1.3267,0.0,0.0,0.0,0.0,0.0
43816,Pop_00832,Shake Your Body (Down To The Ground),Michael Jackson,Pop,0.6364,1.3439,0.0,0.0,0.0,0.0,0.0
43817,Pop_00833,She's Out Of My Life,Michael Jackson,Pop,0.4545,1.3235,0.0,0.0,0.0,0.0,0.0
43818,Pop_00834,Shoo-Be-Doo-Be-Doo-Da-Day,Michael Jackson,Pop,0.1379,1.9616,0.0,0.0,0.0,0.0,0.0
43819,Pop_00835,Slave to the Rhythm,Michael Jackson,Pop,0.3913,1.3993,0.0,0.0,0.0,0.0,0.0
43820,Pop_00836,Smile,Michael Jackson,Pop,0.8276,1.537,0.0,0.0,0.0,0.0,0.0
43821,Pop_00837,Smooth Criminal,Michael Jackson,Pop,0.7222,1.5382,0.0,0.0,0.0,0.0,0.0
43822,Pop_00838,Soldier Boy,Michael Jackson,Pop,0.1818,1.4045,0.0,0.0,0.0,0.0,0.0
43823,Pop_00839,Somebody's Watching Me,Michael Jackson,Pop,0.527,1.8407,0.0,0.0,0.0,0.0,0.0
43824,Pop_00840,Someone In The Dark,Michael Jackson,Pop,0.4375,1.6193,0.0,0.0,0.0,0.0,0.0
43825,Pop_00841,Someone Put Your Hand Out,Michael Jackson,Pop,0.5116,1.5547,0.0,0.0,0.0,0.0,0.0
43826,Pop_00842,Speechless,Michael Jackson,Pop,0.2857,1.4542,0.0,0.0,0.0,0.0,0.0
43827,Pop_00843,Speed Demon,Michael Jackson,Pop,0.2121,1.4761,0.0,0.0,0.0,0.0,0.0
43828,Pop_00844,State Of Shock,Michael Jackson,Pop,0.3538,1.2342,0.0,0.0,0.0,0.0,0.0
43829,Pop_00845,Stranger In Moscow,Michael Jackson,Pop,0.625,1.5755,0.0,0.0,0.0,0.0,0.0
43830,Pop_00846,Streetwalker,Michael Jackson,Pop,0.5789,1.4892,0.0,0.0,0.0,0.0,0.0
43831,Pop_00847,Stronger,Michael Jackson,Pop,0.1429,1.3202,0.0,0.0,0.0,0.0,0.0
43832,Pop_00848,Superfly Sister,Michael Jackson,Pop,0.5677,1.3312,0.0,0.0,0.0,0.0,0.0
43833,Pop_00849,Tabloid Junkie,Michael Jackson,Pop,0.587,1.7591,0.0,0.0,0.0,0.0,0.0
43834,Pop_00850,Take Me Back,Michael Jackson,Pop,0.4634,1.2769,0.0,0.0,0.0,0.0,0.0
43835,Pop_00851,Talk With You,Michael Jackson,Pop,0.6,1.3876,0.0,0.0,0.0,0.0,0.0
43836,Pop_00852,Tell Me I'm Not Dreamin' (Too Good To Be True),Michael Jackson,Pop,0.4857,1.6882,0.0,0.0,0.0,0.0,0.0
43837,Pop_00853,That's What I Get,Michael Jackson,Pop,0.375,1.4451,0.0,0.0,0.0,0.0,0.0
12293,Pop_00854,A New Argentina,Madonna,Pop,0.3372,1.9193,0.0,0.0,0.0,0.0,0.0
12294,Pop_00855,Addicted,Madonna,Pop,0.7037,1.5688,0.0,0.0,0.0,0.0,0.0
12295,Pop_00856,Autotune Baby,Madonna,Pop,0.6,1.5055,0.0,0.0,0.0,0.0,0.0
12297,Pop_00857,Celebration,Madonna,Pop,0.5,1.9417,0.0,0.0,0.0,0.0,0.0
12298,Pop_00858,Crazy For You,Madonna,Pop,0.3704,1.3833,0.0,0.0,0.0,0.0,0.0
12299,Pop_00859,Devil Pray,Madonna,Pop,0.5926,1.4898,0.0,0.0,0.0,0.0,0.0
12300,Pop_00860,Don't You Know?,Madonna,Pop,0.4848,1.4325,0.0,0.0,0.0,0.0,0.0
12301,Pop_00861,Erotic,Madonna,Pop,0.425,1.3954,0.0,0.0,0.0,0.0,0.0
12303,Pop_00862,Get Over,Madonna,Pop,0.2549,1.4667,0.0,0.0,0.0,0.0,0.0
12304,Pop_00863,God Is Love,Madonna,Pop,0.6795,1.7372,0.0,0.0,0.0,0.0,0.0
12305,Pop_00864,Graffiti Heart,Madonna,Pop,0.7846,2.1872,0.0,0.0,0.0,0.0,0.0
12306,Pop_00865,Guilty By Association,Madonna,Pop,0.6923,2.2372,0.0,0.0,0.0,0.0,0.0
12307,Pop_00866,Hold Tight,Madonna,Pop,0.6222,1.3336,0.0,0.0,0.0,0.0,0.0
12308,Pop_00867,Holy Water,Madonna,Pop,0.6471,1.5127,0.0,0.0,0.0,0.0,0.0
12309,Pop_00868,Inside Out,Madonna,Pop,0.5455,1.4742,0.0,0.0,0.0,0.0,0.0
12310,Pop_00869,It's So Cool,Madonna,Pop,0.5833,1.2253,0.0,0.0,0.0,0.0,0.0
12312,Pop_00870,Like A Virgin,Madonna,Pop,0.3793,1.3233,0.0,0.0,0.0,0.0,0.0
12313,Pop_00871,Living For Love,Madonna,Pop,0.6761,1.5566,0.0,0.0,0.0,0.0,0.0
12314,Pop_00872,Love Spent,Madonna,Pop,0.6883,1.2291,0.0,0.0,0.0,0.0,0.0
12315,Pop_00873,More,Madonna,Pop,0.0635,1.4848,0.0,0.0,0.0,0.0,0.0
42490,Pop_00874,Across The Sky,Madonna,Pop,0.6667,1.492,0.0,0.0,0.0,0.0,0.0
42491,Pop_00875,Ain't No Big Deal,Madonna,Pop,0.7288,1.2328,0.0,0.0,0.0,0.0,0.0
42492,Pop_00876,American Pie,Madonna,Pop,0.4677,1.5188,0.0,0.0,0.0,0.0,0.0
42493,Pop_00877,And The Money Kept Rolling In,Madonna,Pop,0.6,1.7127,0.0,0.0,0.0,0.0,0.0
42494,Pop_00878,Bang Bang,Madonna,Pop,0.6375,1.5314,0.0,0.0,0.0,0.0,0.0
42495,Pop_00879,Be Yourself,Madonna,Pop,0.7391,2.2024,0.0,0.0,0.0,0.0,0.0
42496,Pop_00880,Beautiful Scars,Madonna,Pop,0.5625,1.7556,0.0,0.0,0.0,0.0,0.0
42497,Pop_00881,Bedtime Story,Madonna,Pop,0.5882,1.9799,0.0,0.0,0.0,0.0,0.0
42498,Pop_00882,Best Friend,Madonna,Pop,0.431,1.4842,0.0,0.0,0.0,0.0,0.0
42499,Pop_00883,Best Night,Madonna,Pop,0.4898,1.3517,0.0,0.0,0.0,0.0,0.0
42500,Pop_00884,Birthday Song,Madonna,Pop,0.6143,1.3437,0.0,0.0,0.0,0.0,0.0
42501,Pop_00885,Bitch I'm Madonna,Madonna,Pop,0.5143,1.6287,0.0,0.0,0.0,0.0,0.0
42502,Pop_00886,Body Shop,Madonna,Pop,0.6863,1.6933,0.0,0.0,0.0,0.0,0.0
42503,Pop_00887,Borderline,Madonna,Pop,0.6167,2.054,0.0,0.0,0.0,0.0,0.0
42504,Pop_00888,Buenos Aires,Madonna,Pop,0.1957,1.5107,0.0,0.0,0.0,0.0,0.0
42505,Pop_00889,Don't Cry For Me Argentina,Madonna,Pop,0.0571,1.779,0.0,0.0,0.0,0.0,0.0
42506,Pop_00890,Dress You Up,Madonna,Pop,0.7826,1.3726,0.0,0.0,0.0,0.0,0.0
42507,Pop_00891,Each Time You Break My Heart,Madonna,Pop,0.3778,1.4711,0.0,0.0,0.0,0.0,0.0
42508,Pop_00892,Fever,Madonna,Pop,0.3793,1.5734,0.0,0.0,0.0,0.0,0.0
42509,Pop_00893,Fondbidden Love,Madonna,Pop,0.5143,1.8514,0.0,0.0,0.0,0.0,0.0
42510,Pop_00894,Gambler,Madonna,Pop,0.7069,1.4256,0.0,0.0,0.0,0.0,0.0
42511,Pop_00895,Gang Bang,Madonna,Pop,0.5949,1.3603,0.0,0.0,0.0,0.0,0.0
42512,Pop_00896,Get Up,Madonna,Pop,0.129,1.3677,0.0,0.0,0.0,0.0,0.0
42513,Pop_00897,Ghosttown,Madonna,Pop,0.6901,1.4963,0.0,0.0,0.0,0.0,0.0
42514,Pop_00898,Girl Gone Wild,Madonna,Pop,0.641,1.3662,0.0,0.0,0.0,0.0,0.0
42515,Pop_00899,"Gone, Gone, Gone",Madonna,Pop,0.7377,1.3764,0.0,0.0,0.0,0.0,0.0
42516,Pop_00900,Goodnight And Thank You,Madonna,Pop,0.2687,1.628,0.0,0.0,0.0,0.0,0.0
42517,Pop_00901,Heartbreak City,Madonna,Pop,0.4091,1.6152,0.0,0.0,0.0,0.0,0.0
42518,Pop_00902,Hello And Goodbye,Madonna,Pop,0.1739,1.7464,0.0,0.0,0.0,0.0,0.0
42519,Pop_00903,"High Flying, Adored",Madonna,Pop,0.1282,1.6618,0.0,0.0,0.0,0.0,0.0
42520,Pop_00904,Holiday,Madonna,Pop,0.619,1.7937,0.0,0.0,0.0,0.0,0.0
42521,Pop_00905,I Fucked Up,Madonna,Pop,0.375,1.5667,0.0,0.0,0.0,0.0,0.0
42522,Pop_00906,"I Surrender, Dear",Madonna,Pop,0.5556,1.9048,0.0,0.0,0.0,0.0,0.0
42523,Pop_00907,I Want You,Madonna,Pop,0.3793,1.369,0.0,0.0,0.0,0.0,0.0
42524,Pop_00908,Iconic,Madonna,Pop,0.4306,1.6357,0.0,0.0,0.0,0.0,0.0
42525,Pop_00909,I'd Be Surprisingly Good For You,Madonna,Pop,0.4038,1.684,0.0,0.0,0.0,0.0,0.0
42527,Pop_00910,I'm A Sinner,Madonna,Pop,0.6027,1.5575,0.0,0.0,0.0,0.0,0.0
42528,Pop_00911,I'm Addicted,Madonna,Pop,0.5111,1.4889,0.0,0.0,0.0,0.0,0.0
42529,Pop_00912,I'm Going Bananas,Madonna,Pop,0.2333,1.5975,0.0,0.0,0.0,0.0,0.0
42530,Pop_00913,I'm In Love With Love,Madonna,Pop,0.7714,1.6543,0.0,0.0,0.0,0.0,0.0
42531,Pop_00914,Imagine,Madonna,Pop,0.5417,1.7403,0.0,0.0,0.0,0.0,0.0
42532,Pop_00915,Into The Hollywood Groove,Madonna,Pop,0.5349,1.5791,0.0,0.0,0.0,0.0,0.0
42533,Pop_00916,Is This Love,Madonna,Pop,0.3571,1.6083,0.0,0.0,0.0,0.0,0.0
42534,Pop_00917,Joan Of Arc,Madonna,Pop,0.275,1.5275,0.0,0.0,0.0,0.0,0.0
42535,Pop_00918,Just A Dream,Madonna,Pop,0.5091,1.3712,0.0,0.0,0.0,0.0,0.0
42536,Pop_00919,La Petite Jeune Fille,Madonna,Pop,0.6765,1.3278,0.0,0.0,0.0,0.0,0.0
42537,Pop_00920,Lady Of The Dawn,Madonna,Pop,0.4333,1.5479,0.0,0.0,0.0,0.0,0.0
42538,Pop_00921,Lament,Madonna,Pop,0.087,1.7355,0.0,0.0,0.0,0.0,0.0
42539,Pop_00922,Laugh To Keep From Crying,Madonna,Pop,0.2222,1.5005,0.0,0.0,0.0,0.0,0.0
42540,Pop_00923,Lies In Your Eyes,Madonna,Pop,0.54,1.2147,0.0,0.0,0.0,0.0,0.0
42541,Pop_00924,Like A Flower,Madonna,Pop,0.5581,1.5484,0.0,0.0,0.0,0.0,0.0
42542,Pop_00925,Like An Angel Passing Through My Room,Madonna,Pop,0.2273,1.7132,0.0,0.0,0.0,0.0,0.0
42543,Pop_00926,Liquid Love,Madonna,Pop,0.3947,1.5132,0.0,0.0,0.0,0.0,0.0
42544,Pop_00927,Little Boy Lost,Madonna,Pop,0.5,1.4156,0.0,0.0,0.0,0.0,0.0
42545,Pop_00928,Love Don't Live Here Anymore,Madonna,Pop,0.5349,2.2959,0.0,0.0,0.0,0.0,0.0
42546,Pop_00929,Love Is On Fire,Madonna,Pop,0.7083,1.4743,0.0,0.0,0.0,0.0,0.0
42547,Pop_00930,Love On The Run,Madonna,Pop,0.6585,1.2504,0.0,0.0,0.0,0.0,0.0
42548,Pop_00931,Love Won't Wait,Madonna,Pop,0.6988,1.3713,0.0,0.0,0.0,0.0,0.0
42549,Pop_00932,Masterpiece,Madonna,Pop,0.6667,1.8592,0.0,0.0,0.0,0.0,0.0
42550,Pop_00933,Material Girl,Madonna,Pop,0.5273,1.7573,0.0,0.0,0.0,0.0,0.0
42551,Pop_00934,Messiah,Madonna,Pop,0.525,1.3296,0.0,0.0,0.0,0.0,0.0
42552,Pop_00935,Never Let You Go,Madonna,Pop,0.4444,1.4523,0.0,0.0,0.0,0.0,0.0
42553,Pop_00936,Now I'm Following You,Madonna,Pop,0.6667,1.7548,0.0,0.0,0.0,0.0,0.0
42554,Pop_00937,Oh What A Circus,Madonna,Pop,0.3433,1.7793,0.0,0.0,0.0,0.0,0.0
2063,Pop_00938,All About You,Bruno Mars,Pop,0.431,1.3412,0.0,0.0,0.0,0.0,0.0
2064,Pop_00939,Circles,Bruno Mars,Pop,0.8667,1.5802,0.0,0.0,0.0,0.0,0.0
2065,Pop_00940,Click Clack Away,Bruno Mars,Pop,0.5897,1.3525,0.0,0.0,0.0,0.0,0.0
2066,Pop_00941,Don't Give Up,Bruno Mars,Pop,0.1087,1.1899,0.0,0.0,0.0,0.0,0.0
2067,Pop_00942,Dreamtaker,Bruno Mars,Pop,0.6383,1.5891,0.0,0.0,0.0,0.0,0.0
2068,Pop_00943,Faded,Bruno Mars,Pop,0.9231,1.26,0.0,0.0,0.0,0.0,0.0
2069,Pop_00944,First Time,Bruno Mars,Pop,0.7222,1.3974,0.0,0.0,0.0,0.0,0.0
2070,Pop_00945,Girl In The Window,Bruno Mars,Pop,0.566,1.4746,0.0,0.0,0.0,0.0,0.0
2071,Pop_00946,It Will Rain,Bruno Mars,Pop,0.5556,1.5842,0.0,0.0,0.0,0.0,0.0
2072,Pop_00947,Ladies Is Pimps To,Bruno Mars,Pop,0.7031,1.3652,0.0,0.0,0.0,0.0,0.0
2073,Pop_00948,Like Tonight,Bruno Mars,Pop,0.4792,1.4434,0.0,0.0,0.0,0.0,0.0
2074,Pop_00949,Liquor Store Blues,Bruno Mars,Pop,0.66,1.5115,0.0,0.0,0.0,0.0,0.0
2075,Pop_00950,Locked Out Of Heaven,Bruno Mars,Pop,0.7273,1.2648,0.0,0.0,0.0,0.0,0.0
2076,Pop_00951,Long Distance,Bruno Mars,Pop,0.8028,1.4072,0.0,0.0,0.0,0.0,0.0
2077,Pop_00952,Marry You,Bruno Mars,Pop,0.6042,1.3271,0.0,0.0,0.0,0.0,0.0
2078,Pop_00953,Move On,Bruno Mars,Pop,0.2791,1.3464,0.0,0.0,0.0,0.0,0.0
2079,Pop_00954,Nothin On You,Bruno Mars,Pop,0.5361,1.621,0.0,0.0,0.0,0.0,0.0
2080,Pop_00955,On Fire,Bruno Mars,Pop,0.6222,1.4513,0.0,0.0,0.0,0.0,0.0
2081,Pop_00956,Press It,Bruno Mars,Pop,0.6,1.4081,0.0,0.0,0.0,0.0,0.0
2082,Pop_00957,Starting Today,Bruno Mars,Pop,0.6667,1.4558,0.0,0.0,0.0,0.0,0.0
2083,Pop_00958,Talking To The Moon,Bruno Mars,Pop,0.5556,1.5126,0.0,0.0,0.0,0.0,0.0
2084,Pop_00959,The Lazy Song,Bruno Mars,Pop,0.6667,1.3855,0.0,0.0,0.0,0.0,0.0
2085,Pop_00960,The Other Side,Bruno Mars,Pop,0.5283,1.4865,0.0,0.0,0.0,0.0,0.0
2086,Pop_00961,This Is My Love,Bruno Mars,Pop,0.6364,1.4485,0.0,0.0,0.0,0.0,0.0
2087,Pop_00962,Today My Life Begins,Bruno Mars,Pop,0.5758,1.4773,0.0,0.0,0.0,0.0,0.0
2088,Pop_00963,Top Of The World,Bruno Mars,Pop,0.5522,1.2148,0.0,0.0,0.0,0.0,0.0
2089,Pop_00964,Treasure,Bruno Mars,Pop,0.7419,1.8218,0.0,0.0,0.0,0.0,0.0
2090,Pop_00965,Turn Around,Bruno Mars,Pop,0.7258,1.6584,0.0,0.0,0.0,0.0,0.0
2091,Pop_00966,Valerie,Bruno Mars,Pop,0.6522,1.5931,0.0,0.0,0.0,0.0,0.0
2092,Pop_00967,Voices In My Head,Bruno Mars,Pop,0.5455,1.4189,0.0,0.0,0.0,0.0,0.0
2093,Pop_00968,We'll Be Alright,Bruno Mars,Pop,0.7458,1.4887,0.0,0.0,0.0,0.0,0.0
2094,Pop_00969,When I Was Your Man,Bruno Mars,Pop,0.4878,1.4737,0.0,0.0,0.0,0.0,0.0
26631,Pop_00970,24K Magic,Bruno Mars,Pop,0.5155,1.425,0.0,0.0,0.0,0.0,0.0
26632,Pop_00971,Again,Bruno Mars,Pop,0.303,1.2686,0.0,0.0,0.0,0.0,0.0
26633,Pop_00972,All She Knows,Bruno Mars,Pop,0.6429,1.3795,0.0,0.0,0.0,0.0,0.0
26634,Pop_00973,Before It Explodes,Bruno Mars,Pop,0.7727,1.7481,0.0,0.0,0.0,0.0,0.0
26635,Pop_00974,Billionaire,Bruno Mars,Pop,0.3396,1.7138,0.0,0.0,0.0,0.0,0.0
26636,Pop_00975,Chunky,Bruno Mars,Pop,0.6545,1.6236,0.0,0.0,0.0,0.0,0.0
26637,Pop_00976,Count On Me,Bruno Mars,Pop,0.561,1.3053,0.0,0.0,0.0,0.0,0.0
26638,Pop_00977,Dance In The Mirror,Bruno Mars,Pop,0.7969,1.783,0.0,0.0,0.0,0.0,0.0
26639,Pop_00978,Freedom,Bruno Mars,Pop,0.5405,1.4315,0.0,0.0,0.0,0.0,0.0
26640,Pop_00979,Girl I Wait,Bruno Mars,Pop,0.6667,1.4162,0.0,0.0,0.0,0.0,0.0
26641,Pop_00980,Gold,Bruno Mars,Pop,0.381,1.348,0.0,0.0,0.0,0.0,0.0
26642,Pop_00981,Gorilla,Bruno Mars,Pop,0.3333,1.4452,0.0,0.0,0.0,0.0,0.0
26643,Pop_00982,Grenade,Bruno Mars,Pop,0.3922,1.2755,0.0,0.0,0.0,0.0,0.0
26644,Pop_00983,Her World Goes On,Bruno Mars,Pop,0.7568,1.4102,0.0,0.0,0.0,0.0,0.0
26645,Pop_00984,If I Knew,Bruno Mars,Pop,0.3333,1.3681,0.0,0.0,0.0,0.0,0.0
26646,Pop_00985,Innocent,Bruno Mars,Pop,0.7059,1.4948,0.0,0.0,0.0,0.0,0.0
26647,Pop_00986,Just The Way You Are,Bruno Mars,Pop,0.4545,1.4969,0.0,0.0,0.0,0.0,0.0
26648,Pop_00987,Killa On Tha Run,Bruno Mars,Pop,0.75,1.5396,0.0,0.0,0.0,0.0,0.0
26649,Pop_00988,Lights,Bruno Mars,Pop,0.4082,1.4593,0.0,0.0,0.0,0.0,0.0
26650,Pop_00989,Lost,Bruno Mars,Pop,0.4364,1.5266,0.0,0.0,0.0,0.0,0.0
26651,Pop_00990,Love,Bruno Mars,Pop,0.4286,1.4698,0.0,0.0,0.0,0.0,0.0
26652,Pop_00991,Madly In Love With You,Bruno Mars,Pop,0.5,1.5034,0.0,0.0,0.0,0.0,0.0
26653,Pop_00992,Mama's Worst Nightmare,Bruno Mars,Pop,0.24,1.5948,0.0,0.0,0.0,0.0,0.0
26654,Pop_00993,Money Makes Her Smile,Bruno Mars,Pop,0.6364,1.5383,0.0,0.0,0.0,0.0,0.0
26655,Pop_00994,Moonshine,Bruno Mars,Pop,0.4412,1.4895,0.0,0.0,0.0,0.0,0.0
26656,Pop_00995,Natalie,Bruno Mars,Pop,0.4561,1.5763,0.0,0.0,0.0,0.0,0.0
26657,Pop_00996,Never Say U Can't,Bruno Mars,Pop,0.6567,1.4458,0.0,0.0,0.0,0.0,0.0
26658,Pop_00997,Only When You're Lonely,Bruno Mars,Pop,0.6275,1.6864,0.0,0.0,0.0,0.0,0.0
26659,Pop_00998,Our First Time,Bruno Mars,Pop,0.7317,1.1871,0.0,0.0,0.0,0.0,0.0
26660,Pop_00999,Rest,Bruno Mars,Pop,0.6,1.4518,0.0,0.0,0.0,0.0,0.0
26661,Pop_01000,Runaway,Bruno Mars,Pop,0.5455,1.781,0.0,0.0,0.0,0.0,0.0
26662,Pop_01001,Runaway Baby,Bruno Mars,Pop,0.7551,1.5225,0.0,0.0,0.0,0.0,0.0
26663,Pop_01002,She Got Me,Bruno Mars,Pop,0.2222,1.3716,0.0,0.0,0.0,0.0,0.0
26664,Pop_01003,Show Me,Bruno Mars,Pop,0.6875,1.319,0.0,0.0,0.0,0.0,0.0
26665,Pop_01004,Somewhere In Brooklyn,Bruno Mars,Pop,0.6111,1.9648,0.0,0.0,0.0,0.0,0.0
26666,Pop_01005,Where Did She Go,Bruno Mars,Pop,0.8043,1.3665,0.0,0.0,0.0,0.0,0.0
26667,Pop_01006,Who Is,Bruno Mars,Pop,0.525,1.4979,0.0,0.0,0.0,0.0,0.0
26668,Pop_01007,Young Girls,Bruno Mars,Pop,0.6458,1.2022,0.0,0.0,0.0,0.0,0.0
10233,Pop_01008,Already Gone,Kelly Clarkson,Pop,0.6957,1.4855,0.0,0.0,0.0,0.0,0.0
10235,Pop_01009,Beautiful Disaster,Kelly Clarkson,Pop,0.4468,1.7181,0.0,0.0,0.0,0.0,0.0
10236,Pop_01010,Can I Have A Kiss,Kelly Clarkson,Pop,0.2195,1.4987,0.0,0.0,0.0,0.0,0.0
10237,Pop_01011,Can We Go Back?,Kelly Clarkson,Pop,0.4348,1.3877,0.0,0.0,0.0,0.0,0.0
10238,Pop_01012,Dance With Me,Kelly Clarkson,Pop,0.8431,1.4608,0.0,0.0,0.0,0.0,0.0
10239,Pop_01013,Dirty Little Secret,Kelly Clarkson,Pop,0.4932,1.4646,0.0,0.0,0.0,0.0,0.0
10240,Pop_01014,Don't You Wanna Stay,Kelly Clarkson,Pop,0.5714,1.2304,0.0,0.0,0.0,0.0,0.0
10241,Pop_01015,Forever Part Of Me,Kelly Clarkson,Pop,0.3158,1.3228,0.0,0.0,0.0,0.0,0.0
10242,Pop_01016,Go,Kelly Clarkson,Pop,0.5667,1.3706,0.0,0.0,0.0,0.0,0.0
10243,Pop_01017,Hear Me,Kelly Clarkson,Pop,0.4561,1.3899,0.0,0.0,0.0,0.0,0.0
10244,Pop_01018,Heartbeat Song,Kelly Clarkson,Pop,0.614,1.3526,0.0,0.0,0.0,0.0,0.0
10245,Pop_01019,I Do Not Hook Up,Kelly Clarkson,Pop,0.3684,1.2545,0.0,0.0,0.0,0.0,0.0
10246,Pop_01020,Impossible,Kelly Clarkson,Pop,0.5636,1.7585,0.0,0.0,0.0,0.0,0.0
10247,Pop_01021,Irvine,Kelly Clarkson,Pop,0.2,1.4464,0.0,0.0,0.0,0.0,0.0
10248,Pop_01022,It's Raining Men,Kelly Clarkson,Pop,0.6038,1.8696,0.0,0.0,0.0,0.0,0.0
10249,Pop_01023,(Love Will) Turn Back The Hands Of Time,Kelly Clarkson,Pop,0.4583,1.6379,0.0,0.0,0.0,0.0,0.0
10250,Pop_01024,Maybe,Kelly Clarkson,Pop,0.2115,1.5221,0.0,0.0,0.0,0.0,0.0
10251,Pop_01025,Miss Independent,Kelly Clarkson,Pop,0.0714,1.7655,0.0,0.0,0.0,0.0,0.0
10252,Pop_01026,Nostalgic,Kelly Clarkson,Pop,0.7917,1.7259,0.0,0.0,0.0,0.0,0.0
10253,Pop_01027,Not Today,Kelly Clarkson,Pop,0.6512,1.8384,0.0,0.0,0.0,0.0,0.0
10254,Pop_01028,Number One,Kelly Clarkson,Pop,0.6,1.595,0.0,0.0,0.0,0.0,0.0
10255,Pop_01029,People Like Us,Kelly Clarkson,Pop,0.6552,1.4874,0.0,0.0,0.0,0.0,0.0
10256,Pop_01030,Standing In Front Of You,Kelly Clarkson,Pop,0.2432,1.5329,0.0,0.0,0.0,0.0,0.0
10257,Pop_01031,Stuff Like That There,Kelly Clarkson,Pop,0.2162,1.6788,0.0,0.0,0.0,0.0,0.0
10258,Pop_01032,Take You High,Kelly Clarkson,Pop,0.475,1.3192,0.0,0.0,0.0,0.0,0.0
10259,Pop_01033,Tell Me A Lie,Kelly Clarkson,Pop,0.6744,1.5388,0.0,0.0,0.0,0.0,0.0
10260,Pop_01034,Thankful,Kelly Clarkson,Pop,0.2333,1.4672,0.0,0.0,0.0,0.0,0.0
10261,Pop_01035,The War Is Over,Kelly Clarkson,Pop,0.35,1.5757,0.0,0.0,0.0,0.0,0.0
10262,Pop_01036,Tightrope,Kelly Clarkson,Pop,0.4286,1.7276,0.0,0.0,0.0,0.0,0.0
10263,Pop_01037,White Christmas,Kelly Clarkson,Pop,0.6154,1.6359,0.0,0.0,0.0,0.0,0.0
10264,Pop_01038,You Found Me,Kelly Clarkson,Pop,0.6418,1.4823,0.0,0.0,0.0,0.0,0.0
39635,Pop_01039,4 Carats,Kelly Clarkson,Pop,0.55,1.6181,0.0,0.0,0.0,0.0,0.0
39636,Pop_01040,A Moment Like This,Kelly Clarkson,Pop,0.5625,1.6698,0.0,0.0,0.0,0.0,0.0
39637,Pop_01041,A Moment Like This(vegas Style),Kelly Clarkson,Pop,0.4667,1.76,0.0,0.0,0.0,0.0,0.0
39638,Pop_01042,A Whole New World,Kelly Clarkson,Pop,0.0833,1.6979,0.0,0.0,0.0,0.0,0.0
39639,Pop_01043,Addicted,Kelly Clarkson,Pop,0.7213,1.5007,0.0,0.0,0.0,0.0,0.0
39640,Pop_01044,Ain't No Mountain High Enough,Kelly Clarkson,Pop,0.4909,1.5887,0.0,0.0,0.0,0.0,0.0
39641,Pop_01045,All I Ever Wanted,Kelly Clarkson,Pop,0.4286,1.8805,0.0,0.0,0.0,0.0,0.0
39642,Pop_01046,All I Know,Kelly Clarkson,Pop,0.2258,1.4645,0.0,0.0,0.0,0.0,0.0
39643,Pop_01047,Alone,Kelly Clarkson,Pop,0.42,1.5294,0.0,0.0,0.0,0.0,0.0
39644,Pop_01048,Anymore,Kelly Clarkson,Pop,0.6098,1.5152,0.0,0.0,0.0,0.0,0.0
39645,Pop_01049,Anytime,Kelly Clarkson,Pop,0.1515,1.4389,0.0,0.0,0.0,0.0,0.0
39646,Pop_01050,Back Again,Kelly Clarkson,Pop,0.2059,1.4594,0.0,0.0,0.0,0.0,0.0
39647,Pop_01051,Bad Reputation,Kelly Clarkson,Pop,0.4286,1.6405,0.0,0.0,0.0,0.0,0.0
39648,Pop_01052,Be Still,Kelly Clarkson,Pop,0.4412,1.3525,0.0,0.0,0.0,0.0,0.0
39649,Pop_01053,Because Of You,Kelly Clarkson,Pop,0.4821,1.501,0.0,0.0,0.0,0.0,0.0
39650,Pop_01054,Before Your Love,Kelly Clarkson,Pop,0.1429,1.6548,0.0,0.0,0.0,0.0,0.0
39651,Pop_01055,Behind These Hazel Eyes,Kelly Clarkson,Pop,0.1667,1.625,0.0,0.0,0.0,0.0,0.0
39652,Pop_01056,Boy Next Door,Kelly Clarkson,Pop,0.6071,1.3018,0.0,0.0,0.0,0.0,0.0
39653,Pop_01057,Break The Silence,Kelly Clarkson,Pop,0.6122,1.365,0.0,0.0,0.0,0.0,0.0
39654,Pop_01058,Breakaway,Kelly Clarkson,Pop,0.4386,1.6574,0.0,0.0,0.0,0.0,0.0
39655,Pop_01059,Breaking Your Own Heart,Kelly Clarkson,Pop,0.6,1.5333,0.0,0.0,0.0,0.0,0.0
39656,Pop_01060,Catch My Breath,Kelly Clarkson,Pop,0.6122,1.3827,0.0,0.0,0.0,0.0,0.0
39657,Pop_01061,Chivas,Kelly Clarkson,Pop,0.15,1.3623,0.0,0.0,0.0,0.0,0.0
39658,Pop_01062,Come Here,Kelly Clarkson,Pop,0.4,1.2249,0.0,0.0,0.0,0.0,0.0
39659,Pop_01063,Cry,Kelly Clarkson,Pop,0.3182,1.5093,0.0,0.0,0.0,0.0,0.0
39660,Pop_01064,Dark Side,Kelly Clarkson,Pop,0.64,1.4467,0.0,0.0,0.0,0.0,0.0
39661,Pop_01065,Did You,Kelly Clarkson,Pop,0.4286,1.6875,0.0,0.0,0.0,0.0,0.0
39662,Pop_01066,Does He Love You,Kelly Clarkson,Pop,0.3878,1.6345,0.0,0.0,0.0,0.0,0.0
39663,Pop_01067,Don't,Kelly Clarkson,Pop,0.5738,1.1067,0.0,0.0,0.0,0.0,0.0
39664,Pop_01068,Don't Be A Girl About It,Kelly Clarkson,Pop,0.661,1.4167,0.0,0.0,0.0,0.0,0.0
39665,Pop_01069,Don't Leave Me,Kelly Clarkson,Pop,0.2571,1.7367,0.0,0.0,0.0,0.0,0.0
39666,Pop_01070,Don't Let Me Stop You,Kelly Clarkson,Pop,0.2051,1.4179,0.0,0.0,0.0,0.0,0.0
39667,Pop_01071,Don't Play That Song,Kelly Clarkson,Pop,0.0909,1.3712,0.0,0.0,0.0,0.0,0.0
39668,Pop_01072,Don't Rush,Kelly Clarkson,Pop,0.439,1.8812,0.0,0.0,0.0,0.0,0.0
39669,Pop_01073,Don't Waste Your Time,Kelly Clarkson,Pop,0.1905,1.4441,0.0,0.0,0.0,0.0,0.0
39670,Pop_01074,Einstein,Kelly Clarkson,Pop,0.5676,1.5802,0.0,0.0,0.0,0.0,0.0
39671,Pop_01075,Empty Handed,Kelly Clarkson,Pop,0.7347,1.5493,0.0,0.0,0.0,0.0,0.0
39672,Pop_01076,Every Christmas,Kelly Clarkson,Pop,0.4762,1.6603,0.0,0.0,0.0,0.0,0.0
39673,Pop_01077,Fading,Kelly Clarkson,Pop,0.4894,1.5965,0.0,0.0,0.0,0.0,0.0
39675,Pop_01078,Get Up,Kelly Clarkson,Pop,0.72,1.3184,0.0,0.0,0.0,0.0,0.0
39676,Pop_01079,Gone,Kelly Clarkson,Pop,0.5932,1.4637,0.0,0.0,0.0,0.0,0.0
39677,Pop_01080,Good Goes The Bye,Kelly Clarkson,Pop,0.6923,1.3147,0.0,0.0,0.0,0.0,0.0
39678,Pop_01081,Haunted,Kelly Clarkson,Pop,0.3929,1.4056,0.0,0.0,0.0,0.0,0.0
39679,Pop_01082,Hello,Kelly Clarkson,Pop,0.16,1.9158,0.0,0.0,0.0,0.0,0.0
39680,Pop_01083,Hole,Kelly Clarkson,Pop,0.2857,1.6476,0.0,0.0,0.0,0.0,0.0
39681,Pop_01084,Honestly,Kelly Clarkson,Pop,0.7727,1.5298,0.0,0.0,0.0,0.0,0.0
39682,Pop_01085,How I Feel,Kelly Clarkson,Pop,0.449,1.3987,0.0,0.0,0.0,0.0,0.0
39683,Pop_01086,I Can't,Kelly Clarkson,Pop,0.6444,1.5867,0.0,0.0,0.0,0.0,0.0
39684,Pop_01087,I Forgive You,Kelly Clarkson,Pop,0.7045,1.917,0.0,0.0,0.0,0.0,0.0
39685,Pop_01088,I Had A Dream,Kelly Clarkson,Pop,0.549,1.6119,0.0,0.0,0.0,0.0,0.0
39686,Pop_01089,I Hate Myself For Losing You,Kelly Clarkson,Pop,0.4615,1.6356,0.0,0.0,0.0,0.0,0.0
39687,Pop_01090,I Never Loved A Man,Kelly Clarkson,Pop,0.1111,1.2773,0.0,0.0,0.0,0.0,0.0
39688,Pop_01091,I Want You,Kelly Clarkson,Pop,0.6863,1.3521,0.0,0.0,0.0,0.0,0.0
39689,Pop_01092,I Wish I Could Be Lonely Instead,Kelly Clarkson,Pop,0.4255,1.4204,0.0,0.0,0.0,0.0,0.0
39690,Pop_01093,If I Can't Have You,Kelly Clarkson,Pop,0.1071,1.6397,0.0,0.0,0.0,0.0,0.0
39691,Pop_01094,If No One Will Listen,Kelly Clarkson,Pop,0.1818,1.5205,0.0,0.0,0.0,0.0,0.0
39692,Pop_01095,In The Air Tonight,Kelly Clarkson,Pop,0.5962,1.3374,0.0,0.0,0.0,0.0,0.0
39693,Pop_01096,In The Blue,Kelly Clarkson,Pop,0.5714,1.5596,0.0,0.0,0.0,0.0,0.0
39694,Pop_01097,Invincible,Kelly Clarkson,Pop,0.8077,2.0324,0.0,0.0,0.0,0.0,0.0
39695,Pop_01098,It's Quiet Uptown,Kelly Clarkson,Pop,0.1884,1.8242,0.0,0.0,0.0,0.0,0.0
39696,Pop_01099,Judas,Kelly Clarkson,Pop,0.6,1.5844,0.0,0.0,0.0,0.0,0.0
39697,Pop_01100,Just For Now,Kelly Clarkson,Pop,0.74,1.6026,0.0,0.0,0.0,0.0,0.0
39698,Pop_01101,Just Missed The Train,Kelly Clarkson,Pop,0.5682,1.478,0.0,0.0,0.0,0.0,0.0
39699,Pop_01102,Let Me Down,Kelly Clarkson,Pop,0.0588,1.4387,0.0,0.0,0.0,0.0,0.0
39700,Pop_01103,Long Shot,Kelly Clarkson,Pop,0.5082,1.6303,0.0,0.0,0.0,0.0,0.0
39701,Pop_01104,Lost,Kelly Clarkson,Pop,0.5778,1.4267,0.0,0.0,0.0,0.0,0.0
39702,Pop_01105,Love,Kelly Clarkson,Pop,0.3061,1.3606,0.0,0.0,0.0,0.0,0.0
39703,Pop_01106,Low,Kelly Clarkson,Pop,0.6,1.315,0.0,0.0,0.0,0.0,0.0
39704,Pop_01107,Mr. Know It All,Kelly Clarkson,Pop,0.3333,1.3694,0.0,0.0,0.0,0.0,0.0
39705,Pop_01108,My Escape,Kelly Clarkson,Pop,0.5946,1.964,0.0,0.0,0.0,0.0,0.0
39706,Pop_01109,My Grown Up Christmas List,Kelly Clarkson,Pop,0.55,1.5604,0.0,0.0,0.0,0.0,0.0
39707,Pop_01110,My Life Would Suck Without You,Kelly Clarkson,Pop,0.4211,1.8218,0.0,0.0,0.0,0.0,0.0
39708,Pop_01111,Natural Woman,Kelly Clarkson,Pop,0.3529,1.4892,0.0,0.0,0.0,0.0,0.0
39709,Pop_01112,Never Again,Kelly Clarkson,Pop,0.4688,1.5258,0.0,0.0,0.0,0.0,0.0
39710,Pop_01113,Oh Holy Night,Kelly Clarkson,Pop,0.9355,1.4559,0.0,0.0,0.0,0.0,0.0
39711,Pop_01114,One Minute,Kelly Clarkson,Pop,0.4474,1.6684,0.0,0.0,0.0,0.0,0.0
39712,Pop_01115,Open Arms,Kelly Clarkson,Pop,0.129,1.5722,0.0,0.0,0.0,0.0,0.0
39713,Pop_01116,Piece By Piece,Kelly Clarkson,Pop,0.5965,1.6368,0.0,0.0,0.0,0.0,0.0
39714,Pop_01117,Please Come Home For Christmas,Kelly Clarkson,Pop,0.5,1.4969,0.0,0.0,0.0,0.0,0.0
39715,Pop_01118,Ready,Kelly Clarkson,Pop,0.2581,1.4419,0.0,0.0,0.0,0.0,0.0
39716,Pop_01119,Respect,Kelly Clarkson,Pop,0.1562,1.3984,0.0,0.0,0.0,0.0,0.0
39717,Pop_01120,Run Run Rudolph,Kelly Clarkson,Pop,0.3529,1.4467,0.0,0.0,0.0,0.0,0.0
39718,Pop_01121,Save You,Kelly Clarkson,Pop,0.537,1.3935,0.0,0.0,0.0,0.0,0.0
39719,Pop_01122,Second Wind,Kelly Clarkson,Pop,0.7778,1.6511,0.0,0.0,0.0,0.0,0.0
39720,Pop_01123,Since U Been Gone,Kelly Clarkson,Pop,0.5472,1.2987,0.0,0.0,0.0,0.0,0.0
39721,Pop_01124,Since We've Met,Kelly Clarkson,Pop,0.1667,1.5765,0.0,0.0,0.0,0.0,0.0
39722,Pop_01125,Slamming Doors,Kelly Clarkson,Pop,0.3902,1.4785,0.0,0.0,0.0,0.0,0.0
39723,Pop_01126,Sober,Kelly Clarkson,Pop,0.2581,1.373,0.0,0.0,0.0,0.0,0.0
39724,Pop_01127,Some Kind Of Miracle,Kelly Clarkson,Pop,0.1429,1.5887,0.0,0.0,0.0,0.0,0.0
39725,Pop_01128,Someday (I Will Find You),Kelly Clarkson,Pop,0.5769,1.5154,0.0,0.0,0.0,0.0,0.0
39726,Pop_01129,Someone,Kelly Clarkson,Pop,0.5217,1.7352,0.0,0.0,0.0,0.0,0.0
39728,Pop_01130,Stronger,Kelly Clarkson,Pop,0.597,1.6124,0.0,0.0,0.0,0.0,0.0
39729,Pop_01131,Take Me Away,Kelly Clarkson,Pop,0.5814,1.4244,0.0,0.0,0.0,0.0,0.0
39730,Pop_01132,Take My Breath Away,Kelly Clarkson,Pop,0.4359,1.605,0.0,0.0,0.0,0.0,0.0
39731,Pop_01133,The Day We Fell Apart,Kelly Clarkson,Pop,0.6154,1.5974,0.0,0.0,0.0,0.0,0.0
39732,Pop_01134,The Luv (The Bounce),Kelly Clarkson,Pop,0.4831,1.3049,0.0,0.0,0.0,0.0,0.0
39733,Pop_01135,The Sun Will Rise,Kelly Clarkson,Pop,0.5682,1.3146,0.0,0.0,0.0,0.0,0.0
39734,Pop_01136,The Trouble With Love Is,Kelly Clarkson,Pop,0.48,1.4721,0.0,0.0,0.0,0.0,0.0
39735,Pop_01137,Think Twice,Kelly Clarkson,Pop,0.4375,1.5462,0.0,0.0,0.0,0.0,0.0
39736,Pop_01138,Tie It Up,Kelly Clarkson,Pop,0.4364,1.2212,0.0,0.0,0.0,0.0,0.0
39737,Pop_01139,Timeless,Kelly Clarkson,Pop,0.4375,1.7661,0.0,0.0,0.0,0.0,0.0
39738,Pop_01140,Tip Of My Tongue,Kelly Clarkson,Pop,0.5741,1.4099,0.0,0.0,0.0,0.0,0.0
39739,Pop_01141,Underneath The Tree,Kelly Clarkson,Pop,0.7407,1.6858,0.0,0.0,0.0,0.0,0.0
39740,Pop_01142,Up To The Mountains,Kelly Clarkson,Pop,0.25,1.775,0.0,0.0,0.0,0.0,0.0
39741,Pop_01143,Vacation,Kelly Clarkson,Pop,0.9048,1.9519,0.0,0.0,0.0,0.0,0.0
39742,Pop_01144,Walk Away,Kelly Clarkson,Pop,0.3651,1.5206,0.0,0.0,0.0,0.0,0.0
39743,Pop_01145,Walk On By,Kelly Clarkson,Pop,0.3846,1.2189,0.0,0.0,0.0,0.0,0.0
39744,Pop_01146,War Paint,Kelly Clarkson,Pop,0.7544,1.3365,0.0,0.0,0.0,0.0,0.0
39745,Pop_01147,What Happened Here,Kelly Clarkson,Pop,0.5303,1.7596,0.0,0.0,0.0,0.0,0.0
39746,Pop_01148,What If,Kelly Clarkson,Pop,0.1818,1.5161,0.0,0.0,0.0,0.0,0.0
39747,Pop_01149,What's Up Lonely,Kelly Clarkson,Pop,0.0741,1.6872,0.0,0.0,0.0,0.0,0.0
39748,Pop_01150,Where Is Your Heart,Kelly Clarkson,Pop,0.4857,1.452,0.0,0.0,0.0,0.0,0.0
39749,Pop_01151,Where You Are,Kelly Clarkson,Pop,0.5833,1.6029,0.0,0.0,0.0,0.0,0.0
39750,Pop_01152,Why Don't You Try,Kelly Clarkson,Pop,0.5,1.306,0.0,0.0,0.0,0.0,0.0
39751,Pop_01153,Whyyawannabringmedown,Kelly Clarkson,Pop,0.5,1.4881,0.0,0.0,0.0,0.0,0.0
39752,Pop_01154,Without You (American Idol Aug 27),Kelly Clarkson,Pop,0.6,1.3867,0.0,0.0,0.0,0.0,0.0
39753,Pop_01155,Wrapped In Red,Kelly Clarkson,Pop,0.5625,1.7049,0.0,0.0,0.0,0.0,0.0
39754,Pop_01156,Yeah,Kelly Clarkson,Pop,0.1538,1.4038,0.0,0.0,0.0,0.0,0.0
39755,Pop_01157,You Can't Win,Kelly Clarkson,Pop,0.1944,1.4588,0.0,0.0,0.0,0.0,0.0
39756,Pop_01158,You Love Me,Kelly Clarkson,Pop,0.4889,1.4456,0.0,0.0,0.0,0.0,0.0
39757,Pop_01159,You Still Won't Know What It's Like,Kelly Clarkson,Pop,0.6444,1.4261,0.0,0.0,0.0,0.0,0.0
39758,Pop_01160,You Thought Wrong,Kelly Clarkson,Pop,0.119,1.4968,0.0,0.0,0.0,0.0,0.0
39759,Pop_01161,You're All I Need,Kelly Clarkson,Pop,0.2857,1.4869,0.0,0.0,0.0,0.0,0.0
11031,Pop_01162,All I See,Kylie Minogue,Pop,0.3273,1.4108,0.0,0.0,0.0,0.0,0.0
11032,Pop_01163,Always Find The Time,Kylie Minogue,Pop,0.3929,1.5643,0.0,0.0,0.0,0.0,0.0
11033,Pop_01164,Better The Devil You Know,Kylie Minogue,Pop,0.3667,1.45,0.0,0.0,0.0,0.0,0.0
11034,Pop_01165,Butterfly,Kylie Minogue,Pop,0.5926,1.6877,0.0,0.0,0.0,0.0,0.0
11035,Pop_01166,Come Into My World,Kylie Minogue,Pop,0.5,1.1601,0.0,0.0,0.0,0.0,0.0
11036,Pop_01167,Cosmic,Kylie Minogue,Pop,0.2,1.6027,0.0,0.0,0.0,0.0,0.0
11037,Pop_01168,Crystallize,Kylie Minogue,Pop,0.5,1.8672,0.0,0.0,0.0,0.0,0.0
11038,Pop_01169,Did It Again,Kylie Minogue,Pop,0.5152,1.3468,0.0,0.0,0.0,0.0,0.0
11039,Pop_01170,Difficult By Design,Kylie Minogue,Pop,0.3429,1.7524,0.0,0.0,0.0,0.0,0.0
11040,Pop_01171,Disco Down,Kylie Minogue,Pop,0.5366,1.6142,0.0,0.0,0.0,0.0,0.0
11041,Pop_01172,Dreams,Kylie Minogue,Pop,0.1053,1.793,0.0,0.0,0.0,0.0,0.0
11042,Pop_01173,Drunk,Kylie Minogue,Pop,0.2692,1.3506,0.0,0.0,0.0,0.0,0.0
11043,Pop_01174,Especially For You,Kylie Minogue,Pop,0.3421,1.6949,0.0,0.0,0.0,0.0,0.0
11044,Pop_01175,Everything Is Beautiful,Kylie Minogue,Pop,0.4444,2.0309,0.0,0.0,0.0,0.0,0.0
11045,Pop_01176,Extraordinary Day,Kylie Minogue,Pop,0.4839,1.9656,0.0,0.0,0.0,0.0,0.0
11046,Pop_01177,Falling,Kylie Minogue,Pop,0.4138,1.4362,0.0,0.0,0.0,0.0,0.0
11047,Pop_01178,Feels So Good,Kylie Minogue,Pop,0.5897,1.456,0.0,0.0,0.0,0.0,0.0
11048,Pop_01179,Fever,Kylie Minogue,Pop,0.6327,1.5184,0.0,0.0,0.0,0.0,0.0
11049,Pop_01180,Fine,Kylie Minogue,Pop,0.7073,1.3206,0.0,0.0,0.0,0.0,0.0
11050,Pop_01181,Finer Feelings,Kylie Minogue,Pop,0.3611,1.5324,0.0,0.0,0.0,0.0,0.0
11051,Pop_01182,Fragile,Kylie Minogue,Pop,0.7059,1.5529,0.0,0.0,0.0,0.0,0.0
11052,Pop_01183,Free,Kylie Minogue,Pop,0.5946,1.5477,0.0,0.0,0.0,0.0,0.0
11053,Pop_01184,I Am The One For You,Kylie Minogue,Pop,0.7321,1.6628,0.0,0.0,0.0,0.0,0.0
11054,Pop_01185,I Don't Know What It Is,Kylie Minogue,Pop,0.4583,1.5493,0.0,0.0,0.0,0.0,0.0
11055,Pop_01186,I Don't Need Anyone,Kylie Minogue,Pop,0.5625,1.6198,0.0,0.0,0.0,0.0,0.0
11056,Pop_01187,I Feel For You,Kylie Minogue,Pop,0.5862,1.2971,0.0,0.0,0.0,0.0,0.0
11057,Pop_01188,I Gotta Love,Kylie Minogue,Pop,0.1739,1.3913,0.0,0.0,0.0,0.0,0.0
11058,Pop_01189,I Guess I Like It Like That,Kylie Minogue,Pop,0.8125,1.1849,0.0,0.0,0.0,0.0,0.0
11059,Pop_01190,I Know,Kylie Minogue,Pop,0.2927,1.9923,0.0,0.0,0.0,0.0,0.0
11060,Pop_01191,I Was Gonna Cancel,Kylie Minogue,Pop,0.5333,1.2405,0.0,0.0,0.0,0.0,0.0
11061,Pop_01192,If I Was Your Lover,Kylie Minogue,Pop,0.5,1.5743,0.0,0.0,0.0,0.0,0.0
11062,Pop_01193,In My Arms,Kylie Minogue,Pop,0.6154,1.3393,0.0,0.0,0.0,0.0,0.0
11064,Pop_01194,Let's Get To It,Kylie Minogue,Pop,0.4242,1.3586,0.0,0.0,0.0,0.0,0.0
11065,Pop_01195,Light Years,Kylie Minogue,Pop,0.375,1.3801,0.0,0.0,0.0,0.0,0.0
11066,Pop_01196,Looking For An Angel,Kylie Minogue,Pop,0.5882,1.6618,0.0,0.0,0.0,0.0,0.0
11067,Pop_01197,Love Affair,Kylie Minogue,Pop,0.5714,1.5752,0.0,0.0,0.0,0.0,0.0
11068,Pop_01198,Love At First Sight,Kylie Minogue,Pop,0.6923,1.3417,0.0,0.0,0.0,0.0,0.0
11069,Pop_01199,Love Is On The Line,Kylie Minogue,Pop,0.5854,1.3065,0.0,0.0,0.0,0.0,0.0
11070,Pop_01200,Love Is Waiting,Kylie Minogue,Pop,0.0541,1.7149,0.0,0.0,0.0,0.0,0.0
11071,Pop_01201,Loveboat,Kylie Minogue,Pop,0.575,1.5965,0.0,0.0,0.0,0.0,0.0
11072,Pop_01202,Made In Heaven,Kylie Minogue,Pop,0.7377,1.4462,0.0,0.0,0.0,0.0,0.0
11073,Pop_01203,No World Without You,Kylie Minogue,Pop,0.5,1.4773,0.0,0.0,0.0,0.0,0.0
11074,Pop_01204,On A Night Like This,Kylie Minogue,Pop,0.7609,1.2811,0.0,0.0,0.0,0.0,0.0
11075,Pop_01205,Out Of My Head,Kylie Minogue,Pop,0.8261,1.1486,0.0,0.0,0.0,0.0,0.0
11076,Pop_01206,Paper Dolls,Kylie Minogue,Pop,0.6667,1.5634,0.0,0.0,0.0,0.0,0.0
11077,Pop_01207,Please Stay,Kylie Minogue,Pop,0.44,1.4587,0.0,0.0,0.0,0.0,0.0
11078,Pop_01208,Put Yourself In My Place,Kylie Minogue,Pop,0.6897,1.4822,0.0,0.0,0.0,0.0,0.0
11079,Pop_01209,Rhythm Of Love,Kylie Minogue,Pop,0.6452,1.2829,0.0,0.0,0.0,0.0,0.0
11080,Pop_01210,Say The Word - I'll Be There,Kylie Minogue,Pop,0.7451,1.4575,0.0,0.0,0.0,0.0,0.0
11081,Pop_01211,Secret (Take You Home),Kylie Minogue,Pop,0.5397,1.6635,0.0,0.0,0.0,0.0,0.0
11082,Pop_01212,Secrets,Kylie Minogue,Pop,0.3871,1.6183,0.0,0.0,0.0,0.0,0.0
11083,Pop_01213,Skirt,Kylie Minogue,Pop,0.7805,1.3048,0.0,0.0,0.0,0.0,0.0
11084,Pop_01214,Sometimes Samurai,Kylie Minogue,Pop,0.4138,2.2473,0.0,0.0,0.0,0.0,0.0
11085,Pop_01215,Soul On Fire,Kylie Minogue,Pop,0.4828,1.3667,0.0,0.0,0.0,0.0,0.0
11086,Pop_01216,Sparks,Kylie Minogue,Pop,0.7297,1.2833,0.0,0.0,0.0,0.0,0.0
11087,Pop_01217,Spell Of Desire,Kylie Minogue,Pop,0.8163,1.3914,0.0,0.0,0.0,0.0,0.0
11088,Pop_01218,Spinning Around,Kylie Minogue,Pop,0.5139,1.4604,0.0,0.0,0.0,0.0,0.0
11089,Pop_01219,Stars,Kylie Minogue,Pop,0.7317,1.535,0.0,0.0,0.0,0.0,0.0
11090,Pop_01220,Stay This Way,Kylie Minogue,Pop,0.5926,1.2099,0.0,0.0,0.0,0.0,0.0
11091,Pop_01221,Step Back In Time,Kylie Minogue,Pop,0.1429,1.4565,0.0,0.0,0.0,0.0,0.0
11092,Pop_01222,Sweet Music,Kylie Minogue,Pop,0.747,1.4032,0.0,0.0,0.0,0.0,0.0
11093,Pop_01223,Take Me With You,Kylie Minogue,Pop,0.1852,1.45,0.0,0.0,0.0,0.0,0.0
40956,Pop_01224,2 Hearts,Kylie Minogue,Pop,0.7255,1.5771,0.0,0.0,0.0,0.0,0.0
40957,Pop_01225,After Dark,Kylie Minogue,Pop,0.3571,1.3852,0.0,0.0,0.0,0.0,0.0
40958,Pop_01226,Almost A Lover,Kylie Minogue,Pop,0.4655,1.5342,0.0,0.0,0.0,0.0,0.0
40959,Pop_01227,Always And Forever,Kylie Minogue,Pop,0.7143,1.65,0.0,0.0,0.0,0.0,0.0
40960,Pop_01228,Aston Martin,Kylie Minogue,Pop,0.6512,1.5562,0.0,0.0,0.0,0.0,0.0
40961,Pop_01229,Automatic Love,Kylie Minogue,Pop,0.5652,1.8536,0.0,0.0,0.0,0.0,0.0
40962,Pop_01230,Baby,Kylie Minogue,Pop,0.6974,1.4654,0.0,0.0,0.0,0.0,0.0
40963,Pop_01231,Beautiful,Kylie Minogue,Pop,0.5625,1.7862,0.0,0.0,0.0,0.0,0.0
40964,Pop_01232,Bittersweet Goodbye,Kylie Minogue,Pop,0.2222,1.4972,0.0,0.0,0.0,0.0,0.0
40965,Pop_01233,Boy,Kylie Minogue,Pop,0.6222,1.3742,0.0,0.0,0.0,0.0,0.0
40966,Pop_01234,Break This Heartbreak,Kylie Minogue,Pop,0.7941,1.4284,0.0,0.0,0.0,0.0,0.0
40967,Pop_01235,Breathe,Kylie Minogue,Pop,0.7442,1.5461,0.0,0.0,0.0,0.0,0.0
40968,Pop_01236,Bury Me Deep In Love,Kylie Minogue,Pop,0.1579,1.5889,0.0,0.0,0.0,0.0,0.0
40969,Pop_01237,Can't Get You Out Of My Head,Kylie Minogue,Pop,0.7805,1.1504,0.0,0.0,0.0,0.0,0.0
40970,Pop_01238,Can't Get You Out Of My Head (Soulwax Elektronic M,Kylie Minogue,Pop,1.0,1.1026,0.0,0.0,0.0,0.0,0.0
40971,Pop_01239,Chasing Ghosts,Kylie Minogue,Pop,0.5926,1.7284,0.0,0.0,0.0,0.0,0.0
40972,Pop_01240,Chocolate,Kylie Minogue,Pop,0.7294,1.462,0.0,0.0,0.0,0.0,0.0
40973,Pop_01241,City Games,Kylie Minogue,Pop,0.7059,1.5618,0.0,0.0,0.0,0.0,0.0
40974,Pop_01242,Closer,Kylie Minogue,Pop,0.5938,1.8393,0.0,0.0,0.0,0.0,0.0
40975,Pop_01243,Confide In Me,Kylie Minogue,Pop,0.6571,2.1333,0.0,0.0,0.0,0.0,0.0
40976,Pop_01244,Count The Days,Kylie Minogue,Pop,0.3409,1.6258,0.0,0.0,0.0,0.0,0.0
40977,Pop_01245,Cover Me With Kisses,Kylie Minogue,Pop,0.7959,1.4796,0.0,0.0,0.0,0.0,0.0
40978,Pop_01246,Cowboy Style,Kylie Minogue,Pop,0.5333,1.7906,0.0,0.0,0.0,0.0,0.0
40979,Pop_01247,Cruise Control,Kylie Minogue,Pop,0.7564,1.3853,0.0,0.0,0.0,0.0,0.0
40980,Pop_01248,Cupid Boy,Kylie Minogue,Pop,0.4915,1.3534,0.0,0.0,0.0,0.0,0.0
40981,Pop_01249,Dancefloor,Kylie Minogue,Pop,0.6486,1.4486,0.0,0.0,0.0,0.0,0.0
40982,Pop_01250,Dancing Queen,Kylie Minogue,Pop,0.5833,1.5427,0.0,0.0,0.0,0.0,0.0
40983,Pop_01251,Dangerous Game,Kylie Minogue,Pop,0.5349,1.4266,0.0,0.0,0.0,0.0,0.0
40984,Pop_01252,Death Is Not The End,Kylie Minogue,Pop,0.4737,1.5811,0.0,0.0,0.0,0.0,0.0
40985,Pop_01253,Do You Dare?,Kylie Minogue,Pop,0.9524,1.3175,0.0,0.0,0.0,0.0,0.0
40986,Pop_01254,Enjoy Yourself,Kylie Minogue,Pop,0.1538,1.5923,0.0,0.0,0.0,0.0,0.0
40987,Pop_01255,Flower,Kylie Minogue,Pop,0.6923,1.7649,0.0,0.0,0.0,0.0,0.0
40988,Pop_01256,Give It To Me,Kylie Minogue,Pop,0.3125,1.201,0.0,0.0,0.0,0.0,0.0
40989,Pop_01257,Giving You Up,Kylie Minogue,Pop,0.5094,1.4616,0.0,0.0,0.0,0.0,0.0
40990,Pop_01258,Glow,Kylie Minogue,Pop,0.6486,1.5331,0.0,0.0,0.0,0.0,0.0
40991,Pop_01259,Good Life,Kylie Minogue,Pop,0.5,1.4447,0.0,0.0,0.0,0.0,0.0
40992,Pop_01260,Good Like That,Kylie Minogue,Pop,0.3243,1.4037,0.0,0.0,0.0,0.0,0.0
40993,Pop_01261,Got To Be Certain,Kylie Minogue,Pop,0.1111,1.4444,0.0,0.0,0.0,0.0,0.0
40994,Pop_01262,Harmony,Kylie Minogue,Pop,0.6061,2.1573,0.0,0.0,0.0,0.0,0.0
40995,Pop_01263,Heart Beat Rock,Kylie Minogue,Pop,0.7037,1.3256,0.0,0.0,0.0,0.0,0.0
40996,Pop_01264,Heaven And Earth,Kylie Minogue,Pop,0.2593,1.6235,0.0,0.0,0.0,0.0,0.0
40997,Pop_01265,I Am Ready,Kylie Minogue,Pop,0.6667,1.6114,0.0,0.0,0.0,0.0,0.0
40998,Pop_01266,I Believe In You,Kylie Minogue,Pop,0.3125,2.1861,0.0,0.0,0.0,0.0,0.0
40999,Pop_01267,If Only,Kylie Minogue,Pop,0.7381,1.3708,0.0,0.0,0.0,0.0,0.0
41000,Pop_01268,If You Don't Love Me,Kylie Minogue,Pop,0.5455,1.504,0.0,0.0,0.0,0.0,0.0
41001,Pop_01269,If You Were With Me Now,Kylie Minogue,Pop,0.1786,1.4355,0.0,0.0,0.0,0.0,0.0
41002,Pop_01270,I'll Still Be Loving You,Kylie Minogue,Pop,0.1905,1.4802,0.0,0.0,0.0,0.0,0.0
41003,Pop_01271,Illusion,Kylie Minogue,Pop,0.2593,1.7784,0.0,0.0,0.0,0.0,0.0
41004,Pop_01272,I'm Just Here For The Music,Kylie Minogue,Pop,0.5283,1.3965,0.0,0.0,0.0,0.0,0.0
41005,Pop_01273,I'm So High,Kylie Minogue,Pop,0.6667,1.713,0.0,0.0,0.0,0.0,0.0
41006,Pop_01274,In Denial,Kylie Minogue,Pop,0.2059,1.5503,0.0,0.0,0.0,0.0,0.0
41007,Pop_01275,In Your Eyes,Kylie Minogue,Pop,0.64,1.6333,0.0,0.0,0.0,0.0,0.0
41008,Pop_01276,Into The Blue,Kylie Minogue,Pop,0.5641,1.4965,0.0,0.0,0.0,0.0,0.0
41009,Pop_01277,It's No Secret,Kylie Minogue,Pop,0.5806,1.7739,0.0,0.0,0.0,0.0,0.0
41010,Pop_01278,Je Ne Sais Pas Pourquoi,Kylie Minogue,Pop,0.4412,1.3355,0.0,0.0,0.0,0.0,0.0
41011,Pop_01279,Jump,Kylie Minogue,Pop,0.4545,1.3932,0.0,0.0,0.0,0.0,0.0
41012,Pop_01280,Just Wanna Love You,Kylie Minogue,Pop,0.5769,1.4913,0.0,0.0,0.0,0.0,0.0
41013,Pop_01281,Kids,Kylie Minogue,Pop,0.3,1.5958,0.0,0.0,0.0,0.0,0.0
41014,Pop_01282,King Or Queen,Kylie Minogue,Pop,0.65,1.4363,0.0,0.0,0.0,0.0,0.0
41015,Pop_01283,Kiss Me Once,Kylie Minogue,Pop,0.6087,1.2863,0.0,0.0,0.0,0.0,0.0
41016,Pop_01284,Kylie's Smiley Mix,Kylie Minogue,Pop,0.1443,1.6745,0.0,0.0,0.0,0.0,0.0
41017,Pop_01285,Les Sex,Kylie Minogue,Pop,0.6889,1.0988,0.0,0.0,0.0,0.0,0.0
41018,Pop_01286,Let It Snow,Kylie Minogue,Pop,0.1875,1.375,0.0,0.0,0.0,0.0,0.0
41019,Pop_01287,Like A Drug,Kylie Minogue,Pop,0.5,1.3933,0.0,0.0,0.0,0.0,0.0
41020,Pop_01288,Limbo,Kylie Minogue,Pop,0.5,1.6431,0.0,0.0,0.0,0.0,0.0
41021,Pop_01289,Live And Learn,Kylie Minogue,Pop,0.5968,1.3853,0.0,0.0,0.0,0.0,0.0
41022,Pop_01290,Love Takes Over Me,Kylie Minogue,Pop,0.5918,1.4822,0.0,0.0,0.0,0.0,0.0
41023,Pop_01291,Loving Days,Kylie Minogue,Pop,0.7174,1.6239,0.0,0.0,0.0,0.0,0.0
41024,Pop_01292,Lovingyou,Kylie Minogue,Pop,0.4898,1.4942,0.0,0.0,0.0,0.0,0.0
41025,Pop_01293,Made Of Glass,Kylie Minogue,Pop,0.7321,1.5801,0.0,0.0,0.0,0.0,0.0
41026,Pop_01294,Magnetic Electric,Kylie Minogue,Pop,0.7,1.7828,0.0,0.0,0.0,0.0,0.0
41027,Pop_01295,Mighty Rivers,Kylie Minogue,Pop,0.4048,1.4163,0.0,0.0,0.0,0.0,0.0
41028,Pop_01296,Million Miles,Kylie Minogue,Pop,0.66,1.4488,0.0,0.0,0.0,0.0,0.0
41029,Pop_01297,More More More,Kylie Minogue,Pop,0.3448,1.5506,0.0,0.0,0.0,0.0,0.0
41030,Pop_01298,Mr. President,Kylie Minogue,Pop,0.7412,1.5565,0.0,0.0,0.0,0.0,0.0
41031,Pop_01299,My Love Is Real,Kylie Minogue,Pop,1.0,1.5909,0.0,0.0,0.0,0.0,0.0
41032,Pop_01300,My Secret Heart,Kylie Minogue,Pop,0.1111,1.4954,0.0,0.0,0.0,0.0,0.0
41033,Pop_01301,Never Too Late,Kylie Minogue,Pop,0.3125,1.5151,0.0,0.0,0.0,0.0,0.0
41034,Pop_01302,No Better,Kylie Minogue,Pop,0.66,1.7617,0.0,0.0,0.0,0.0,0.0
41035,Pop_01303,No More Rain,Kylie Minogue,Pop,0.4375,1.2787,0.0,0.0,0.0,0.0,0.0
41036,Pop_01304,Nothing Can Stop Us,Kylie Minogue,Pop,0.4286,1.4095,0.0,0.0,0.0,0.0,0.0
41037,Pop_01305,Nu-di-ty,Kylie Minogue,Pop,0.4545,1.6439,0.0,0.0,0.0,0.0,0.0
41038,Pop_01306,Obsession,Kylie Minogue,Pop,0.4545,1.721,0.0,0.0,0.0,0.0,0.0
41039,Pop_01307,Ocean Blue,Kylie Minogue,Pop,0.7419,1.5457,0.0,0.0,0.0,0.0,0.0
41040,Pop_01308,On The Up,Kylie Minogue,Pop,0.747,1.3754,0.0,0.0,0.0,0.0,0.0
41041,Pop_01309,One Boy Girl,Kylie Minogue,Pop,0.1935,1.427,0.0,0.0,0.0,0.0,0.0
41043,Pop_01310,Physical,Kylie Minogue,Pop,0.5102,1.6718,0.0,0.0,0.0,0.0,0.0
41044,Pop_01311,Promises,Kylie Minogue,Pop,0.3182,1.8527,0.0,0.0,0.0,0.0,0.0
41045,Pop_01312,Put Your Hands Up,Kylie Minogue,Pop,0.7091,1.4364,0.0,0.0,0.0,0.0,0.0
41046,Pop_01313,Red Blooded Woman,Kylie Minogue,Pop,0.6714,2.0092,0.0,0.0,0.0,0.0,0.0
41047,Pop_01314,Rendezvous At Sunset,Kylie Minogue,Pop,0.7209,1.7217,0.0,0.0,0.0,0.0,0.0
41048,Pop_01315,"Right Here, Right Now",Kylie Minogue,Pop,0.36,1.5233,0.0,0.0,0.0,0.0,0.0
41049,Pop_01316,Santa Baby,Kylie Minogue,Pop,0.129,1.6518,0.0,0.0,0.0,0.0,0.0
41050,Pop_01317,Sensitized,Kylie Minogue,Pop,0.425,1.7375,0.0,0.0,0.0,0.0,0.0
41051,Pop_01318,Sexercize,Kylie Minogue,Pop,0.8409,1.8886,0.0,0.0,0.0,0.0,0.0
41052,Pop_01319,Sexy Love,Kylie Minogue,Pop,0.716,1.4223,0.0,0.0,0.0,0.0,0.0
41053,Pop_01320,Shocked,Kylie Minogue,Pop,0.0667,1.6796,0.0,0.0,0.0,0.0,0.0
41054,Pop_01321,Silence,Kylie Minogue,Pop,0.6667,1.5509,0.0,0.0,0.0,0.0,0.0
41055,Pop_01322,Sleeping With The Enemy,Kylie Minogue,Pop,0.5333,1.5378,0.0,0.0,0.0,0.0,0.0
41056,Pop_01323,Slow,Kylie Minogue,Pop,0.5833,1.2993,0.0,0.0,0.0,0.0,0.0
41057,Pop_01324,Slow Motion,Kylie Minogue,Pop,0.3448,1.7129,0.0,0.0,0.0,0.0,0.0
41058,Pop_01325,So Now Goodbye,Kylie Minogue,Pop,0.6383,1.5081,0.0,0.0,0.0,0.0,0.0
41059,Pop_01326,Some Kind Of Bliss,Kylie Minogue,Pop,0.5,1.6993,0.0,0.0,0.0,0.0,0.0
41060,Pop_01327,Someday,Kylie Minogue,Pop,0.4242,1.553,0.0,0.0,0.0,0.0,0.0
41061,Pop_01328,Speakerphone,Kylie Minogue,Pop,0.5976,1.4929,0.0,0.0,0.0,0.0,0.0
41062,Pop_01329,Still Standing,Kylie Minogue,Pop,0.6512,1.3105,0.0,0.0,0.0,0.0,0.0
41063,Pop_01330,Surrender,Kylie Minogue,Pop,0.4167,1.6782,0.0,0.0,0.0,0.0,0.0
41064,Pop_01331,Tears,Kylie Minogue,Pop,0.5306,1.3486,0.0,0.0,0.0,0.0,0.0
2872,Pop_01332,At Last,Christina Aguilera,Pop,0.6471,1.2696,0.0,0.0,0.0,0.0,0.0
2873,Pop_01333,Beautiful,Christina Aguilera,Pop,0.3462,1.7221,0.0,0.0,0.0,0.0,0.0
2874,Pop_01334,Because Ti Amo (Sung At Her Concert),Christina Aguilera,Pop,0.05,1.5425,0.0,0.0,0.0,0.0,0.0
2875,Pop_01335,Believe Me,Christina Aguilera,Pop,0.2708,1.6702,0.0,0.0,0.0,0.0,0.0
2876,Pop_01336,Blank Page,Christina Aguilera,Pop,0.6389,1.4648,0.0,0.0,0.0,0.0,0.0
2877,Pop_01337,Blessed,Christina Aguilera,Pop,0.4074,1.6943,0.0,0.0,0.0,0.0,0.0
2878,Pop_01338,Bound To You,Christina Aguilera,Pop,0.381,1.3506,0.0,0.0,0.0,0.0,0.0
2879,Pop_01339,But I Remember You (Pero Me Acuerdo De Ti),Christina Aguilera,Pop,0.6667,2.063,0.0,0.0,0.0,0.0,0.0
2880,Pop_01340,By Your Side,Christina Aguilera,Pop,0.5714,1.1567,0.0,0.0,0.0,0.0,0.0
2881,Pop_01341,Can You Feel The Love Tonight,Christina Aguilera,Pop,0.3684,1.7195,0.0,0.0,0.0,0.0,0.0
2882,Pop_01342,Candyman,Christina Aguilera,Pop,0.5,1.5263,0.0,0.0,0.0,0.0,0.0
2883,Pop_01343,Change,Christina Aguilera,Pop,0.5714,1.556,0.0,0.0,0.0,0.0,0.0
2884,Pop_01344,Circles,Christina Aguilera,Pop,0.587,1.7491,0.0,0.0,0.0,0.0,0.0
2885,Pop_01345,Climb Every Mountain,Christina Aguilera,Pop,0.3231,1.6742,0.0,0.0,0.0,0.0,0.0
2886,Pop_01346,Fell For The Enemy,Christina Aguilera,Pop,0.5455,1.6224,0.0,0.0,0.0,0.0,0.0
2887,Pop_01347,"Get Mine, Get Yours",Christina Aguilera,Pop,0.2391,1.462,0.0,0.0,0.0,0.0,0.0
2888,Pop_01348,Have Yourself A Merry Little Christmas,Christina Aguilera,Pop,1.0,1.6845,0.0,0.0,0.0,0.0,0.0
2889,Pop_01349,Hello,Christina Aguilera,Pop,0.2436,1.3851,0.0,0.0,0.0,0.0,0.0
2890,Pop_01350,I Come Undone,Christina Aguilera,Pop,0.2857,1.6883,0.0,0.0,0.0,0.0,0.0
2891,Pop_01351,I Feel Your Pain,Christina Aguilera,Pop,0.4348,1.6971,0.0,0.0,0.0,0.0,0.0
2892,Pop_01352,I Got Trouble,Christina Aguilera,Pop,0.05,1.444,0.0,0.0,0.0,0.0,0.0
2893,Pop_01353,i hate boys,Christina Aguilera,Pop,0.5306,1.317,0.0,0.0,0.0,0.0,0.0
2894,Pop_01354,I Have Nothing,Christina Aguilera,Pop,0.4,1.48,0.0,0.0,0.0,0.0,0.0
2895,Pop_01355,I Turn To You,Christina Aguilera,Pop,0.0976,1.5003,0.0,0.0,0.0,0.0,0.0
2896,Pop_01356,I Will Be,Christina Aguilera,Pop,0.35,1.5336,0.0,0.0,0.0,0.0,0.0
2897,Pop_01357,I'll Be Home For Christmas,Christina Aguilera,Pop,0.5417,1.5139,0.0,0.0,0.0,0.0,0.0
2898,Pop_01358,I'm Doing Fine,Christina Aguilera,Pop,0.3333,1.6267,0.0,0.0,0.0,0.0,0.0
2899,Pop_01359,I'm Ok,Christina Aguilera,Pop,0.1724,1.4979,0.0,0.0,0.0,0.0,0.0
2900,Pop_01360,Impossible,Christina Aguilera,Pop,0.5161,1.9925,0.0,0.0,0.0,0.0,0.0
2901,Pop_01361,Infatuation,Christina Aguilera,Pop,0.3448,1.5753,0.0,0.0,0.0,0.0,0.0
2902,Pop_01362,Intro (Back To Basics),Christina Aguilera,Pop,0.2353,1.6988,0.0,0.0,0.0,0.0,0.0
2903,Pop_01363,It's A Man's Man's Man's World,Christina Aguilera,Pop,0.3125,1.4319,0.0,0.0,0.0,0.0,0.0
2904,Pop_01364,Just A Fool,Christina Aguilera,Pop,0.5333,1.3064,0.0,0.0,0.0,0.0,0.0
2905,Pop_01365,Just Be Free,Christina Aguilera,Pop,0.8488,1.1421,0.0,0.0,0.0,0.0,0.0
2906,Pop_01366,Keeps Gettin' Better,Christina Aguilera,Pop,0.6182,1.3275,0.0,0.0,0.0,0.0,0.0
2907,Pop_01367,Kimono Girl,Christina Aguilera,Pop,0.4286,1.6422,0.0,0.0,0.0,0.0,0.0
2908,Pop_01368,Little Dreamer,Christina Aguilera,Pop,0.3636,1.6376,0.0,0.0,0.0,0.0,0.0
2910,Pop_01369,Love Will Find A Way,Christina Aguilera,Pop,0.2222,1.4738,0.0,0.0,0.0,0.0,0.0
2911,Pop_01370,Loving Me 4 Me,Christina Aguilera,Pop,0.3704,1.7134,0.0,0.0,0.0,0.0,0.0
2912,Pop_01371,Make Me Happy,Christina Aguilera,Pop,0.411,1.383,0.0,0.0,0.0,0.0,0.0
2913,Pop_01372,Makes Me Wanna Pray,Christina Aguilera,Pop,0.44,1.513,0.0,0.0,0.0,0.0,0.0
2914,Pop_01373,Mother,Christina Aguilera,Pop,0.6786,1.4107,0.0,0.0,0.0,0.0,0.0
2915,Pop_01374,Moves Like Jagger,Christina Aguilera,Pop,0.5714,1.4265,0.0,0.0,0.0,0.0,0.0
2916,Pop_01375,My Destiny,Christina Aguilera,Pop,0.4348,1.538,0.0,0.0,0.0,0.0,0.0
2918,Pop_01376,My Girls,Christina Aguilera,Pop,0.3478,1.4525,0.0,0.0,0.0,0.0,0.0
2919,Pop_01377,Nasty Naughty Boy,Christina Aguilera,Pop,0.3265,1.3741,0.0,0.0,0.0,0.0,0.0
2920,Pop_01378,Nobody Wants To Be Lonely,Christina Aguilera,Pop,0.3529,1.5269,0.0,0.0,0.0,0.0,0.0
2921,Pop_01379,Not Myself Tonight,Christina Aguilera,Pop,0.4898,1.4069,0.0,0.0,0.0,0.0,0.0
2922,Pop_01380,Oh Mother,Christina Aguilera,Pop,0.2586,1.4739,0.0,0.0,0.0,0.0,0.0
2923,Pop_01381,Over The River And Through The Woods,Christina Aguilera,Pop,0.3,1.4271,0.0,0.0,0.0,0.0,0.0
2924,Pop_01382,Save Me From Myself,Christina Aguilera,Pop,0.1176,1.6094,0.0,0.0,0.0,0.0,0.0
2925,Pop_01383,Scar,Christina Aguilera,Pop,0.5,1.6896,0.0,0.0,0.0,0.0,0.0
2926,Pop_01384,Show Me How You Burlesque,Christina Aguilera,Pop,0.6842,1.3249,0.0,0.0,0.0,0.0,0.0
2927,Pop_01385,Sing For Me,Christina Aguilera,Pop,0.5,1.5466,0.0,0.0,0.0,0.0,0.0
2928,Pop_01386,So Emotional,Christina Aguilera,Pop,0.3333,1.7576,0.0,0.0,0.0,0.0,0.0
2929,Pop_01387,Soar,Christina Aguilera,Pop,0.2759,1.5865,0.0,0.0,0.0,0.0,0.0
2930,Pop_01388,Steppin' Out With My Baby,Christina Aguilera,Pop,0.3103,1.5405,0.0,0.0,0.0,0.0,0.0
2931,Pop_01389,Thank You,Christina Aguilera,Pop,0.1579,1.6241,0.0,0.0,0.0,0.0,0.0
2932,Pop_01390,That's What Love Can Do,Christina Aguilera,Pop,0.4286,1.4307,0.0,0.0,0.0,0.0,0.0
2933,Pop_01391,The Christmas Song,Christina Aguilera,Pop,0.3333,1.5788,0.0,0.0,0.0,0.0,0.0
2935,Pop_01392,These Are The Special Times,Christina Aguilera,Pop,0.4444,1.7283,0.0,0.0,0.0,0.0,0.0
2936,Pop_01393,This Christmas,Christina Aguilera,Pop,0.2979,1.6162,0.0,0.0,0.0,0.0,0.0
2937,Pop_01394,Tough Lover,Christina Aguilera,Pop,0.3235,1.2953,0.0,0.0,0.0,0.0,0.0
2938,Pop_01395,Walk Away,Christina Aguilera,Pop,0.5521,1.5602,0.0,0.0,0.0,0.0,0.0
27667,Pop_01396,Abandont,Christina Aguilera,Pop,0.28,1.5342,0.0,0.0,0.0,0.0,0.0
27668,Pop_01397,All I Need,Christina Aguilera,Pop,0.4828,1.6387,0.0,0.0,0.0,0.0,0.0
27669,Pop_01398,All I Wanna Do,Christina Aguilera,Pop,0.6197,1.6262,0.0,0.0,0.0,0.0,0.0
27670,Pop_01399,Angels We Have Heard On High,Christina Aguilera,Pop,0.3448,1.8339,0.0,0.0,0.0,0.0,0.0
27671,Pop_01400,Army Of Me,Christina Aguilera,Pop,0.36,1.5975,0.0,0.0,0.0,0.0,0.0
27672,Pop_01401,Around The World,Christina Aguilera,Pop,0.6364,1.8758,0.0,0.0,0.0,0.0,0.0
27673,Pop_01402,Badass,Christina Aguilera,Pop,0.5072,1.3515,0.0,0.0,0.0,0.0,0.0
27674,Pop_01403,Beautiful People,Christina Aguilera,Pop,0.7403,2.1119,0.0,0.0,0.0,0.0,0.0
27675,Pop_01404,Best Of Me,Christina Aguilera,Pop,0.6957,1.4413,0.0,0.0,0.0,0.0,0.0
27676,Pop_01405,Bionic,Christina Aguilera,Pop,0.5641,1.8047,0.0,0.0,0.0,0.0,0.0
27677,Pop_01406,Can't Hold Us Down,Christina Aguilera,Pop,0.3382,1.4448,0.0,0.0,0.0,0.0,0.0
27678,Pop_01407,Car Wash,Christina Aguilera,Pop,0.3784,1.1999,0.0,0.0,0.0,0.0,0.0
27679,Pop_01408,Cease Fire,Christina Aguilera,Pop,0.5443,1.7873,0.0,0.0,0.0,0.0,0.0
27681,Pop_01409,Christmas Time,Christina Aguilera,Pop,0.5132,1.9645,0.0,0.0,0.0,0.0,0.0
27682,Pop_01410,Come On Over,Christina Aguilera,Pop,0.3667,1.2855,0.0,0.0,0.0,0.0,0.0
27683,Pop_01411,Cruz,Christina Aguilera,Pop,0.4412,1.6677,0.0,0.0,0.0,0.0,0.0
27684,Pop_01412,Desnudate,Christina Aguilera,Pop,0.8375,1.9984,0.0,0.0,0.0,0.0,0.0
27685,Pop_01413,Don't Make Me Love You,Christina Aguilera,Pop,0.4483,1.2384,0.0,0.0,0.0,0.0,0.0
27687,Pop_01414,Dream A Dream,Christina Aguilera,Pop,0.4717,1.5707,0.0,0.0,0.0,0.0,0.0
27688,Pop_01415,Dreamy Eyes,Christina Aguilera,Pop,0.4889,1.5239,0.0,0.0,0.0,0.0,0.0
27689,Pop_01416,Dynamite,Christina Aguilera,Pop,0.4054,2.0315,0.0,0.0,0.0,0.0,0.0
27690,Pop_01417,Elastic Love,Christina Aguilera,Pop,0.5556,1.6274,0.0,0.0,0.0,0.0,0.0
27692,Pop_01418,Empty Words,Christina Aguilera,Pop,0.6383,1.3291,0.0,0.0,0.0,0.0,0.0
27693,Pop_01419,Enter The Circus,Christina Aguilera,Pop,0.1333,1.5228,0.0,0.0,0.0,0.0,0.0
27694,Pop_01420,Express,Christina Aguilera,Pop,0.5897,1.685,0.0,0.0,0.0,0.0,0.0
27695,Pop_01421,Fighter,Christina Aguilera,Pop,0.3158,1.7066,0.0,0.0,0.0,0.0,0.0
27697,Pop_01422,Genie 2.0,Christina Aguilera,Pop,0.6852,1.3233,0.0,0.0,0.0,0.0,0.0
27698,Pop_01423,Genie In A Bottle,Christina Aguilera,Pop,0.6567,1.3509,0.0,0.0,0.0,0.0,0.0
27699,Pop_01424,Glam,Christina Aguilera,Pop,0.5172,1.4448,0.0,0.0,0.0,0.0,0.0
27700,Pop_01425,Happy,Christina Aguilera,Pop,0.6,1.3383,0.0,0.0,0.0,0.0,0.0
27701,Pop_01426,Hurt,Christina Aguilera,Pop,0.2188,1.5891,0.0,0.0,0.0,0.0,0.0
27702,Pop_01427,I Am,Christina Aguilera,Pop,0.3143,2.4524,0.0,0.0,0.0,0.0,0.0
27703,Pop_01428,Left Outside Alone,Christina Aguilera,Pop,0.6613,1.578,0.0,0.0,0.0,0.0,0.0
27704,Pop_01429,Let There Be Love,Christina Aguilera,Pop,0.8545,1.2625,0.0,0.0,0.0,0.0,0.0
27705,Pop_01430,Lift Me Up,Christina Aguilera,Pop,0.6765,1.348,0.0,0.0,0.0,0.0,0.0
27706,Pop_01431,Light Up The Sky,Christina Aguilera,Pop,0.7424,1.327,0.0,0.0,0.0,0.0,0.0
27707,Pop_01432,Love For All Seasons,Christina Aguilera,Pop,0.12,1.3673,0.0,0.0,0.0,0.0,0.0
27708,Pop_01433,Love Is Only Love,Christina Aguilera,Pop,0.08,1.5035,0.0,0.0,0.0,0.0,0.0
27709,Pop_01434,Make Over,Christina Aguilera,Pop,0.1892,1.6443,0.0,0.0,0.0,0.0,0.0
27710,Pop_01435,Make The World Move,Christina Aguilera,Pop,0.7059,1.3637,0.0,0.0,0.0,0.0,0.0
27712,Pop_01436,Mercy On Me,Christina Aguilera,Pop,0.2558,1.529,0.0,0.0,0.0,0.0,0.0
27713,Pop_01437,"Merry Christmas, Baby",Christina Aguilera,Pop,0.1957,1.3723,0.0,0.0,0.0,0.0,0.0
27714,Pop_01438,More Than You Know,Christina Aguilera,Pop,0.6087,1.5949,0.0,0.0,0.0,0.0,0.0
27715,Pop_01439,Move It,Christina Aguilera,Pop,0.8889,1.6112,0.0,0.0,0.0,0.0,0.0
27716,Pop_01440,Mulan,Christina Aguilera,Pop,0.3438,1.7198,0.0,0.0,0.0,0.0,0.0
27718,Pop_01441,Obvious,Christina Aguilera,Pop,0.2593,1.5765,0.0,0.0,0.0,0.0,0.0
27719,Pop_01442,Oh Holy Night,Christina Aguilera,Pop,0.25,1.5272,0.0,0.0,0.0,0.0,0.0
27720,Pop_01443,On Our Way,Christina Aguilera,Pop,0.4915,1.2868,0.0,0.0,0.0,0.0,0.0
27721,Pop_01444,Our Day Will Come,Christina Aguilera,Pop,0.3478,1.1862,0.0,0.0,0.0,0.0,0.0
27722,Pop_01445,Prima Donna,Christina Aguilera,Pop,0.7273,1.4167,0.0,0.0,0.0,0.0,0.0
27723,Pop_01446,Red Hot Kinda Love,Christina Aguilera,Pop,0.6032,1.172,0.0,0.0,0.0,0.0,0.0
27725,Pop_01447,Running Out Of Time,Christina Aguilera,Pop,0.8833,1.5697,0.0,0.0,0.0,0.0,0.0
27726,Pop_01448,Somebody's Somebody,Christina Aguilera,Pop,0.0789,1.8342,0.0,0.0,0.0,0.0,0.0
27727,Pop_01449,Stand With Me,Christina Aguilera,Pop,0.1333,1.4017,0.0,0.0,0.0,0.0,0.0
27729,Pop_01450,The Happy Wanderer,Christina Aguilera,Pop,0.5926,1.8127,0.0,0.0,0.0,0.0,0.0
27730,Pop_01451,The Real Thing,Christina Aguilera,Pop,0.6071,1.4074,0.0,0.0,0.0,0.0,0.0
27731,Pop_01452,The Right Man,Christina Aguilera,Pop,0.2917,1.5632,0.0,0.0,0.0,0.0,0.0
27732,Pop_01453,The Way You Talk To Me,Christina Aguilera,Pop,0.4706,1.2449,0.0,0.0,0.0,0.0,0.0
27733,Pop_01454,This Year,Christina Aguilera,Pop,0.5435,1.4591,0.0,0.0,0.0,0.0,0.0
27734,Pop_01455,Tilt Ya Head Back,Christina Aguilera,Pop,0.6044,1.4924,0.0,0.0,0.0,0.0,0.0
27735,Pop_01456,Too Beautiful For Words,Christina Aguilera,Pop,0.2727,1.7424,0.0,0.0,0.0,0.0,0.0
27736,Pop_01457,Underappreciated,Christina Aguilera,Pop,0.2453,1.7145,0.0,0.0,0.0,0.0,0.0
27737,Pop_01458,Vanity,Christina Aguilera,Pop,0.466,1.3578,0.0,0.0,0.0,0.0,0.0
27738,Pop_01459,We Remain,Christina Aguilera,Pop,0.717,1.417,0.0,0.0,0.0,0.0,0.0
27739,Pop_01460,We're A Miracle,Christina Aguilera,Pop,0.381,1.8592,0.0,0.0,0.0,0.0,0.0
27740,Pop_01461,What Child Is This,Christina Aguilera,Pop,0.4583,1.4201,0.0,0.0,0.0,0.0,0.0
27741,Pop_01462,What I'm Looking For,Christina Aguilera,Pop,0.5294,1.3199,0.0,0.0,0.0,0.0,0.0
27742,Pop_01463,When You Put Your Hands On Me,Christina Aguilera,Pop,0.3571,1.4315,0.0,0.0,0.0,0.0,0.0
27743,Pop_01464,Will The Real Slim Shady Please Shut Up,Christina Aguilera,Pop,0.0465,1.569,0.0,0.0,0.0,0.0,0.0
16528,Rock_00001,Another One Bites The Dust,Queen,Rock,0.4,1.6233,0.0,0.0,0.0,0.0,0.0
16530,Rock_00002,C-lebrity,Queen,Rock,0.4035,1.4239,0.0,0.0,0.0,0.0,0.0
16531,Rock_00003,Cosmos Rockin',Queen,Rock,0.1304,1.4716,0.0,0.0,0.0,0.0,0.0
16532,Rock_00004,Delilah,Queen,Rock,0.2258,1.5726,0.0,0.0,0.0,0.0,0.0
16533,Rock_00005,Don't Try So Hard,Queen,Rock,0.2821,1.3936,0.0,0.0,0.0,0.0,0.0
16534,Rock_00006,Dragon Attack,Queen,Rock,0.0606,1.2024,0.0,0.0,0.0,0.0,0.0
16535,Rock_00007,Dreamers Ball,Queen,Rock,0.0556,1.3898,0.0,0.0,0.0,0.0,0.0
16537,Rock_00008,Earth,Queen,Rock,0.4118,1.3975,0.0,0.0,0.0,0.0,0.0
16538,Rock_00009,Fat Bottomed Girls,Queen,Rock,0.1591,1.4181,0.0,0.0,0.0,0.0,0.0
16539,Rock_00010,Father To Son,Queen,Rock,0.4419,1.3391,0.0,0.0,0.0,0.0,0.0
16540,Rock_00011,Flick Of The Wrist,Queen,Rock,0.45,1.6583,0.0,0.0,0.0,0.0,0.0
16541,Rock_00012,Friends Will Be Friends,Queen,Rock,0.5556,1.3329,0.0,0.0,0.0,0.0,0.0
16542,Rock_00013,Great King Rat,Queen,Rock,0.3438,1.2728,0.0,0.0,0.0,0.0,0.0
16544,Rock_00014,I Was Born To Love You,Queen,Rock,0.3793,1.4434,0.0,0.0,0.0,0.0,0.0
16545,Rock_00015,I'm Going Slightly Mad,Queen,Rock,0.2195,1.6611,0.0,0.0,0.0,0.0,0.0
16547,Rock_00016,In The Lap Of The Gods,Queen,Rock,0.56,1.2188,0.0,0.0,0.0,0.0,0.0
16548,Rock_00017,Innuendo,Queen,Rock,0.2444,1.3058,0.0,0.0,0.0,0.0,0.0
16549,Rock_00018,It's Late,Queen,Rock,0.0833,1.2277,0.0,0.0,0.0,0.0,0.0
16550,Rock_00019,Jailhouse Rock,Queen,Rock,0.1786,1.7409,0.0,0.0,0.0,0.0,0.0
16551,Rock_00020,Jealousy,Queen,Rock,0.1818,1.6151,0.0,0.0,0.0,0.0,0.0
16552,Rock_00021,Jesus,Queen,Rock,0.6897,1.3241,0.0,0.0,0.0,0.0,0.0
16553,Rock_00022,Keep Passing The Open Windows,Queen,Rock,0.5106,1.6463,0.0,0.0,0.0,0.0,0.0
16557,Rock_00023,Let Me In Your Heart Again,Queen,Rock,0.3692,1.391,0.0,0.0,0.0,0.0,0.0
16559,Rock_00024,Love Of My Life,Queen,Rock,0.24,1.273,0.0,0.0,0.0,0.0,0.0
16560,Rock_00025,Modern Times Rock'n'Roll,Queen,Rock,0.0938,1.4956,0.0,0.0,0.0,0.0,0.0
16561,Rock_00026,Mr. Roboto,Queen,Rock,0.283,1.9845,0.0,0.0,0.0,0.0,0.0
16562,Rock_00027,Mustapha,Queen,Rock,0.6585,2.4984,0.0,0.0,0.0,0.0,0.0
16563,Rock_00028,My Baby Does Me,Queen,Rock,0.129,1.722,0.0,0.0,0.0,0.0,0.0
16564,Rock_00029,My Life Has Been Saved,Queen,Rock,0.4783,1.4928,0.0,0.0,0.0,0.0,0.0
16565,Rock_00030,Need Your Loving Tonight,Queen,Rock,0.3714,1.399,0.0,0.0,0.0,0.0,0.0
16566,Rock_00031,One Vision,Queen,Rock,0.1481,1.6461,0.0,0.0,0.0,0.0,0.0
16567,Rock_00032,One Year Of Live,Queen,Rock,0.4828,1.8144,0.0,0.0,0.0,0.0,0.0
16568,Rock_00033,One Year Of Love,Queen,Rock,0.4828,1.803,0.0,0.0,0.0,0.0,0.0
16569,Rock_00034,Pain Is So Close To Pleasure,Queen,Rock,0.1333,1.6393,0.0,0.0,0.0,0.0,0.0
16571,Rock_00035,Sheer Heart Attack,Queen,Rock,0.6,1.2674,0.0,0.0,0.0,0.0,0.0
16572,Rock_00036,Sleeping On The Sidewalk,Queen,Rock,0.2,1.4467,0.0,0.0,0.0,0.0,0.0
16573,Rock_00037,Some Day One Day,Queen,Rock,0.1429,1.2735,0.0,0.0,0.0,0.0,0.0
16574,Rock_00038,Some Things That Glitter,Queen,Rock,0.28,1.4431,0.0,0.0,0.0,0.0,0.0
16575,Rock_00039,Somebody To Love,Queen,Rock,0.2923,1.7516,0.0,0.0,0.0,0.0,0.0
16576,Rock_00040,Son And Daughter,Queen,Rock,0.12,1.4387,0.0,0.0,0.0,0.0,0.0
16577,Rock_00041,Spread Your Wings,Queen,Rock,0.381,1.4743,0.0,0.0,0.0,0.0,0.0
16578,Rock_00042,Stealin',Queen,Rock,0.14,1.3387,0.0,0.0,0.0,0.0,0.0
16579,Rock_00043,Step On Me,Queen,Rock,0.375,1.5215,0.0,0.0,0.0,0.0,0.0
16580,Rock_00044,Still Burning,Queen,Rock,0.3036,1.4384,0.0,0.0,0.0,0.0,0.0
16581,Rock_00045,Stone Cold Crazy,Queen,Rock,0.1852,1.573,0.0,0.0,0.0,0.0,0.0
16582,Rock_00046,Stop All The Fighting,Queen,Rock,0.4615,1.404,0.0,0.0,0.0,0.0,0.0
16583,Rock_00047,Surf's Up... School's Out,Queen,Rock,0.5,1.3304,0.0,0.0,0.0,0.0,0.0
16584,Rock_00048,Sweet Lady,Queen,Rock,0.1818,1.3298,0.0,0.0,0.0,0.0,0.0
16585,Rock_00049,Thank God It's Christmas,Queen,Rock,0.3256,1.3826,0.0,0.0,0.0,0.0,0.0
49272,Rock_00050,'39,Queen,Rock,0.1429,1.4389,0.0,0.0,0.0,0.0,0.0
49273,Rock_00051,A Human Body,Queen,Rock,0.4444,1.6021,0.0,0.0,0.0,0.0,0.0
49274,Rock_00052,A Kind Of Magic,Queen,Rock,0.439,1.4744,0.0,0.0,0.0,0.0,0.0
49275,Rock_00053,A Winter's Tale,Queen,Rock,0.1538,1.9829,0.0,0.0,0.0,0.0,0.0
49276,Rock_00054,Action This Day,Queen,Rock,0.5652,1.46,0.0,0.0,0.0,0.0,0.0
49277,Rock_00055,"All Dead, All Dead",Queen,Rock,0.3077,1.3803,0.0,0.0,0.0,0.0,0.0
49278,Rock_00056,All God's People,Queen,Rock,0.619,1.3573,0.0,0.0,0.0,0.0,0.0
49279,Rock_00057,April Lady,Queen,Rock,0.1739,1.5304,0.0,0.0,0.0,0.0,0.0
49280,Rock_00058,Barcelona,Queen,Rock,0.1897,2.0391,0.0,0.0,0.0,0.0,0.0
49281,Rock_00059,Bet Your Bottom Dollar Bill You're A Playboy,Queen,Rock,0.1154,1.5546,0.0,0.0,0.0,0.0,0.0
49282,Rock_00060,Bicycle Race,Queen,Rock,0.3333,1.6458,0.0,0.0,0.0,0.0,0.0
49283,Rock_00061,Body Language,Queen,Rock,0.4444,1.7609,0.0,0.0,0.0,0.0,0.0
49284,Rock_00062,Bohemian Rhapsody,Queen,Rock,0.0702,1.7159,0.0,0.0,0.0,0.0,0.0
49285,Rock_00063,Bring Back That Leroy Brown,Queen,Rock,0.1538,1.3796,0.0,0.0,0.0,0.0,0.0
49286,Rock_00064,Call Me,Queen,Rock,0.6667,1.2564,0.0,0.0,0.0,0.0,0.0
49287,Rock_00065,Calling All Girls,Queen,Rock,0.5484,1.6156,0.0,0.0,0.0,0.0,0.0
49288,Rock_00066,Calling You,Queen,Rock,0.125,1.8177,0.0,0.0,0.0,0.0,0.0
49289,Rock_00067,Coming Soon,Queen,Rock,0.6333,1.6967,0.0,0.0,0.0,0.0,0.0
49290,Rock_00068,Cool Cat,Queen,Rock,0.2647,1.4544,0.0,0.0,0.0,0.0,0.0
49291,Rock_00069,Crazy Little Thing Called Love,Queen,Rock,0.5909,1.4032,0.0,0.0,0.0,0.0,0.0
49292,Rock_00070,Dancer,Queen,Rock,0.3617,1.5259,0.0,0.0,0.0,0.0,0.0
49293,Rock_00071,Dead On Time,Queen,Rock,0.2857,1.5204,0.0,0.0,0.0,0.0,0.0
49294,Rock_00072,Death On Two Legs,Queen,Rock,0.1333,1.4698,0.0,0.0,0.0,0.0,0.0
49295,Rock_00073,Dog With A Bone,Queen,Rock,0.1569,1.3191,0.0,0.0,0.0,0.0,0.0
49296,Rock_00074,Doing All Right,Queen,Rock,0.5263,1.4386,0.0,0.0,0.0,0.0,0.0
49297,Rock_00075,Don't Lose Your Head,Queen,Rock,0.5429,1.1347,0.0,0.0,0.0,0.0,0.0
49298,Rock_00076,Don't Stop Me Now,Queen,Rock,0.4333,1.3258,0.0,0.0,0.0,0.0,0.0
49299,Rock_00077,Don't Try Suicide,Queen,Rock,0.5312,1.4677,0.0,0.0,0.0,0.0,0.0
49300,Rock_00078,Feel Like Makin' Love,Queen,Rock,0.619,1.3302,0.0,0.0,0.0,0.0,0.0
49301,Rock_00079,Fight From The Inside,Queen,Rock,0.7857,1.4801,0.0,0.0,0.0,0.0,0.0
49302,Rock_00080,Flash,Queen,Rock,0.1905,1.619,0.0,0.0,0.0,0.0,0.0
49303,Rock_00081,Flash's Theme,Queen,Rock,0.1,1.4958,0.0,0.0,0.0,0.0,0.0
49304,Rock_00082,Fun It,Queen,Rock,0.3571,1.5267,0.0,0.0,0.0,0.0,0.0
49305,Rock_00083,Funny How Love Is,Queen,Rock,0.5806,1.6774,0.0,0.0,0.0,0.0,0.0
49306,Rock_00084,Get Down Make Love,Queen,Rock,0.566,1.334,0.0,0.0,0.0,0.0,0.0
49307,Rock_00085,Gimme Some Lovin',Queen,Rock,0.5283,1.489,0.0,0.0,0.0,0.0,0.0
49309,Rock_00086,Good Company,Queen,Rock,0.175,1.71,0.0,0.0,0.0,0.0,0.0
49310,Rock_00087,Good Old Fashioned Lover Boy,Queen,Rock,0.1707,1.5167,0.0,0.0,0.0,0.0,0.0
49311,Rock_00088,Hang On In There,Queen,Rock,0.1714,1.4752,0.0,0.0,0.0,0.0,0.0
49312,Rock_00089,Headlong,Queen,Rock,0.3667,1.6462,0.0,0.0,0.0,0.0,0.0
49313,Rock_00090,Heaven For Everyone,Queen,Rock,0.5606,1.7624,0.0,0.0,0.0,0.0,0.0
49314,Rock_00091,Hello Mary Lou (Goodbye Heart),Queen,Rock,0.2174,1.4421,0.0,0.0,0.0,0.0,0.0
49315,Rock_00092,Hijack My Heart,Queen,Rock,0.3864,1.6279,0.0,0.0,0.0,0.0,0.0
49316,Rock_00093,How Can I Go,Queen,Rock,0.5814,1.695,0.0,0.0,0.0,0.0,0.0
49317,Rock_00094,I Can Hear Music,Queen,Rock,0.7333,1.6541,0.0,0.0,0.0,0.0,0.0
49318,Rock_00095,I Can't Live With You,Queen,Rock,0.2373,1.4116,0.0,0.0,0.0,0.0,0.0
49319,Rock_00096,I Go Crazy,Queen,Rock,0.1515,1.4507,0.0,0.0,0.0,0.0,0.0
49320,Rock_00097,I Want It All,Queen,Rock,0.1579,1.2668,0.0,0.0,0.0,0.0,0.0
49321,Rock_00098,I Want To Break Free,Queen,Rock,0.1786,1.2116,0.0,0.0,0.0,0.0,0.0
49322,Rock_00099,If You Can't Beat Them,Queen,Rock,0.3889,1.3954,0.0,0.0,0.0,0.0,0.0
49323,Rock_00100,I'm In Love With My Car,Queen,Rock,0.1905,1.6139,0.0,0.0,0.0,0.0,0.0
49324,Rock_00101,In My Defence,Queen,Rock,0.5806,1.4022,0.0,0.0,0.0,0.0,0.0
49325,Rock_00102,In The Lap Of The Gods... Revisited,Queen,Rock,0.4783,1.2754,0.0,0.0,0.0,0.0,0.0
49327,Rock_00103,It's A Hard Life,Queen,Rock,0.2683,1.413,0.0,0.0,0.0,0.0,0.0
49328,Rock_00104,Keep Yourself Alive,Queen,Rock,0.3485,1.6773,0.0,0.0,0.0,0.0,0.0
49329,Rock_00105,Killer Queen,Queen,Rock,0.3922,2.3984,0.0,0.0,0.0,0.0,0.0
49330,Rock_00106,Killrock,Queen,Rock,0.3684,1.6491,0.0,0.0,0.0,0.0,0.0
49331,Rock_00107,Leaving Home Ain't Easy,Queen,Rock,0.1429,1.3622,0.0,0.0,0.0,0.0,0.0
49332,Rock_00108,Let Me Entertain You,Queen,Rock,0.1053,1.7373,0.0,0.0,0.0,0.0,0.0
49333,Rock_00109,Let Me Live,Queen,Rock,0.3099,1.331,0.0,0.0,0.0,0.0,0.0
49334,Rock_00110,Let's Turn It On,Queen,Rock,0.1333,1.7514,0.0,0.0,0.0,0.0,0.0
49335,Rock_00111,Liar,Queen,Rock,0.2857,1.3506,0.0,0.0,0.0,0.0,0.0
49336,Rock_00112,Living On My Own,Queen,Rock,0.6,1.7043,0.0,0.0,0.0,0.0,0.0
49337,Rock_00113,Long Away,Queen,Rock,0.1935,1.4532,0.0,0.0,0.0,0.0,0.0
49338,Rock_00114,Machine's (Back To Humans),Queen,Rock,0.4375,1.8726,0.0,0.0,0.0,0.0,0.0
49339,Rock_00115,Mad The Swine,Queen,Rock,0.4792,1.4295,0.0,0.0,0.0,0.0,0.0
49340,Rock_00116,Made In Heaven,Queen,Rock,0.234,1.6131,0.0,0.0,0.0,0.0,0.0
49341,Rock_00117,Man On The Prowl,Queen,Rock,0.2766,1.2582,0.0,0.0,0.0,0.0,0.0
49344,Rock_00118,My Melancholy Blues,Queen,Rock,0.1429,1.7548,0.0,0.0,0.0,0.0,0.0
49346,Rock_00119,Now I'm Here,Queen,Rock,0.0606,1.3641,0.0,0.0,0.0,0.0,0.0
49347,Rock_00120,Ogre Battle,Queen,Rock,0.2895,1.5547,0.0,0.0,0.0,0.0,0.0
49348,Rock_00121,Party,Queen,Rock,0.1818,1.4544,0.0,0.0,0.0,0.0,0.0
49349,Rock_00122,Patience,Queen,Rock,0.093,1.4481,0.0,0.0,0.0,0.0,0.0
49350,Rock_00123,Play The Game,Queen,Rock,0.4,1.2978,0.0,0.0,0.0,0.0,0.0
49351,Rock_00124,Polar Bear,Queen,Rock,0.1111,1.2611,0.0,0.0,0.0,0.0,0.0
49352,Rock_00125,Princes Of The Universe,Queen,Rock,0.1111,1.6796,0.0,0.0,0.0,0.0,0.0
49353,Rock_00126,Put Out The Fire,Queen,Rock,0.1026,1.4977,0.0,0.0,0.0,0.0,0.0
49354,Rock_00127,Queen Of Groucho,Queen,Rock,0.3158,1.386,0.0,0.0,0.0,0.0,0.0
49355,Rock_00128,Rain Must Fall,Queen,Rock,0.0811,1.871,0.0,0.0,0.0,0.0,0.0
49356,Rock_00129,Ride The Wild Wind,Queen,Rock,0.4872,1.2299,0.0,0.0,0.0,0.0,0.0
49357,Rock_00130,Sail Away Sweet Sister,Queen,Rock,0.475,1.4317,0.0,0.0,0.0,0.0,0.0
49358,Rock_00131,Save Me,Queen,Rock,0.2647,1.3407,0.0,0.0,0.0,0.0,0.0
49359,Rock_00132,Say It's Not True,Queen,Rock,0.1875,1.5208,0.0,0.0,0.0,0.0,0.0
49360,Rock_00133,Scandal,Queen,Rock,0.2069,1.5873,0.0,0.0,0.0,0.0,0.0
49361,Rock_00134,Seaside Rendezvous,Queen,Rock,0.0625,2.1551,0.0,0.0,0.0,0.0,0.0
49362,Rock_00135,Small,Queen,Rock,0.6207,1.6425,0.0,0.0,0.0,0.0,0.0
49363,Rock_00136,Soul Brother,Queen,Rock,0.1875,1.6911,0.0,0.0,0.0,0.0,0.0
49364,Rock_00137,Staying Power,Queen,Rock,0.3333,1.2858,0.0,0.0,0.0,0.0,0.0
49365,Rock_00138,Tear It Up,Queen,Rock,0.2353,1.2584,0.0,0.0,0.0,0.0,0.0
49366,Rock_00139,Tenement Funster,Queen,Rock,0.381,1.4198,0.0,0.0,0.0,0.0,0.0
49367,Rock_00140,Teo Torriate,Queen,Rock,0.5,1.6019,0.0,0.0,0.0,0.0,0.0
49368,Rock_00141,The Fairy Feller's Master Stroke,Queen,Rock,0.2105,1.7399,0.0,0.0,0.0,0.0,0.0
49369,Rock_00142,The Great Pretender,Queen,Rock,0.4348,1.406,0.0,0.0,0.0,0.0,0.0
49370,Rock_00143,The Invisible Man,Queen,Rock,0.4286,1.6845,0.0,0.0,0.0,0.0,0.0
49371,Rock_00144,The Loser In The End,Queen,Rock,0.3704,1.4944,0.0,0.0,0.0,0.0,0.0
49372,Rock_00145,The March Of The Black Queen,Queen,Rock,0.1452,1.4083,0.0,0.0,0.0,0.0,0.0
49373,Rock_00146,The Millionaire Waltz,Queen,Rock,0.375,1.4459,0.0,0.0,0.0,0.0,0.0
49374,Rock_00147,The Miracle,Queen,Rock,0.2778,1.8445,0.0,0.0,0.0,0.0,0.0
49375,Rock_00148,The Night Comes Down,Queen,Rock,0.5455,1.5818,0.0,0.0,0.0,0.0,0.0
49376,Rock_00149,The Show Must Go On,Queen,Rock,0.2727,1.4975,0.0,0.0,0.0,0.0,0.0
1198,Rock_00150,A Shot Of Rhythm And Blues,The Beatles,Rock,0.7381,1.3748,0.0,0.0,0.0,0.0,0.0
1199,Rock_00151,Across The Universe,The Beatles,Rock,0.5,1.7114,0.0,0.0,0.0,0.0,0.0
1200,Rock_00152,All I've Got To Do,The Beatles,Rock,0.6429,1.2554,0.0,0.0,0.0,0.0,0.0
1201,Rock_00153,And I Love Her,The Beatles,Rock,0.4167,1.2639,0.0,0.0,0.0,0.0,0.0
1202,Rock_00154,And Your Bird Can Sing,The Beatles,Rock,0.1,1.3,0.0,0.0,0.0,0.0,0.0
1203,Rock_00155,Another Girl,The Beatles,Rock,0.6667,1.5196,0.0,0.0,0.0,0.0,0.0
1204,Rock_00156,Any Time At All,The Beatles,Rock,0.3333,1.2708,0.0,0.0,0.0,0.0,0.0
1205,Rock_00157,Ask Me Why,The Beatles,Rock,0.7273,1.5265,0.0,0.0,0.0,0.0,0.0
1206,Rock_00158,"Baby, You're A Rich Man",The Beatles,Rock,0.6471,1.4995,0.0,0.0,0.0,0.0,0.0
1207,Rock_00159,Birthday,The Beatles,Rock,0.6842,1.6842,0.0,0.0,0.0,0.0,0.0
1208,Rock_00160,Blackbird,The Beatles,Rock,0.8889,1.5056,0.0,0.0,0.0,0.0,0.0
1209,Rock_00161,Blue Jay Way,The Beatles,Rock,0.6286,1.3095,0.0,0.0,0.0,0.0,0.0
1210,Rock_00162,Blue Suede Shoes,The Beatles,Rock,0.4054,1.3545,0.0,0.0,0.0,0.0,0.0
1211,Rock_00163,Boys,The Beatles,Rock,0.8519,1.1292,0.0,0.0,0.0,0.0,0.0
1212,Rock_00164,Can't Buy Me Love,The Beatles,Rock,0.6944,1.3289,0.0,0.0,0.0,0.0,0.0
1213,Rock_00165,Carol,The Beatles,Rock,0.2632,1.3398,0.0,0.0,0.0,0.0,0.0
1215,Rock_00166,Dig A Pony,The Beatles,Rock,0.4667,1.6173,0.0,0.0,0.0,0.0,0.0
1216,Rock_00167,Dizzy Miss Lizzy,The Beatles,Rock,0.2667,1.4133,0.0,0.0,0.0,0.0,0.0
1217,Rock_00168,Dr. Robert,The Beatles,Rock,0.3636,1.5272,0.0,0.0,0.0,0.0,0.0
1218,Rock_00169,For No One,The Beatles,Rock,0.5185,1.3301,0.0,0.0,0.0,0.0,0.0
1219,Rock_00170,Get Back,The Beatles,Rock,0.5185,1.4346,0.0,0.0,0.0,0.0,0.0
1220,Rock_00171,Give Peace A Chance,The Beatles,Rock,0.3793,2.204,0.0,0.0,0.0,0.0,0.0
1222,Rock_00172,"Hello, Goodbye",The Beatles,Rock,0.5625,1.3892,0.0,0.0,0.0,0.0,0.0
1223,Rock_00173,Help!,The Beatles,Rock,0.5484,1.6821,0.0,0.0,0.0,0.0,0.0
1224,Rock_00174,Helter Skelter,The Beatles,Rock,0.6562,1.3901,0.0,0.0,0.0,0.0,0.0
1225,Rock_00175,I Got A Woman,The Beatles,Rock,0.4359,1.2906,0.0,0.0,0.0,0.0,0.0
1226,Rock_00176,Leave My Kitten Alone,The Beatles,Rock,0.52,1.5753,0.0,0.0,0.0,0.0,0.0
1227,Rock_00177,Little Child,The Beatles,Rock,0.6429,1.4821,0.0,0.0,0.0,0.0,0.0
1228,Rock_00178,Lucille,The Beatles,Rock,0.4815,1.7037,0.0,0.0,0.0,0.0,0.0
1229,Rock_00179,Misery,The Beatles,Rock,0.1053,1.6566,0.0,0.0,0.0,0.0,0.0
1230,Rock_00180,Nobody's Child,The Beatles,Rock,0.5,1.5703,0.0,0.0,0.0,0.0,0.0
24686,Rock_00181,A Day In The Life,The Beatles,Rock,0.0645,1.398,0.0,0.0,0.0,0.0,0.0
24687,Rock_00182,A Hard Day's Night,The Beatles,Rock,0.8333,1.2701,0.0,0.0,0.0,0.0,0.0
24689,Rock_00183,A Taste Of Honey,The Beatles,Rock,0.45,1.5656,0.0,0.0,0.0,0.0,0.0
24690,Rock_00184,Act Naturally,The Beatles,Rock,0.7083,1.3638,0.0,0.0,0.0,0.0,0.0
24691,Rock_00185,Ain't She Sweet,The Beatles,Rock,0.8947,1.5022,0.0,0.0,0.0,0.0,0.0
24692,Rock_00186,All My Loving,The Beatles,Rock,0.7917,1.4986,0.0,0.0,0.0,0.0,0.0
24693,Rock_00187,All Things Must Pass,The Beatles,Rock,0.3333,1.3302,0.0,0.0,0.0,0.0,0.0
24694,Rock_00188,All Together Now,The Beatles,Rock,0.8548,2.3575,0.0,0.0,0.0,0.0,0.0
24695,Rock_00189,All You Need Is Love,The Beatles,Rock,0.4242,1.3783,0.0,0.0,0.0,0.0,0.0
24696,Rock_00190,"Anna, Go To Him",The Beatles,Rock,0.6774,1.4441,0.0,0.0,0.0,0.0,0.0
24697,Rock_00191,"Baby, It's You",The Beatles,Rock,0.5263,1.4539,0.0,0.0,0.0,0.0,0.0
24698,Rock_00192,Baby's In Black,The Beatles,Rock,0.5652,1.1826,0.0,0.0,0.0,0.0,0.0
24699,Rock_00193,Back In The USSR,The Beatles,Rock,0.4872,1.2923,0.0,0.0,0.0,0.0,0.0
24700,Rock_00194,Bad Boy,The Beatles,Rock,0.1905,1.5468,0.0,0.0,0.0,0.0,0.0
24701,Rock_00195,Bad To Me,The Beatles,Rock,0.381,1.3778,0.0,0.0,0.0,0.0,0.0
24703,Rock_00196,Besame Mucho,The Beatles,Rock,0.625,1.6229,0.0,0.0,0.0,0.0,0.0
24704,Rock_00197,Carry That Weight,The Beatles,Rock,0.5,1.5121,0.0,0.0,0.0,0.0,0.0
24705,Rock_00198,Chains,The Beatles,Rock,0.3182,1.2106,0.0,0.0,0.0,0.0,0.0
24706,Rock_00199,Child Of Nature,The Beatles,Rock,0.7143,1.4673,0.0,0.0,0.0,0.0,0.0
24707,Rock_00200,Christmas Time,The Beatles,Rock,0.6333,1.6069,0.0,0.0,0.0,0.0,0.0
24708,Rock_00201,Clarabella,The Beatles,Rock,0.4667,1.9794,0.0,0.0,0.0,0.0,0.0
24709,Rock_00202,Cold Turkey,The Beatles,Rock,0.1429,1.5625,0.0,0.0,0.0,0.0,0.0
24710,Rock_00203,Come And Get It,The Beatles,Rock,0.8696,1.3699,0.0,0.0,0.0,0.0,0.0
24711,Rock_00204,Come Together,The Beatles,Rock,0.3256,1.5879,0.0,0.0,0.0,0.0,0.0
24714,Rock_00205,Cry Baby Cry,The Beatles,Rock,0.5238,1.5009,0.0,0.0,0.0,0.0,0.0
24715,Rock_00206,"Crying, Waiting, Hoping",The Beatles,Rock,0.6154,1.3832,0.0,0.0,0.0,0.0,0.0
24716,Rock_00207,Day Tripper,The Beatles,Rock,0.7143,1.3048,0.0,0.0,0.0,0.0,0.0
24717,Rock_00208,Dear Prudence,The Beatles,Rock,0.4348,1.5725,0.0,0.0,0.0,0.0,0.0
24718,Rock_00209,Devil In Her Heart,The Beatles,Rock,0.6111,1.5972,0.0,0.0,0.0,0.0,0.0
24719,Rock_00210,Do You Want To Know A Secret,The Beatles,Rock,0.7143,1.3143,0.0,0.0,0.0,0.0,0.0
24720,Rock_00211,Don't Bother Me,The Beatles,Rock,0.7826,1.365,0.0,0.0,0.0,0.0,0.0
24721,Rock_00212,Don't Ever Change,The Beatles,Rock,0.1,1.3858,0.0,0.0,0.0,0.0,0.0
24722,Rock_00213,Don't Let Me Down,The Beatles,Rock,0.7222,1.1125,0.0,0.0,0.0,0.0,0.0
24723,Rock_00214,Don't Pass Me By,The Beatles,Rock,0.4359,1.3457,0.0,0.0,0.0,0.0,0.0
24724,Rock_00215,Drive My Car,The Beatles,Rock,0.6364,1.4071,0.0,0.0,0.0,0.0,0.0
24725,Rock_00216,Eight Days A Week,The Beatles,Rock,0.8684,1.1044,0.0,0.0,0.0,0.0,0.0
24726,Rock_00217,Eleanor Rigby,The Beatles,Rock,0.4706,1.798,0.0,0.0,0.0,0.0,0.0
24727,Rock_00218,Every Little Thing,The Beatles,Rock,0.4815,1.5321,0.0,0.0,0.0,0.0,0.0
24728,Rock_00219,Everybody's Got Something To Hide Except Me And My Monkey,The Beatles,Rock,0.7143,1.5429,0.0,0.0,0.0,0.0,0.0
24729,Rock_00220,Everybody's Trying To Be My Baby,The Beatles,Rock,0.8636,2.1114,0.0,0.0,0.0,0.0,0.0
24730,Rock_00221,Fixing A Hole,The Beatles,Rock,0.52,1.4622,0.0,0.0,0.0,0.0,0.0
24731,Rock_00222,Follow The Sun,The Beatles,Rock,0.8095,1.2817,0.0,0.0,0.0,0.0,0.0
24732,Rock_00223,For You Blue,The Beatles,Rock,0.375,1.4344,0.0,0.0,0.0,0.0,0.0
24733,Rock_00224,Free As A Bird,The Beatles,Rock,0.6786,1.1815,0.0,0.0,0.0,0.0,0.0
24734,Rock_00225,From Me To You,The Beatles,Rock,0.9091,1.4244,0.0,0.0,0.0,0.0,0.0
24735,Rock_00226,Getting Better,The Beatles,Rock,0.1739,1.5507,0.0,0.0,0.0,0.0,0.0
24736,Rock_00227,Girl,The Beatles,Rock,0.1071,1.3446,0.0,0.0,0.0,0.0,0.0
24737,Rock_00228,Glad All Over,The Beatles,Rock,0.3958,1.4101,0.0,0.0,0.0,0.0,0.0
24738,Rock_00229,Glass Onion,The Beatles,Rock,0.087,1.5947,0.0,0.0,0.0,0.0,0.0
24739,Rock_00230,Golden Slumbers,The Beatles,Rock,0.4,1.4,0.0,0.0,0.0,0.0,0.0
24740,Rock_00231,Good Day Sunshine,The Beatles,Rock,0.6154,1.5064,0.0,0.0,0.0,0.0,0.0
24741,Rock_00232,"Good Morning, Good Morning",The Beatles,Rock,0.2308,1.5382,0.0,0.0,0.0,0.0,0.0
24742,Rock_00233,Good Night,The Beatles,Rock,0.7619,1.2984,0.0,0.0,0.0,0.0,0.0
24743,Rock_00234,Got To Get It Into My Life,The Beatles,Rock,0.5161,1.3583,0.0,0.0,0.0,0.0,0.0
24744,Rock_00235,"Hallelujah, I Love Her So",The Beatles,Rock,0.1667,1.7731,0.0,0.0,0.0,0.0,0.0
24745,Rock_00236,Happiness Is A Warm Gun,The Beatles,Rock,0.24,1.4565,0.0,0.0,0.0,0.0,0.0
24746,Rock_00237,"Hello, Little Girl",The Beatles,Rock,0.3333,1.4577,0.0,0.0,0.0,0.0,0.0
24747,Rock_00238,Here Comes The Sun,The Beatles,Rock,0.7407,1.3474,0.0,0.0,0.0,0.0,0.0
24748,Rock_00239,Hey Bulldog,The Beatles,Rock,0.2391,1.4779,0.0,0.0,0.0,0.0,0.0
24749,Rock_00240,Hey Jude,The Beatles,Rock,0.5581,1.2397,0.0,0.0,0.0,0.0,0.0
24750,Rock_00241,Hold Me Tight,The Beatles,Rock,0.8065,1.3871,0.0,0.0,0.0,0.0,0.0
24751,Rock_00242,"Honey, Don't",The Beatles,Rock,0.6047,1.3399,0.0,0.0,0.0,0.0,0.0
24752,Rock_00243,Honey Pie,The Beatles,Rock,0.25,1.4958,0.0,0.0,0.0,0.0,0.0
24753,Rock_00244,How Do You Do It,The Beatles,Rock,0.9643,1.2361,0.0,0.0,0.0,0.0,0.0
24754,Rock_00245,I Am The Walrus,The Beatles,Rock,0.2727,1.5881,0.0,0.0,0.0,0.0,0.0
24755,Rock_00246,I Call Your Name,The Beatles,Rock,0.7692,1.1528,0.0,0.0,0.0,0.0,0.0
24756,Rock_00247,I Don't Want To Spoil The Party,The Beatles,Rock,0.9167,1.2982,0.0,0.0,0.0,0.0,0.0
24757,Rock_00248,I Feel Fine,The Beatles,Rock,0.84,1.1147,0.0,0.0,0.0,0.0,0.0
24758,Rock_00249,I Got To Find My Baby,The Beatles,Rock,0.4545,1.4136,0.0,0.0,0.0,0.0,0.0
24759,Rock_00250,I Me Mine,The Beatles,Rock,0.7857,1.5536,0.0,0.0,0.0,0.0,0.0
24760,Rock_00251,I Need You,The Beatles,Rock,0.1429,1.4135,0.0,0.0,0.0,0.0,0.0
24762,Rock_00252,I Wanna Be Your Man,The Beatles,Rock,0.9677,1.2258,0.0,0.0,0.0,0.0,0.0
24763,Rock_00253,I Want To Hold Your Hand,The Beatles,Rock,0.8108,1.2883,0.0,0.0,0.0,0.0,0.0
24764,Rock_00254,I Want To Tell You,The Beatles,Rock,0.4583,1.3021,0.0,0.0,0.0,0.0,0.0
24765,Rock_00255,I Want You,The Beatles,Rock,0.7391,1.2457,0.0,0.0,0.0,0.0,0.0
24767,Rock_00256,If I Fell,The Beatles,Rock,0.0952,1.1905,0.0,0.0,0.0,0.0,0.0
24768,Rock_00257,If I Needed Someone,The Beatles,Rock,0.8261,1.4891,0.0,0.0,0.0,0.0,0.0
24769,Rock_00258,If I Needed Someone To Love,The Beatles,Rock,1.0,1.5357,0.0,0.0,0.0,0.0,0.0
24770,Rock_00259,If You Love Me Baby,The Beatles,Rock,0.625,1.5052,0.0,0.0,0.0,0.0,0.0
24771,Rock_00260,If You've Got Trouble,The Beatles,Rock,0.7381,1.7579,0.0,0.0,0.0,0.0,0.0
24772,Rock_00261,I'll Be Back,The Beatles,Rock,0.4444,1.2006,0.0,0.0,0.0,0.0,0.0
24773,Rock_00262,I'll Be On My Way,The Beatles,Rock,0.84,1.13,0.0,0.0,0.0,0.0,0.0
24774,Rock_00263,I'll Cry Instead,The Beatles,Rock,0.1053,1.2813,0.0,0.0,0.0,0.0,0.0
24775,Rock_00264,I'll Get You,The Beatles,Rock,0.6562,1.325,0.0,0.0,0.0,0.0,0.0
24776,Rock_00265,I'm A Loser,The Beatles,Rock,0.5556,1.4284,0.0,0.0,0.0,0.0,0.0
24777,Rock_00266,I'm Down,The Beatles,Rock,0.4545,1.1962,0.0,0.0,0.0,0.0,0.0
24778,Rock_00267,I'm Gonna Sit Right Down And Cry,The Beatles,Rock,0.88,1.3627,0.0,0.0,0.0,0.0,0.0
24779,Rock_00268,I'm Happy Just To Dance With You,The Beatles,Rock,0.8,1.675,0.0,0.0,0.0,0.0,0.0
24780,Rock_00269,I'm Looking Through You,The Beatles,Rock,0.3514,1.5593,0.0,0.0,0.0,0.0,0.0
24781,Rock_00270,I'm Only Sleeping,The Beatles,Rock,0.7407,1.5034,0.0,0.0,0.0,0.0,0.0
24782,Rock_00271,I'm So Tired,The Beatles,Rock,0.5926,1.4397,0.0,0.0,0.0,0.0,0.0
24783,Rock_00272,Imagine,The Beatles,Rock,0.3462,1.8577,0.0,0.0,0.0,0.0,0.0
24784,Rock_00273,In My Life,The Beatles,Rock,0.381,1.5746,0.0,0.0,0.0,0.0,0.0
24785,Rock_00274,In Spite Of All The Danger,The Beatles,Rock,0.875,1.5771,0.0,0.0,0.0,0.0,0.0
24786,Rock_00275,It Won't Be Long,The Beatles,Rock,0.6923,1.3731,0.0,0.0,0.0,0.0,0.0
24787,Rock_00276,It's All Too Much,The Beatles,Rock,0.36,1.3947,0.0,0.0,0.0,0.0,0.0
24788,Rock_00277,It's Only Love,The Beatles,Rock,0.5,1.3344,0.0,0.0,0.0,0.0,0.0
24789,Rock_00278,I've Got A Feeling,The Beatles,Rock,0.3077,1.5529,0.0,0.0,0.0,0.0,0.0
24790,Rock_00279,I've Just Seen A Face,The Beatles,Rock,0.6279,1.5194,0.0,0.0,0.0,0.0,0.0
24791,Rock_00280,Jingle Bells,The Beatles,Rock,0.3333,1.5932,0.0,0.0,0.0,0.0,0.0
24792,Rock_00281,Johnny B. Goode,The Beatles,Rock,0.28,1.4599,0.0,0.0,0.0,0.0,0.0
24793,Rock_00282,Julia,The Beatles,Rock,0.1875,1.4125,0.0,0.0,0.0,0.0,0.0
24794,Rock_00283,Junk,The Beatles,Rock,0.4,1.7548,0.0,0.0,0.0,0.0,0.0
24796,Rock_00284,Kansa City,The Beatles,Rock,0.587,1.1822,0.0,0.0,0.0,0.0,0.0
24797,Rock_00285,Keep Your Hands Off My Baby,The Beatles,Rock,0.4828,1.2364,0.0,0.0,0.0,0.0,0.0
24798,Rock_00286,"Komm, Gib Mir Deine Hand",The Beatles,Rock,1.0,1.3376,0.0,0.0,0.0,0.0,0.0
24799,Rock_00287,Lady Madonna,The Beatles,Rock,0.35,1.6325,0.0,0.0,0.0,0.0,0.0
24800,Rock_00288,Lend Me Your Comb,The Beatles,Rock,0.375,1.25,0.0,0.0,0.0,0.0,0.0
24801,Rock_00289,Let It Be,The Beatles,Rock,0.7083,1.4153,0.0,0.0,0.0,0.0,0.0
24802,Rock_00290,Like Dreamers Do,The Beatles,Rock,0.7647,1.2745,0.0,0.0,0.0,0.0,0.0
24803,Rock_00291,Long Tall Sally,The Beatles,Rock,0.4583,1.4957,0.0,0.0,0.0,0.0,0.0
24804,Rock_00292,Los Paranoias,The Beatles,Rock,0.1765,1.6157,0.0,0.0,0.0,0.0,0.0
24805,Rock_00293,Love Me Do,The Beatles,Rock,0.8462,1.3013,0.0,0.0,0.0,0.0,0.0
24806,Rock_00294,Love Of The Loved,The Beatles,Rock,0.7647,1.1539,0.0,0.0,0.0,0.0,0.0
24808,Rock_00295,Love You To,The Beatles,Rock,0.2353,1.2108,0.0,0.0,0.0,0.0,0.0
24809,Rock_00296,Lovely Rita,The Beatles,Rock,0.0952,1.5437,0.0,0.0,0.0,0.0,0.0
24810,Rock_00297,Lucy In The Sky With Diamonds,The Beatles,Rock,0.4872,1.7402,0.0,0.0,0.0,0.0,0.0
24811,Rock_00298,Magical Mystery Tour,The Beatles,Rock,0.6829,1.7073,0.0,0.0,0.0,0.0,0.0
24812,Rock_00299,"Martha, My Dear",The Beatles,Rock,0.5185,1.5077,0.0,0.0,0.0,0.0,0.0
24813,Rock_00300,Matchbox,The Beatles,Rock,0.4667,1.4167,0.0,0.0,0.0,0.0,0.0
24814,Rock_00301,Mean Mr. Mustard,The Beatles,Rock,0.1429,1.4024,0.0,0.0,0.0,0.0,0.0
24815,Rock_00302,"Memphis, Tenessee",The Beatles,Rock,0.1875,1.7005,0.0,0.0,0.0,0.0,0.0
24816,Rock_00303,Michelle,The Beatles,Rock,0.4444,1.5821,0.0,0.0,0.0,0.0,0.0
24817,Rock_00304,Money,The Beatles,Rock,0.8889,1.1829,0.0,0.0,0.0,0.0,0.0
24818,Rock_00305,Mr. Moonlight,The Beatles,Rock,0.7619,1.4087,0.0,0.0,0.0,0.0,0.0
24819,Rock_00306,Mrs. Robinson,The Beatles,Rock,0.3235,1.5961,0.0,0.0,0.0,0.0,0.0
24820,Rock_00307,My Bonnie,The Beatles,Rock,0.6,1.31,0.0,0.0,0.0,0.0,0.0
24821,Rock_00308,No Reply,The Beatles,Rock,0.6923,1.5128,0.0,0.0,0.0,0.0,0.0
24823,Rock_00309,Not A Second Time,The Beatles,Rock,0.7692,1.4306,0.0,0.0,0.0,0.0,0.0
24824,Rock_00310,Not Guilty,The Beatles,Rock,0.4483,1.5052,0.0,0.0,0.0,0.0,0.0
24825,Rock_00311,Nothin' Shakin',The Beatles,Rock,0.7083,1.4653,0.0,0.0,0.0,0.0,0.0
24826,Rock_00312,Nowhere Man,The Beatles,Rock,0.7586,1.5316,0.0,0.0,0.0,0.0,0.0
24827,Rock_00313,"Ob-La-Di, Ob-La-Da",The Beatles,Rock,0.5455,1.5682,0.0,0.0,0.0,0.0,0.0
24828,Rock_00314,Octopus's Garden,The Beatles,Rock,0.2308,1.616,0.0,0.0,0.0,0.0,0.0
24829,Rock_00315,Oh! Darling,The Beatles,Rock,0.8333,1.6674,0.0,0.0,0.0,0.0,0.0
24830,Rock_00316,Old Brown Shoe,The Beatles,Rock,0.2632,1.3789,0.0,0.0,0.0,0.0,0.0
3950,Rock_00317,Anya,Deep Purple,Rock,0.4783,1.6913,0.0,0.0,0.0,0.0,0.0
3951,Rock_00318,Back To Back,Deep Purple,Rock,0.2286,1.5074,0.0,0.0,0.0,0.0,0.0
3952,Rock_00319,Bad Attitude,Deep Purple,Rock,0.3478,1.3072,0.0,0.0,0.0,0.0,0.0
3953,Rock_00320,Bird Has Flown,Deep Purple,Rock,0.6207,1.8448,0.0,0.0,0.0,0.0,0.0
3954,Rock_00321,Black Night,Deep Purple,Rock,0.5,1.0333,0.0,0.0,0.0,0.0,0.0
3955,Rock_00322,Blind,Deep Purple,Rock,0.4118,1.6471,0.0,0.0,0.0,0.0,0.0
3956,Rock_00323,Breakfast In Bed,Deep Purple,Rock,0.2581,1.4533,0.0,0.0,0.0,0.0,0.0
3957,Rock_00324,Burn,Deep Purple,Rock,0.6667,1.4094,0.0,0.0,0.0,0.0,0.0
3958,Rock_00325,Call Of The Wild,Deep Purple,Rock,0.6744,1.2647,0.0,0.0,0.0,0.0,0.0
3959,Rock_00326,Cascades: I'm Not Your Lover,Deep Purple,Rock,0.3953,1.3969,0.0,0.0,0.0,0.0,0.0
3961,Rock_00327,Child In Time,Deep Purple,Rock,0.8462,1.5748,0.0,0.0,0.0,0.0,0.0
3962,Rock_00328,Clearly Quite Absurd,Deep Purple,Rock,0.0667,1.6028,0.0,0.0,0.0,0.0,0.0
3963,Rock_00329,Demon's Eye,Deep Purple,Rock,0.1429,1.4307,0.0,0.0,0.0,0.0,0.0
3964,Rock_00330,Fire Ice And Dynamite,Deep Purple,Rock,0.5152,1.8072,0.0,0.0,0.0,0.0,0.0
3965,Rock_00331,Freedom,Deep Purple,Rock,0.4333,1.3434,0.0,0.0,0.0,0.0,0.0
3966,Rock_00332,Gettin' Tighter,Deep Purple,Rock,0.3333,1.35,0.0,0.0,0.0,0.0,0.0
3967,Rock_00333,Girls Like That,Deep Purple,Rock,0.0571,1.5405,0.0,0.0,0.0,0.0,0.0
3968,Rock_00334,Hallelujah,Deep Purple,Rock,0.2632,1.8494,0.0,0.0,0.0,0.0,0.0
3969,Rock_00335,Hard Lovin' Man,Deep Purple,Rock,0.2,1.1611,0.0,0.0,0.0,0.0,0.0
3970,Rock_00336,Hard Lovin' Woman,Deep Purple,Rock,0.3778,1.6799,0.0,0.0,0.0,0.0,0.0
3971,Rock_00337,Haunted,Deep Purple,Rock,0.4118,1.701,0.0,0.0,0.0,0.0,0.0
3972,Rock_00338,Hell To Pay,Deep Purple,Rock,0.4615,1.6519,0.0,0.0,0.0,0.0,0.0
3973,Rock_00339,Help,Deep Purple,Rock,0.2857,1.6889,0.0,0.0,0.0,0.0,0.0
3974,Rock_00340,Holy Man,Deep Purple,Rock,0.3261,1.4656,0.0,0.0,0.0,0.0,0.0
3975,Rock_00341,Hush,Deep Purple,Rock,0.7561,1.195,0.0,0.0,0.0,0.0,0.0
3977,Rock_00342,I'm Alone,Deep Purple,Rock,0.5238,1.7714,0.0,0.0,0.0,0.0,0.0
3978,Rock_00343,Into The Fire,Deep Purple,Rock,0.3333,1.5062,0.0,0.0,0.0,0.0,0.0
3979,Rock_00344,I've Got Your Number,Deep Purple,Rock,0.2157,1.4886,0.0,0.0,0.0,0.0,0.0
3981,Rock_00345,Junkyard Blues,Deep Purple,Rock,0.3333,1.9404,0.0,0.0,0.0,0.0,0.0
3982,Rock_00346,Kentucky Woman,Deep Purple,Rock,0.4062,1.4969,0.0,0.0,0.0,0.0,0.0
3983,Rock_00347,King Of Dreams,Deep Purple,Rock,0.3659,1.5603,0.0,0.0,0.0,0.0,0.0
3984,Rock_00348,Kiss Tomorrow Goodbye,Deep Purple,Rock,0.1429,1.5088,0.0,0.0,0.0,0.0,0.0
3985,Rock_00349,Kneel And Pray,Deep Purple,Rock,0.303,1.2697,0.0,0.0,0.0,0.0,0.0
3987,Rock_00350,Lady Double Dealer,Deep Purple,Rock,0.2727,1.5238,0.0,0.0,0.0,0.0,0.0
3988,Rock_00351,Lady Luck,Deep Purple,Rock,0.4,1.425,0.0,0.0,0.0,0.0,0.0
3989,Rock_00352,Lalena,Deep Purple,Rock,0.6667,1.4942,0.0,0.0,0.0,0.0,0.0
3990,Rock_00353,Lay Down Stay Down,Deep Purple,Rock,0.6667,1.3181,0.0,0.0,0.0,0.0,0.0
3991,Rock_00354,Lucille,Deep Purple,Rock,0.3077,1.7615,0.0,0.0,0.0,0.0,0.0
3992,Rock_00355,Mad Dog,Deep Purple,Rock,0.4792,1.2378,0.0,0.0,0.0,0.0,0.0
3993,Rock_00356,Might Just Take Your Life,Deep Purple,Rock,0.4419,1.2647,0.0,0.0,0.0,0.0,0.0
3994,Rock_00357,Nobody's Home,Deep Purple,Rock,0.2286,1.5738,0.0,0.0,0.0,0.0,0.0
3996,Rock_00358,One Man's Meat,Deep Purple,Rock,0.4444,1.3059,0.0,0.0,0.0,0.0,0.0
3997,Rock_00359,One More Rainy Day,Deep Purple,Rock,0.5909,1.4621,0.0,0.0,0.0,0.0,0.0
3998,Rock_00360,Our Lady,Deep Purple,Rock,0.1765,1.5196,0.0,0.0,0.0,0.0,0.0
3999,Rock_00361,Out Of Hand,Deep Purple,Rock,0.5,1.6145,0.0,0.0,0.0,0.0,0.0
4000,Rock_00362,Paint It Black,Deep Purple,Rock,0.3478,1.3906,0.0,0.0,0.0,0.0,0.0
4001,Rock_00363,Painted Horse,Deep Purple,Rock,0.4,1.4708,0.0,0.0,0.0,0.0,0.0
4002,Rock_00364,Perfect Strangers,Deep Purple,Rock,0.2963,1.619,0.0,0.0,0.0,0.0,0.0
4006,Rock_00365,Smooth Dancer,Deep Purple,Rock,0.5818,1.5776,0.0,0.0,0.0,0.0,0.0
4007,Rock_00366,Soldier Of Fortune,Deep Purple,Rock,0.4444,1.5694,0.0,0.0,0.0,0.0,0.0
4008,Rock_00367,Solitaire,Deep Purple,Rock,0.3704,1.5988,0.0,0.0,0.0,0.0,0.0
4009,Rock_00368,Stormbringer,Deep Purple,Rock,0.7,1.7208,0.0,0.0,0.0,0.0,0.0
4010,Rock_00369,Strange Kind Of Woman,Deep Purple,Rock,0.1875,1.5583,0.0,0.0,0.0,0.0,0.0
4012,Rock_00370,Street Of Dreams,Deep Purple,Rock,0.3824,1.5194,0.0,0.0,0.0,0.0,0.0
4013,Rock_00371,Sun Goes Down,Deep Purple,Rock,0.2,1.6228,0.0,0.0,0.0,0.0,0.0
4014,Rock_00372,Sweet Wine,Deep Purple,Rock,0.6667,1.4022,0.0,0.0,0.0,0.0,0.0
4016,Rock_00373,The Battle Rages On,Deep Purple,Rock,0.4545,1.6402,0.0,0.0,0.0,0.0,0.0
4017,Rock_00374,The Orange Juice Song,Deep Purple,Rock,0.625,2.05,0.0,0.0,0.0,0.0,0.0
4018,Rock_00375,The Purpendicular Waltz,Deep Purple,Rock,0.1087,1.4907,0.0,0.0,0.0,0.0,0.0
4019,Rock_00376,The Spanish Archer,Deep Purple,Rock,0.2,1.52,0.0,0.0,0.0,0.0,0.0
4020,Rock_00377,Wicked Ways,Deep Purple,Rock,0.3571,1.4736,0.0,0.0,0.0,0.0,0.0
4021,Rock_00378,You Keep On Moving,Deep Purple,Rock,1.0,1.6297,0.0,0.0,0.0,0.0,0.0
29193,Rock_00379,'69,Deep Purple,Rock,0.1,1.4742,0.0,0.0,0.0,0.0,0.0
29195,Rock_00380,A Gypsy's Kiss,Deep Purple,Rock,0.0606,1.5232,0.0,0.0,0.0,0.0,0.0
29196,Rock_00381,A Touch Away,Deep Purple,Rock,0.3953,1.4105,0.0,0.0,0.0,0.0,0.0
29197,Rock_00382,All The Time In The World,Deep Purple,Rock,0.25,1.5505,0.0,0.0,0.0,0.0,0.0
29198,Rock_00383,Almost Human,Deep Purple,Rock,0.24,1.6413,0.0,0.0,0.0,0.0,0.0
29199,Rock_00384,Anthem,Deep Purple,Rock,0.6944,1.3093,0.0,0.0,0.0,0.0,0.0
29200,Rock_00385,Any Fule Kno That,Deep Purple,Rock,0.5217,1.3533,0.0,0.0,0.0,0.0,0.0
29201,Rock_00386,Anyone's Daughter,Deep Purple,Rock,0.1818,1.5269,0.0,0.0,0.0,0.0,0.0
29202,Rock_00387,April,Deep Purple,Rock,0.2727,1.2841,0.0,0.0,0.0,0.0,0.0
29203,Rock_00388,Bananas,Deep Purple,Rock,0.381,1.8694,0.0,0.0,0.0,0.0,0.0
29205,Rock_00389,Bloodsucker,Deep Purple,Rock,0.2857,1.2928,0.0,0.0,0.0,0.0,0.0
29206,Rock_00390,Comin' Home,Deep Purple,Rock,0.3864,1.4443,0.0,0.0,0.0,0.0,0.0
29207,Rock_00391,Dead Or Alive,Deep Purple,Rock,0.4737,1.4934,0.0,0.0,0.0,0.0,0.0
29208,Rock_00392,Dealer,Deep Purple,Rock,0.1212,1.6667,0.0,0.0,0.0,0.0,0.0
29209,Rock_00393,Doing It Tonight,Deep Purple,Rock,0.0625,1.6901,0.0,0.0,0.0,0.0,0.0
29210,Rock_00394,Don't Hold Your Breath,Deep Purple,Rock,0.6,1.2348,0.0,0.0,0.0,0.0,0.0
29211,Rock_00395,Don't Let Go,Deep Purple,Rock,0.1304,1.5326,0.0,0.0,0.0,0.0,0.0
29212,Rock_00396,Don't Make Me Happy,Deep Purple,Rock,0.5333,1.3002,0.0,0.0,0.0,0.0,0.0
29214,Rock_00397,Emmaretta,Deep Purple,Rock,0.5714,1.6214,0.0,0.0,0.0,0.0,0.0
29215,Rock_00398,Evil Louie,Deep Purple,Rock,0.1951,1.5687,0.0,0.0,0.0,0.0,0.0
29216,Rock_00399,Fingers To The Bone,Deep Purple,Rock,0.0909,1.3235,0.0,0.0,0.0,0.0,0.0
29217,Rock_00400,Fire In The Basement,Deep Purple,Rock,0.3043,1.5313,0.0,0.0,0.0,0.0,0.0
29218,Rock_00401,Fireball,Deep Purple,Rock,0.4839,1.4299,0.0,0.0,0.0,0.0,0.0
29219,Rock_00402,Flight Of The Rat,Deep Purple,Rock,0.3846,1.3567,0.0,0.0,0.0,0.0,0.0
29220,Rock_00403,Fools,Deep Purple,Rock,0.0645,1.3005,0.0,0.0,0.0,0.0,0.0
29221,Rock_00404,Fortuneteller,Deep Purple,Rock,0.3226,1.7984,0.0,0.0,0.0,0.0,0.0
29222,Rock_00405,Gemini Suite,Deep Purple,Rock,0.1053,1.3307,0.0,0.0,0.0,0.0,0.0
29224,Rock_00406,Hey Joe,Deep Purple,Rock,0.5185,1.1691,0.0,0.0,0.0,0.0,0.0
29225,Rock_00407,Highway Star,Deep Purple,Rock,0.4231,1.4997,0.0,0.0,0.0,0.0,0.0
29226,Rock_00408,Hold On,Deep Purple,Rock,0.3438,1.3055,0.0,0.0,0.0,0.0,0.0
29227,Rock_00409,House Of Pain,Deep Purple,Rock,0.5641,1.3782,0.0,0.0,0.0,0.0,0.0
29229,Rock_00410,Lazy,Deep Purple,Rock,0.7143,1.2417,0.0,0.0,0.0,0.0,0.0
29230,Rock_00411,Lick It Up,Deep Purple,Rock,0.3714,1.4093,0.0,0.0,0.0,0.0,0.0
29231,Rock_00412,"Listen, Learn, Read On",Deep Purple,Rock,0.25,1.5086,0.0,0.0,0.0,0.0,0.0
29232,Rock_00413,Living Wreck,Deep Purple,Rock,0.5238,1.5119,0.0,0.0,0.0,0.0,0.0
29234,Rock_00414,Love Child,Deep Purple,Rock,0.1111,1.4444,0.0,0.0,0.0,0.0,0.0
29235,Rock_00415,Love Conquers All,Deep Purple,Rock,0.1786,1.5595,0.0,0.0,0.0,0.0,0.0
29236,Rock_00416,Love Don't Mean A Thing,Deep Purple,Rock,0.175,1.4598,0.0,0.0,0.0,0.0,0.0
29237,Rock_00417,Love Help Me,Deep Purple,Rock,0.5429,1.6695,0.0,0.0,0.0,0.0,0.0
29238,Rock_00418,Love Is All,Deep Purple,Rock,0.1111,1.644,0.0,0.0,0.0,0.0,0.0
29239,Rock_00419,Mary Long,Deep Purple,Rock,0.2,1.7461,0.0,0.0,0.0,0.0,0.0
29240,Rock_00420,Mean Streak,Deep Purple,Rock,0.3846,1.4078,0.0,0.0,0.0,0.0,0.0
29241,Rock_00421,Mistreated,Deep Purple,Rock,0.375,1.8419,0.0,0.0,0.0,0.0,0.0
29243,Rock_00422,Money Talks,Deep Purple,Rock,0.2188,1.7622,0.0,0.0,0.0,0.0,0.0
29244,Rock_00423,MTV,Deep Purple,Rock,0.0566,1.7772,0.0,0.0,0.0,0.0,0.0
29245,Rock_00424,Nasty Piece Of Work,Deep Purple,Rock,0.5185,1.4428,0.0,0.0,0.0,0.0,0.0
29246,Rock_00425,Never A Word,Deep Purple,Rock,0.1176,1.4323,0.0,0.0,0.0,0.0,0.0
29247,Rock_00426,Never Before,Deep Purple,Rock,0.3793,1.604,0.0,0.0,0.0,0.0,0.0
29250,Rock_00427,Picture Of Innocence,Deep Purple,Rock,0.6042,1.6048,0.0,0.0,0.0,0.0,0.0
29251,Rock_00428,Pictures Of Home,Deep Purple,Rock,0.3,2.1528,0.0,0.0,0.0,0.0,0.0
29253,Rock_00429,Ramshackle Man,Deep Purple,Rock,0.3333,1.4217,0.0,0.0,0.0,0.0,0.0
29254,Rock_00430,Rapture Of The Deep,Deep Purple,Rock,0.2424,1.6042,0.0,0.0,0.0,0.0,0.0
29255,Rock_00431,Rat Bat Blue,Deep Purple,Rock,0.12,1.3236,0.0,0.0,0.0,0.0,0.0
29256,Rock_00432,Razzle Dazzle,Deep Purple,Rock,0.4182,1.7024,0.0,0.0,0.0,0.0,0.0
29257,Rock_00433,"River Deep, Mountain High",Deep Purple,Rock,0.5143,1.3478,0.0,0.0,0.0,0.0,0.0
29258,Rock_00434,Rosa's Cantina,Deep Purple,Rock,0.6389,1.6481,0.0,0.0,0.0,0.0,0.0
29259,Rock_00435,Sail Away,Deep Purple,Rock,0.5,1.5673,0.0,0.0,0.0,0.0,0.0
29260,Rock_00436,Say You Love Me,Deep Purple,Rock,0.3846,1.4429,0.0,0.0,0.0,0.0,0.0
29261,Rock_00437,Seventh Heaven,Deep Purple,Rock,0.4138,1.6494,0.0,0.0,0.0,0.0,0.0
29262,Rock_00438,Shadows,Deep Purple,Rock,0.6087,1.2498,0.0,0.0,0.0,0.0,0.0
29263,Rock_00439,She Was,Deep Purple,Rock,0.5357,1.6154,0.0,0.0,0.0,0.0,0.0
29264,Rock_00440,Silver Tongue,Deep Purple,Rock,0.3333,1.6778,0.0,0.0,0.0,0.0,0.0
29265,Rock_00441,Sitting In A Dream,Deep Purple,Rock,0.2778,1.4259,0.0,0.0,0.0,0.0,0.0
29266,Rock_00442,Slow Down Sister,Deep Purple,Rock,0.0526,1.4559,0.0,0.0,0.0,0.0,0.0
29267,Rock_00443,Slow Train,Deep Purple,Rock,0.0435,1.3086,0.0,0.0,0.0,0.0,0.0
29268,Rock_00444,Smoke On The Water,Deep Purple,Rock,0.1111,1.6045,0.0,0.0,0.0,0.0,0.0
29270,Rock_00445,Sometimes I Feel Like Screaming,Deep Purple,Rock,0.2727,1.3721,0.0,0.0,0.0,0.0,0.0
29271,Rock_00446,Soon Forgotten,Deep Purple,Rock,0.7755,1.7743,0.0,0.0,0.0,0.0,0.0
29272,Rock_00447,Space Truckin',Deep Purple,Rock,0.087,1.7478,0.0,0.0,0.0,0.0,0.0
29274,Rock_00448,Super Trouper,Deep Purple,Rock,0.48,1.2515,0.0,0.0,0.0,0.0,0.0
29275,Rock_00449,The Aviator,Deep Purple,Rock,0.0556,1.563,0.0,0.0,0.0,0.0,0.0
29277,Rock_00450,The Cut Runs Deep,Deep Purple,Rock,0.5455,1.6629,0.0,0.0,0.0,0.0,0.0
29279,Rock_00451,The Unwritten Law,Deep Purple,Rock,0.375,1.6096,0.0,0.0,0.0,0.0,0.0
29280,Rock_00452,Things I Never Said (Japaneses Bonus Track),Deep Purple,Rock,0.4545,1.5066,0.0,0.0,0.0,0.0,0.0
29281,Rock_00453,This Time Around,Deep Purple,Rock,0.7,1.4782,0.0,0.0,0.0,0.0,0.0
29282,Rock_00454,Time To Kill,Deep Purple,Rock,0.3333,1.5415,0.0,0.0,0.0,0.0,0.0
29283,Rock_00455,Too Much Is Not Enough,Deep Purple,Rock,0.2857,1.4006,0.0,0.0,0.0,0.0,0.0
29284,Rock_00456,Truth Hurts,Deep Purple,Rock,0.3243,1.5149,0.0,0.0,0.0,0.0,0.0
29285,Rock_00457,Under The Gun,Deep Purple,Rock,0.1,1.5311,0.0,0.0,0.0,0.0,0.0
29286,Rock_00458,Vavoom: Ted The Mechanic,Deep Purple,Rock,0.0962,1.4641,0.0,0.0,0.0,0.0,0.0
29287,Rock_00459,Wait A While,Deep Purple,Rock,0.1739,1.369,0.0,0.0,0.0,0.0,0.0
29288,Rock_00460,Walk On,Deep Purple,Rock,0.5,1.276,0.0,0.0,0.0,0.0,0.0
29289,Rock_00461,Wasted Sunsets,Deep Purple,Rock,0.3333,1.5833,0.0,0.0,0.0,0.0,0.0
29290,Rock_00462,Watching The Sky,Deep Purple,Rock,0.3415,1.5065,0.0,0.0,0.0,0.0,0.0
29291,Rock_00463,We Can Work It Out,Deep Purple,Rock,0.75,1.1639,0.0,0.0,0.0,0.0,0.0
29292,Rock_00464,What's Goin' On Here,Deep Purple,Rock,0.2692,1.3545,0.0,0.0,0.0,0.0,0.0
29293,Rock_00465,Whatsername,Deep Purple,Rock,0.3556,1.4344,0.0,0.0,0.0,0.0,0.0
29295,Rock_00466,Why Didn't Rosemary,Deep Purple,Rock,0.3846,1.5776,0.0,0.0,0.0,0.0,0.0
29296,Rock_00467,Woman From Tokyo,Deep Purple,Rock,0.4138,1.5253,0.0,0.0,0.0,0.0,0.0
29297,Rock_00468,Wrong Man,Deep Purple,Rock,0.5,1.4345,0.0,0.0,0.0,0.0,0.0
29298,Rock_00469,You Can't Do It Right,Deep Purple,Rock,0.4,1.5917,0.0,0.0,0.0,0.0,0.0
29299,Rock_00470,You Fool No One,Deep Purple,Rock,0.1333,1.2767,0.0,0.0,0.0,0.0,0.0
17929,Rock_00471,100 Years Ago,Rolling Stones,Rock,0.3077,1.4828,0.0,0.0,0.0,0.0,0.0
17930,Rock_00472,19Th Nervous Breakdown,Rolling Stones,Rock,0.7805,1.7164,0.0,0.0,0.0,0.0,0.0
17931,Rock_00473,2000 Light Years From Home,Rolling Stones,Rock,0.3077,1.6793,0.0,0.0,0.0,0.0,0.0
17932,Rock_00474,2000 Man,Rolling Stones,Rock,0.4516,1.471,0.0,0.0,0.0,0.0,0.0
17933,Rock_00475,Ain't That A Lot Of Love,Rolling Stones,Rock,0.2105,1.2588,0.0,0.0,0.0,0.0,0.0
17934,Rock_00476,All About You,Rolling Stones,Rock,0.1379,1.2772,0.0,0.0,0.0,0.0,0.0
17935,Rock_00477,All Down The Line,Rolling Stones,Rock,0.087,1.4067,0.0,0.0,0.0,0.0,0.0
17936,Rock_00478,All Sold Out,Rolling Stones,Rock,0.5769,1.3429,0.0,0.0,0.0,0.0,0.0
17937,Rock_00479,All The Way Down,Rolling Stones,Rock,0.5254,1.2698,0.0,0.0,0.0,0.0,0.0
17938,Rock_00480,Almost Hear You Sigh,Rolling Stones,Rock,0.1892,1.3311,0.0,0.0,0.0,0.0,0.0
17939,Rock_00481,Already Over Me,Rolling Stones,Rock,0.3261,1.9094,0.0,0.0,0.0,0.0,0.0
17940,Rock_00482,Always Suffering,Rolling Stones,Rock,0.1957,1.6907,0.0,0.0,0.0,0.0,0.0
17942,Rock_00483,Angie,Rolling Stones,Rock,0.3,1.5939,0.0,0.0,0.0,0.0,0.0
17943,Rock_00484,Anybody Seen My Baby?,Rolling Stones,Rock,0.32,1.8667,0.0,0.0,0.0,0.0,0.0
17944,Rock_00485,Anyway You Look At It,Rolling Stones,Rock,0.2593,1.5586,0.0,0.0,0.0,0.0,0.0
17945,Rock_00486,Around And Around,Rolling Stones,Rock,0.6429,1.4544,0.0,0.0,0.0,0.0,0.0
17946,Rock_00487,As Tears Go By,Rolling Stones,Rock,0.5556,1.2794,0.0,0.0,0.0,0.0,0.0
17947,Rock_00488,Baby Break It Down,Rolling Stones,Rock,0.6042,1.3708,0.0,0.0,0.0,0.0,0.0
17948,Rock_00489,Back Of My Hand,Rolling Stones,Rock,0.1667,1.3454,0.0,0.0,0.0,0.0,0.0
17949,Rock_00490,Back To Zero,Rolling Stones,Rock,0.3077,1.5041,0.0,0.0,0.0,0.0,0.0
17950,Rock_00491,Backstreet Girl,Rolling Stones,Rock,0.2083,1.3722,0.0,0.0,0.0,0.0,0.0
17951,Rock_00492,Beast Of Burden,Rolling Stones,Rock,0.2979,1.395,0.0,0.0,0.0,0.0,0.0
17953,Rock_00493,Before They Make Me Run,Rolling Stones,Rock,0.1818,1.3172,0.0,0.0,0.0,0.0,0.0
17954,Rock_00494,Biggest Mistake,Rolling Stones,Rock,0.1379,1.5214,0.0,0.0,0.0,0.0,0.0
17955,Rock_00495,Black Limousine,Rolling Stones,Rock,0.25,1.4639,0.0,0.0,0.0,0.0,0.0
17956,Rock_00496,Blinded By Love,Rolling Stones,Rock,0.25,1.7427,0.0,0.0,0.0,0.0,0.0
17957,Rock_00497,Blinded By Rainbows,Rolling Stones,Rock,0.3,1.4007,0.0,0.0,0.0,0.0,0.0
17958,Rock_00498,Blood Red Wine,Rolling Stones,Rock,0.0833,1.3181,0.0,0.0,0.0,0.0,0.0
17959,Rock_00499,Blue Turns To Grey,Rolling Stones,Rock,0.4375,1.1135,0.0,0.0,0.0,0.0,0.0
17960,Rock_00500,Brand New Car,Rolling Stones,Rock,0.1667,1.195,0.0,0.0,0.0,0.0,0.0
17961,Rock_00501,Break The Spell,Rolling Stones,Rock,0.3571,1.3113,0.0,0.0,0.0,0.0,0.0
17962,Rock_00502,Bright Lights Big City,Rolling Stones,Rock,0.5455,1.3492,0.0,0.0,0.0,0.0,0.0
17963,Rock_00503,Brown Sugar,Rolling Stones,Rock,0.36,1.3056,0.0,0.0,0.0,0.0,0.0
17964,Rock_00504,Bye Bye Johnny,Rolling Stones,Rock,0.2593,1.4538,0.0,0.0,0.0,0.0,0.0
17965,Rock_00505,Can I Get A Witness,Rolling Stones,Rock,0.375,1.6404,0.0,0.0,0.0,0.0,0.0
17966,Rock_00506,Can You Hear The Music,Rolling Stones,Rock,0.3333,1.5394,0.0,0.0,0.0,0.0,0.0
17967,Rock_00507,Can't Be Seen,Rolling Stones,Rock,0.3421,1.5864,0.0,0.0,0.0,0.0,0.0
17968,Rock_00508,Carol,Rolling Stones,Rock,0.5357,1.3812,0.0,0.0,0.0,0.0,0.0
17970,Rock_00509,Child Of The Moon,Rolling Stones,Rock,0.375,1.6005,0.0,0.0,0.0,0.0,0.0
17971,Rock_00510,Citadel,Rolling Stones,Rock,0.4,1.4992,0.0,0.0,0.0,0.0,0.0
17972,Rock_00511,Claudine,Rolling Stones,Rock,0.4714,1.9088,0.0,0.0,0.0,0.0,0.0
17973,Rock_00512,Cocksucker Blues,Rolling Stones,Rock,0.1667,1.6257,0.0,0.0,0.0,0.0,0.0
17974,Rock_00513,Come On,Rolling Stones,Rock,0.2759,1.5352,0.0,0.0,0.0,0.0,0.0
17975,Rock_00514,Coming Down Again,Rolling Stones,Rock,0.3125,1.8208,0.0,0.0,0.0,0.0,0.0
17976,Rock_00515,Complicated,Rolling Stones,Rock,0.4118,1.6422,0.0,0.0,0.0,0.0,0.0
17977,Rock_00516,Confessin' The Blues,Rolling Stones,Rock,0.2273,1.4825,0.0,0.0,0.0,0.0,0.0
17978,Rock_00517,Connection,Rolling Stones,Rock,0.4286,1.6226,0.0,0.0,0.0,0.0,0.0
17979,Rock_00518,Continental Drift,Rolling Stones,Rock,0.7826,1.3065,0.0,0.0,0.0,0.0,0.0
17980,Rock_00519,Cool Calm And Collected,Rolling Stones,Rock,0.3333,1.6444,0.0,0.0,0.0,0.0,0.0
17981,Rock_00520,Cops And Robbers,Rolling Stones,Rock,0.08,1.4079,0.0,0.0,0.0,0.0,0.0
17982,Rock_00521,Corinna,Rolling Stones,Rock,0.5405,1.4041,0.0,0.0,0.0,0.0,0.0
17983,Rock_00522,Country Honk,Rolling Stones,Rock,0.5,1.4065,0.0,0.0,0.0,0.0,0.0
17984,Rock_00523,Crazy Mama,Rolling Stones,Rock,0.0645,1.6258,0.0,0.0,0.0,0.0,0.0
17985,Rock_00524,Cry To Me,Rolling Stones,Rock,0.2857,1.4238,0.0,0.0,0.0,0.0,0.0
17986,Rock_00525,Dance Little Sister,Rolling Stones,Rock,0.6364,1.7902,0.0,0.0,0.0,0.0,0.0
17987,Rock_00526,Dance (Pt 1),Rolling Stones,Rock,0.2963,1.5712,0.0,0.0,0.0,0.0,0.0
17988,Rock_00527,Dancing With Mr. D,Rolling Stones,Rock,0.3235,1.4984,0.0,0.0,0.0,0.0,0.0
17989,Rock_00528,Dandelion,Rolling Stones,Rock,0.5357,1.5692,0.0,0.0,0.0,0.0,0.0
17990,Rock_00529,Dead Flowers,Rolling Stones,Rock,0.5926,1.5539,0.0,0.0,0.0,0.0,0.0
17991,Rock_00530,Dear Doctor,Rolling Stones,Rock,0.359,1.4764,0.0,0.0,0.0,0.0,0.0
17992,Rock_00531,Diddley Daddy,Rolling Stones,Rock,0.4688,1.9513,0.0,0.0,0.0,0.0,0.0
17993,Rock_00532,Dirty Work,Rolling Stones,Rock,0.3429,1.6786,0.0,0.0,0.0,0.0,0.0
17994,Rock_00533,Do You Think I Really Care?,Rolling Stones,Rock,0.2456,1.3175,0.0,0.0,0.0,0.0,0.0
17995,Rock_00534,Doncha Bother Me,Rolling Stones,Rock,0.4545,1.4811,0.0,0.0,0.0,0.0,0.0
17996,Rock_00535,Don't Stop,Rolling Stones,Rock,0.3778,1.2963,0.0,0.0,0.0,0.0,0.0
17997,Rock_00536,Down Home Girl,Rolling Stones,Rock,0.1818,1.4271,0.0,0.0,0.0,0.0,0.0
17998,Rock_00537,Down In The Bottom,Rolling Stones,Rock,0.4444,1.3796,0.0,0.0,0.0,0.0,0.0
17999,Rock_00538,Down In The Hole,Rolling Stones,Rock,0.1053,1.8667,0.0,0.0,0.0,0.0,0.0
18000,Rock_00539,Down The Road Apiece,Rolling Stones,Rock,0.6667,1.4644,0.0,0.0,0.0,0.0,0.0
18001,Rock_00540,Downtown Suzie,Rolling Stones,Rock,0.125,1.59,0.0,0.0,0.0,0.0,0.0
18002,Rock_00541,Drift Away,Rolling Stones,Rock,0.3529,1.4515,0.0,0.0,0.0,0.0,0.0
18003,Rock_00542,Empty Heart,Rolling Stones,Rock,0.4483,1.2023,0.0,0.0,0.0,0.0,0.0
18004,Rock_00543,Fanny Mae,Rolling Stones,Rock,0.5769,1.4237,0.0,0.0,0.0,0.0,0.0
18005,Rock_00544,Feel On Baby,Rolling Stones,Rock,0.6744,1.4477,0.0,0.0,0.0,0.0,0.0
18006,Rock_00545,Fight,Rolling Stones,Rock,0.439,1.2341,0.0,0.0,0.0,0.0,0.0
18007,Rock_00546,Flight 505,Rolling Stones,Rock,0.25,1.5703,0.0,0.0,0.0,0.0,0.0
18008,Rock_00547,Flip The Switch,Rolling Stones,Rock,0.2698,1.4138,0.0,0.0,0.0,0.0,0.0
18009,Rock_00548,Fool To Cry,Rolling Stones,Rock,0.5714,1.399,0.0,0.0,0.0,0.0,0.0
18010,Rock_00549,Fortune Teller,Rolling Stones,Rock,0.1212,1.598,0.0,0.0,0.0,0.0,0.0
18011,Rock_00550,Get Off Of My Cloud,Rolling Stones,Rock,0.069,1.5811,0.0,0.0,0.0,0.0,0.0
18012,Rock_00551,Gimme Shelter,Rolling Stones,Rock,0.7,1.4423,0.0,0.0,0.0,0.0,0.0
18013,Rock_00552,Gloom And Doom,Rolling Stones,Rock,0.3934,1.4016,0.0,0.0,0.0,0.0,0.0
18014,Rock_00553,Going Home,Rolling Stones,Rock,0.3656,1.2843,0.0,0.0,0.0,0.0,0.0
18015,Rock_00554,Going To A Go-Go,Rolling Stones,Rock,0.4444,1.485,0.0,0.0,0.0,0.0,0.0
18016,Rock_00555,Good Times,Rolling Stones,Rock,0.5161,1.1274,0.0,0.0,0.0,0.0,0.0
18018,Rock_00556,Gotta Get Away,Rolling Stones,Rock,0.4286,1.5044,0.0,0.0,0.0,0.0,0.0
18019,Rock_00557,Grown Up Wrong,Rolling Stones,Rock,0.5263,1.2781,0.0,0.0,0.0,0.0,0.0
18020,Rock_00558,Gunface,Rolling Stones,Rock,0.3846,1.485,0.0,0.0,0.0,0.0,0.0
18021,Rock_00559,Had It With You,Rolling Stones,Rock,0.4167,1.6712,0.0,0.0,0.0,0.0,0.0
18022,Rock_00560,Hand Of Fate,Rolling Stones,Rock,0.2368,1.2798,0.0,0.0,0.0,0.0,0.0
18023,Rock_00561,Hang Fire,Rolling Stones,Rock,0.0909,1.2682,0.0,0.0,0.0,0.0,0.0
18024,Rock_00562,Happy,Rolling Stones,Rock,0.5833,1.4751,0.0,0.0,0.0,0.0,0.0
18025,Rock_00563,Harlem Shuffle,Rolling Stones,Rock,0.3333,1.321,0.0,0.0,0.0,0.0,0.0
18026,Rock_00564,"Have You Seen Your Mother Baby, Standing In The Shadow",Rolling Stones,Rock,0.1,1.7367,0.0,0.0,0.0,0.0,0.0
18027,Rock_00565,Heart Of Stone,Rolling Stones,Rock,0.2273,1.4028,0.0,0.0,0.0,0.0,0.0
18028,Rock_00566,Heartbreaker,Rolling Stones,Rock,0.3846,1.438,0.0,0.0,0.0,0.0,0.0
18029,Rock_00567,Hearts For Sale,Rolling Stones,Rock,0.3673,1.5119,0.0,0.0,0.0,0.0,0.0
18030,Rock_00568,Heaven,Rolling Stones,Rock,0.4444,1.7185,0.0,0.0,0.0,0.0,0.0
18031,Rock_00569,Hey Negrita,Rolling Stones,Rock,0.1852,1.4314,0.0,0.0,0.0,0.0,0.0
18032,Rock_00570,Hide Your Love,Rolling Stones,Rock,0.3333,1.1972,0.0,0.0,0.0,0.0,0.0
18033,Rock_00571,High And Dry,Rolling Stones,Rock,0.5,1.2378,0.0,0.0,0.0,0.0,0.0
18034,Rock_00572,Highwire,Rolling Stones,Rock,0.3529,1.4394,0.0,0.0,0.0,0.0,0.0
18035,Rock_00573,Hitch Hike,Rolling Stones,Rock,0.7059,1.1839,0.0,0.0,0.0,0.0,0.0
18036,Rock_00574,Hold Back,Rolling Stones,Rock,0.25,1.508,0.0,0.0,0.0,0.0,0.0
18037,Rock_00575,Hold On To Your Hat,Rolling Stones,Rock,0.6364,1.3394,0.0,0.0,0.0,0.0,0.0
18038,Rock_00576,Hot Stuff,Rolling Stones,Rock,0.0714,1.4775,0.0,0.0,0.0,0.0,0.0
18039,Rock_00577,How Can I Stop,Rolling Stones,Rock,0.28,1.2967,0.0,0.0,0.0,0.0,0.0
18040,Rock_00578,I Am Waiting,Rolling Stones,Rock,0.6389,1.544,0.0,0.0,0.0,0.0,0.0
18041,Rock_00579,I Can't Be Satisfied,Rolling Stones,Rock,0.4412,1.3721,0.0,0.0,0.0,0.0,0.0
18042,Rock_00580,I Go Wild,Rolling Stones,Rock,0.3958,1.4549,0.0,0.0,0.0,0.0,0.0
18043,Rock_00581,I Got The Blues,Rolling Stones,Rock,0.0909,1.3856,0.0,0.0,0.0,0.0,0.0
18044,Rock_00582,I Just Want To Make Love To You,Rolling Stones,Rock,0.675,1.2475,0.0,0.0,0.0,0.0,0.0
18045,Rock_00583,I Just Want To See His Face,Rolling Stones,Rock,0.2,1.541,0.0,0.0,0.0,0.0,0.0
18046,Rock_00584,I Love Rock N' Roll,Rolling Stones,Rock,0.25,1.2849,0.0,0.0,0.0,0.0,0.0
18047,Rock_00585,I Wanna Be Your Man,Rolling Stones,Rock,0.9565,1.3188,0.0,0.0,0.0,0.0,0.0
18048,Rock_00586,I Want To Be Loved,Rolling Stones,Rock,0.1579,1.4123,0.0,0.0,0.0,0.0,0.0
18049,Rock_00587,If You Let Me,Rolling Stones,Rock,0.5185,1.2778,0.0,0.0,0.0,0.0,0.0
18050,Rock_00588,If You Need Me,Rolling Stones,Rock,0.303,1.2106,0.0,0.0,0.0,0.0,0.0
18051,Rock_00589,If You Really Want To Be My Friend,Rolling Stones,Rock,0.2045,1.4742,0.0,0.0,0.0,0.0,0.0
18052,Rock_00590,I'm A King Bee,Rolling Stones,Rock,0.6,1.2467,0.0,0.0,0.0,0.0,0.0
18053,Rock_00591,I'm All Right,Rolling Stones,Rock,0.25,1.3601,0.0,0.0,0.0,0.0,0.0
18054,Rock_00592,I'm Free,Rolling Stones,Rock,0.5714,1.0476,0.0,0.0,0.0,0.0,0.0
18055,Rock_00593,I'm Moving On,Rolling Stones,Rock,0.2895,1.2784,0.0,0.0,0.0,0.0,0.0
18056,Rock_00594,In Another Land,Rolling Stones,Rock,0.6061,1.7136,0.0,0.0,0.0,0.0,0.0
18057,Rock_00595,Indian Girl,Rolling Stones,Rock,0.6154,1.6656,0.0,0.0,0.0,0.0,0.0
18058,Rock_00596,Infamy,Rolling Stones,Rock,0.1026,1.3017,0.0,0.0,0.0,0.0,0.0
18060,Rock_00597,It Must Be Hell,Rolling Stones,Rock,0.4324,1.4374,0.0,0.0,0.0,0.0,0.0
18061,Rock_00598,It Should Be You,Rolling Stones,Rock,0.5294,1.5214,0.0,0.0,0.0,0.0,0.0
18062,Rock_00599,It Won't Take Long,Rolling Stones,Rock,0.2581,1.4849,0.0,0.0,0.0,0.0,0.0
18063,Rock_00600,It's All Over Now,Rolling Stones,Rock,0.2353,1.3241,0.0,0.0,0.0,0.0,0.0
18064,Rock_00601,It's Not Easy,Rolling Stones,Rock,0.6098,1.5573,0.0,0.0,0.0,0.0,0.0
18065,Rock_00602,It's Only Rock N Roll,Rolling Stones,Rock,0.551,1.1555,0.0,0.0,0.0,0.0,0.0
18066,Rock_00603,I've Been Loving You Too Long,Rolling Stones,Rock,0.1053,1.3424,0.0,0.0,0.0,0.0,0.0
18067,Rock_00604,Jig-Saw Puzzle,Rolling Stones,Rock,0.2857,1.806,0.0,0.0,0.0,0.0,0.0
18069,Rock_00605,Jump On Top Of Me,Rolling Stones,Rock,0.3971,1.335,0.0,0.0,0.0,0.0,0.0
18070,Rock_00606,Keys To Your Love,Rolling Stones,Rock,0.3721,1.3601,0.0,0.0,0.0,0.0,0.0
18072,Rock_00607,"Laugh, I Nearly Died",Rolling Stones,Rock,0.1951,1.6075,0.0,0.0,0.0,0.0,0.0
18073,Rock_00608,Let It Bleed,Rolling Stones,Rock,0.1379,1.4639,0.0,0.0,0.0,0.0,0.0
18076,Rock_00609,Let Me Down Slow,Rolling Stones,Rock,0.2121,1.4023,0.0,0.0,0.0,0.0,0.0
18077,Rock_00610,Let Me Go,Rolling Stones,Rock,0.4872,1.2329,0.0,0.0,0.0,0.0,0.0
18078,Rock_00611,Let's Spend The Night Together,Rolling Stones,Rock,0.4318,1.5296,0.0,0.0,0.0,0.0,0.0
18080,Rock_00612,Like A Rolling Stone,Rolling Stones,Rock,0.3582,1.5949,0.0,0.0,0.0,0.0,0.0
18081,Rock_00613,Little Baby,Rolling Stones,Rock,0.5357,1.2024,0.0,0.0,0.0,0.0,0.0
18082,Rock_00614,Little By Little,Rolling Stones,Rock,0.2222,1.4912,0.0,0.0,0.0,0.0,0.0
18083,Rock_00615,Little Queenie,Rolling Stones,Rock,0.1875,1.5948,0.0,0.0,0.0,0.0,0.0
18084,Rock_00616,Little Red Rooster,Rolling Stones,Rock,0.5333,1.5138,0.0,0.0,0.0,0.0,0.0
18085,Rock_00617,Live With Me,Rolling Stones,Rock,0.2059,1.427,0.0,0.0,0.0,0.0,0.0
18087,Rock_00618,Look What The Cat Dragged In,Rolling Stones,Rock,0.2821,1.3973,0.0,0.0,0.0,0.0,0.0
18088,Rock_00619,Look What You've Done,Rolling Stones,Rock,0.1562,1.3385,0.0,0.0,0.0,0.0,0.0
18089,Rock_00620,Looking Tired,Rolling Stones,Rock,0.5714,1.5222,0.0,0.0,0.0,0.0,0.0
18090,Rock_00621,Losing My Touch,Rolling Stones,Rock,0.2857,1.3976,0.0,0.0,0.0,0.0,0.0
18091,Rock_00622,Love In Vain,Rolling Stones,Rock,0.2,1.4417,0.0,0.0,0.0,0.0,0.0
18092,Rock_00623,Love Is Strong,Rolling Stones,Rock,0.4667,1.4083,0.0,0.0,0.0,0.0,0.0
18093,Rock_00624,Loving Cup,Rolling Stones,Rock,0.2174,1.3659,0.0,0.0,0.0,0.0,0.0
18094,Rock_00625,Low Down,Rolling Stones,Rock,0.3913,1.2363,0.0,0.0,0.0,0.0,0.0
18095,Rock_00626,Luxury,Rolling Stones,Rock,0.4444,1.5624,0.0,0.0,0.0,0.0,0.0
18096,Rock_00627,Mannish Boy,Rolling Stones,Rock,0.4821,1.2154,0.0,0.0,0.0,0.0,0.0
18097,Rock_00628,Mean Disposition,Rolling Stones,Rock,0.4043,1.4273,0.0,0.0,0.0,0.0,0.0
18098,Rock_00629,Melody,Rolling Stones,Rock,0.4848,1.7337,0.0,0.0,0.0,0.0,0.0
18099,Rock_00630,Memo From Turner,Rolling Stones,Rock,0.0417,1.7395,0.0,0.0,0.0,0.0,0.0
18100,Rock_00631,Memory Motel,Rolling Stones,Rock,0.2787,1.4763,0.0,0.0,0.0,0.0,0.0
51038,Rock_00632,Driving Too Fast,Rolling Stones,Rock,0.3478,1.4037,0.0,0.0,0.0,0.0,0.0
51039,Rock_00633,Emotional Rescue,Rolling Stones,Rock,0.4419,1.4166,0.0,0.0,0.0,0.0,0.0
51040,Rock_00634,Everybody Needs Somebody To Love,Rolling Stones,Rock,0.4471,1.5371,0.0,0.0,0.0,0.0,0.0
51041,Rock_00635,Everything Is Turning To Gold,Rolling Stones,Rock,0.4,1.7092,0.0,0.0,0.0,0.0,0.0
51042,Rock_00636,Factory Girl,Rolling Stones,Rock,0.25,1.6104,0.0,0.0,0.0,0.0,0.0
51043,Rock_00637,Family,Rolling Stones,Rock,0.0811,1.6563,0.0,0.0,0.0,0.0,0.0
51044,Rock_00638,Far Away Eyes,Rolling Stones,Rock,0.4118,1.5864,0.0,0.0,0.0,0.0,0.0
1721,Rock_00639,Ain't No Cure For Love (Crush Demo),Bon Jovi,Rock,0.6071,1.3902,0.0,0.0,0.0,0.0,0.0
1722,Rock_00640,Alive,Bon Jovi,Rock,0.5778,1.2812,0.0,0.0,0.0,0.0,0.0
1723,Rock_00641,All About Loving You,Bon Jovi,Rock,0.5,1.6259,0.0,0.0,0.0,0.0,0.0
1724,Rock_00642,All I Wanna Do Is You,Bon Jovi,Rock,0.3143,1.2022,0.0,0.0,0.0,0.0,0.0
1725,Rock_00643,All I Want Is Everything,Bon Jovi,Rock,0.4,1.4987,0.0,0.0,0.0,0.0,0.0
1726,Rock_00644,"All Talk, No Action",Bon Jovi,Rock,0.3056,1.4708,0.0,0.0,0.0,0.0,0.0
1727,Rock_00645,Always,Bon Jovi,Rock,0.3269,1.3901,0.0,0.0,0.0,0.0,0.0
1728,Rock_00646,Always Run To You,Bon Jovi,Rock,0.5814,1.5217,0.0,0.0,0.0,0.0,0.0
1729,Rock_00647,America The Beautiful,Bon Jovi,Rock,0.4706,1.9951,0.0,0.0,0.0,0.0,0.0
1730,Rock_00648,American Dreams,Bon Jovi,Rock,0.7059,1.5603,0.0,0.0,0.0,0.0,0.0
1731,Rock_00649,Another Reason To Believe,Bon Jovi,Rock,0.4314,1.5418,0.0,0.0,0.0,0.0,0.0
1732,Rock_00650,Army Of One,Bon Jovi,Rock,0.6774,1.6694,0.0,0.0,0.0,0.0,0.0
1733,Rock_00651,Bad Medicine,Bon Jovi,Rock,0.6301,1.6637,0.0,0.0,0.0,0.0,0.0
1734,Rock_00652,Ballad Of Youth,Bon Jovi,Rock,0.3469,1.6918,0.0,0.0,0.0,0.0,0.0
1735,Rock_00653,Bang A Drum,Bon Jovi,Rock,0.1333,1.2792,0.0,0.0,0.0,0.0,0.0
1736,Rock_00654,Bed Of Roses,Bon Jovi,Rock,0.2264,1.4018,0.0,0.0,0.0,0.0,0.0
1737,Rock_00655,Better Think Twice,Bon Jovi,Rock,0.3077,1.435,0.0,0.0,0.0,0.0,0.0
1738,Rock_00656,Billy,Bon Jovi,Rock,0.5769,1.5564,0.0,0.0,0.0,0.0,0.0
1739,Rock_00657,Bitter Wine,Bon Jovi,Rock,0.3636,1.5295,0.0,0.0,0.0,0.0,0.0
1740,Rock_00658,Blood Money,Bon Jovi,Rock,0.3077,1.4827,0.0,0.0,0.0,0.0,0.0
1742,Rock_00659,Born To Be My Baby,Bon Jovi,Rock,0.6296,1.4296,0.0,0.0,0.0,0.0,0.0
1743,Rock_00660,Breakout,Bon Jovi,Rock,0.5,1.4046,0.0,0.0,0.0,0.0,0.0
1744,Rock_00661,Captain Crash And The Beauty Queen From Mars,Bon Jovi,Rock,0.3636,1.9337,0.0,0.0,0.0,0.0,0.0
1745,Rock_00662,Church Of Desire,Bon Jovi,Rock,0.7105,1.7982,0.0,0.0,0.0,0.0,0.0
1746,Rock_00663,Come Back,Bon Jovi,Rock,0.3448,1.5132,0.0,0.0,0.0,0.0,0.0
1747,Rock_00664,Crazy,Bon Jovi,Rock,0.3333,1.6333,0.0,0.0,0.0,0.0,0.0
1748,Rock_00665,Dirty Little Secret,Bon Jovi,Rock,0.6222,1.5215,0.0,0.0,0.0,0.0,0.0
1749,Rock_00666,Downside Of Love,Bon Jovi,Rock,0.3571,1.5921,0.0,0.0,0.0,0.0,0.0
1750,Rock_00667,Everybody's Broken,Bon Jovi,Rock,0.3636,1.928,0.0,0.0,0.0,0.0,0.0
1751,Rock_00668,Garageland,Bon Jovi,Rock,0.25,1.7458,0.0,0.0,0.0,0.0,0.0
1752,Rock_00669,Have A Nice Day,Bon Jovi,Rock,0.68,1.2974,0.0,0.0,0.0,0.0,0.0
1753,Rock_00670,Heartbreak Eyes,Bon Jovi,Rock,0.3611,1.4415,0.0,0.0,0.0,0.0,0.0
1754,Rock_00671,Heaven Help Us,Bon Jovi,Rock,0.1739,1.2938,0.0,0.0,0.0,0.0,0.0
1755,Rock_00672,Helter Skelter,Bon Jovi,Rock,0.7273,1.4323,0.0,0.0,0.0,0.0,0.0
1756,Rock_00673,Hollywood Dreams,Bon Jovi,Rock,0.4167,1.5963,0.0,0.0,0.0,0.0,0.0
1757,Rock_00674,Homebound Train,Bon Jovi,Rock,0.3333,1.419,0.0,0.0,0.0,0.0,0.0
1758,Rock_00675,Hook Me Up,Bon Jovi,Rock,0.4194,1.7022,0.0,0.0,0.0,0.0,0.0
1759,Rock_00676,I Am,Bon Jovi,Rock,0.6596,1.6914,0.0,0.0,0.0,0.0,0.0
1760,Rock_00677,I Believe,Bon Jovi,Rock,0.2564,1.5363,0.0,0.0,0.0,0.0,0.0
1761,Rock_00678,I Don't Like Mondays,Bon Jovi,Rock,0.3929,1.4521,0.0,0.0,0.0,0.0,0.0
1762,Rock_00679,I Don't Want To Live Forever,Bon Jovi,Rock,0.5556,1.6349,0.0,0.0,0.0,0.0,0.0
1763,Rock_00680,I Got The Girl,Bon Jovi,Rock,0.3333,1.3409,0.0,0.0,0.0,0.0,0.0
1764,Rock_00681,I Wish Every Day Could Be Like Christmas,Bon Jovi,Rock,0.3871,1.5791,0.0,0.0,0.0,0.0,0.0
1765,Rock_00682,If That's What It Takes,Bon Jovi,Rock,0.4571,1.3681,0.0,0.0,0.0,0.0,0.0
1766,Rock_00683,I'll Be There For You,Bon Jovi,Rock,0.5849,1.2824,0.0,0.0,0.0,0.0,0.0
1767,Rock_00684,I'll Sleep When I'm Dead,Bon Jovi,Rock,0.5224,1.2874,0.0,0.0,0.0,0.0,0.0
1768,Rock_00685,I'm With You,Bon Jovi,Rock,0.5625,1.5143,0.0,0.0,0.0,0.0,0.0
1769,Rock_00686,Imagine,Bon Jovi,Rock,0.4231,1.8205,0.0,0.0,0.0,0.0,0.0
1770,Rock_00687,In These Arms,Bon Jovi,Rock,0.5714,1.3477,0.0,0.0,0.0,0.0,0.0
1771,Rock_00688,It's Just Me,Bon Jovi,Rock,0.4583,1.4982,0.0,0.0,0.0,0.0,0.0
1772,Rock_00689,Jailbreak,Bon Jovi,Rock,0.25,1.7316,0.0,0.0,0.0,0.0,0.0
1773,Rock_00690,Just Older,Bon Jovi,Rock,0.1842,1.4702,0.0,0.0,0.0,0.0,0.0
1775,Rock_00691,Kidnap An Angel,Bon Jovi,Rock,0.3636,1.5717,0.0,0.0,0.0,0.0,0.0
1776,Rock_00692,Last Chance Train,Bon Jovi,Rock,0.4314,1.5186,0.0,0.0,0.0,0.0,0.0
1777,Rock_00693,Learning How To Fall,Bon Jovi,Rock,0.4571,1.3738,0.0,0.0,0.0,0.0,0.0
1778,Rock_00694,Letter To A Friend,Bon Jovi,Rock,0.3409,1.3212,0.0,0.0,0.0,0.0,0.0
1779,Rock_00695,Levon,Bon Jovi,Rock,0.2333,1.56,0.0,0.0,0.0,0.0,0.0
1780,Rock_00696,Lie To Me,Bon Jovi,Rock,0.25,1.4176,0.0,0.0,0.0,0.0,0.0
1781,Rock_00697,Life's Too Short For Days Like These,Bon Jovi,Rock,0.5122,1.3604,0.0,0.0,0.0,0.0,0.0
1782,Rock_00698,Little Bit Of Soul,Bon Jovi,Rock,0.26,1.5639,0.0,0.0,0.0,0.0,0.0
1783,Rock_00699,Little City,Bon Jovi,Rock,0.4,1.4533,0.0,0.0,0.0,0.0,0.0
1784,Rock_00700,Living In Sin,Bon Jovi,Rock,0.375,1.3176,0.0,0.0,0.0,0.0,0.0
1785,Rock_00701,Lonely At The Top,Bon Jovi,Rock,0.3103,1.518,0.0,0.0,0.0,0.0,0.0
1786,Rock_00702,Lonely Is The Night,Bon Jovi,Rock,0.5417,1.8431,0.0,0.0,0.0,0.0,0.0
1787,Rock_00703,Lost Highway,Bon Jovi,Rock,0.36,1.5736,0.0,0.0,0.0,0.0,0.0
1788,Rock_00704,Lucky,Bon Jovi,Rock,0.5455,1.7126,0.0,0.0,0.0,0.0,0.0
1789,Rock_00705,Maybe Tomorrow,Bon Jovi,Rock,0.2692,1.7481,0.0,0.0,0.0,0.0,0.0
1790,Rock_00706,Misunderstood,Bon Jovi,Rock,0.2222,1.6444,0.0,0.0,0.0,0.0,0.0
1791,Rock_00707,No Regrets,Bon Jovi,Rock,0.4865,1.5952,0.0,0.0,0.0,0.0,0.0
26085,Rock_00708,634-5789,Bon Jovi,Rock,0.3226,1.4713,0.0,0.0,0.0,0.0,0.0
26086,Rock_00709,99 In The Shade,Bon Jovi,Rock,0.0526,1.5417,0.0,0.0,0.0,0.0,0.0
26087,Rock_00710,All That Really Matters,Bon Jovi,Rock,0.4474,1.6122,0.0,0.0,0.0,0.0,0.0
26088,Rock_00711,Amen,Bon Jovi,Rock,0.1892,1.6113,0.0,0.0,0.0,0.0,0.0
26089,Rock_00712,Any Other Day,Bon Jovi,Rock,0.6364,1.2384,0.0,0.0,0.0,0.0,0.0
26090,Rock_00713,"August 7, 4: 15",Bon Jovi,Rock,0.2857,1.6437,0.0,0.0,0.0,0.0,0.0
26091,Rock_00714,Backdoor To Heaven,Bon Jovi,Rock,0.2222,1.5185,0.0,0.0,0.0,0.0,0.0
26092,Rock_00715,Beautiful World,Bon Jovi,Rock,0.4286,1.5476,0.0,0.0,0.0,0.0,0.0
26093,Rock_00716,Billy Get Your Guns,Bon Jovi,Rock,0.5,1.583,0.0,0.0,0.0,0.0,0.0
26094,Rock_00717,Blaze Of Glory,Bon Jovi,Rock,0.2787,1.2814,0.0,0.0,0.0,0.0,0.0
26095,Rock_00718,Blood On Blood,Bon Jovi,Rock,0.5254,1.3653,0.0,0.0,0.0,0.0,0.0
26096,Rock_00719,Borderline,Bon Jovi,Rock,0.5312,2.1487,0.0,0.0,0.0,0.0,0.0
26097,Rock_00720,Breathe,Bon Jovi,Rock,0.4651,1.3225,0.0,0.0,0.0,0.0,0.0
26098,Rock_00721,Brokenpromiseland,Bon Jovi,Rock,0.2778,1.5963,0.0,0.0,0.0,0.0,0.0
26099,Rock_00722,Burning For Love,Bon Jovi,Rock,0.16,1.594,0.0,0.0,0.0,0.0,0.0
26100,Rock_00723,Can't Help Falling In Love,Bon Jovi,Rock,0.6875,1.2406,0.0,0.0,0.0,0.0,0.0
26101,Rock_00724,Celluloid Heroes,Bon Jovi,Rock,0.3333,1.988,0.0,0.0,0.0,0.0,0.0
26102,Rock_00725,Chained,Bon Jovi,Rock,0.4468,1.8199,0.0,0.0,0.0,0.0,0.0
26103,Rock_00726,Cold Hard Heart,Bon Jovi,Rock,0.5349,1.1583,0.0,0.0,0.0,0.0,0.0
26104,Rock_00727,Crazy Love,Bon Jovi,Rock,0.5,1.6959,0.0,0.0,0.0,0.0,0.0
26105,Rock_00728,Damned,Bon Jovi,Rock,0.4912,1.4234,0.0,0.0,0.0,0.0,0.0
26106,Rock_00729,Deep Cuts The Night,Bon Jovi,Rock,0.28,1.4011,0.0,0.0,0.0,0.0,0.0
26107,Rock_00730,Destination Anywhere,Bon Jovi,Rock,0.3611,1.7438,0.0,0.0,0.0,0.0,0.0
26109,Rock_00731,Diamond Ring,Bon Jovi,Rock,0.64,1.5133,0.0,0.0,0.0,0.0,0.0
26110,Rock_00732,Don't Do That To Me Anymore,Bon Jovi,Rock,0.6176,1.9525,0.0,0.0,0.0,0.0,0.0
26111,Rock_00733,Don't Keep Me Wondering,Bon Jovi,Rock,0.4783,1.5986,0.0,0.0,0.0,0.0,0.0
26112,Rock_00734,Don't Leave Me Tonight,Bon Jovi,Rock,0.1778,1.4686,0.0,0.0,0.0,0.0,0.0
26113,Rock_00735,Don't You Believe Him,Bon Jovi,Rock,0.625,1.4873,0.0,0.0,0.0,0.0,0.0
26116,Rock_00736,Dry County,Bon Jovi,Rock,0.3636,1.4788,0.0,0.0,0.0,0.0,0.0
26117,Rock_00737,Dyin' Ain't Much Of A Livin',Bon Jovi,Rock,0.5,1.4685,0.0,0.0,0.0,0.0,0.0
26118,Rock_00738,Edge Of A Broken Heart,Bon Jovi,Rock,0.225,1.5228,0.0,0.0,0.0,0.0,0.0
26119,Rock_00739,Every Beat Of My Heart,Bon Jovi,Rock,0.3409,1.3261,0.0,0.0,0.0,0.0,0.0
26120,Rock_00740,Every Road Leads Home To You,Bon Jovi,Rock,0.5,1.4758,0.0,0.0,0.0,0.0,0.0
26121,Rock_00741,Every Word Was A Piece Of My Heart,Bon Jovi,Rock,0.359,1.3691,0.0,0.0,0.0,0.0,0.0
26122,Rock_00742,Everyday,Bon Jovi,Rock,0.587,1.4455,0.0,0.0,0.0,0.0,0.0
26123,Rock_00743,Fallen From Graceland,Bon Jovi,Rock,0.4583,1.6743,0.0,0.0,0.0,0.0,0.0
26124,Rock_00744,Father Time,Bon Jovi,Rock,0.5435,1.3402,0.0,0.0,0.0,0.0,0.0
26125,Rock_00745,Fear,Bon Jovi,Rock,0.1489,1.4293,0.0,0.0,0.0,0.0,0.0
26126,Rock_00746,Feeling Like Making Love,Bon Jovi,Rock,0.4444,1.4132,0.0,0.0,0.0,0.0,0.0
26127,Rock_00747,Fields Of Fire,Bon Jovi,Rock,0.3,1.3065,0.0,0.0,0.0,0.0,0.0
26128,Rock_00748,Flesh And Bone,Bon Jovi,Rock,0.6562,1.5435,0.0,0.0,0.0,0.0,0.0
26129,Rock_00749,Get Ready,Bon Jovi,Rock,0.1739,1.5138,0.0,0.0,0.0,0.0,0.0
26130,Rock_00750,Good Guys Don't Always Wear White,Bon Jovi,Rock,0.3,1.369,0.0,0.0,0.0,0.0,0.0
26131,Rock_00751,Gotta Have A Reason,Bon Jovi,Rock,0.5116,1.6574,0.0,0.0,0.0,0.0,0.0
26132,Rock_00752,Hallelujah,Bon Jovi,Rock,0.3409,2.3905,0.0,0.0,0.0,0.0,0.0
26133,Rock_00753,Hard Times Comes Easy,Bon Jovi,Rock,0.5,1.5494,0.0,0.0,0.0,0.0,0.0
26134,Rock_00754,Harlem Rain,Bon Jovi,Rock,0.3617,1.6951,0.0,0.0,0.0,0.0,0.0
26135,Rock_00755,Have A Little Faith In Me (Live),Bon Jovi,Rock,0.575,1.4642,0.0,0.0,0.0,0.0,0.0
26136,Rock_00756,Head Over Heels,Bon Jovi,Rock,0.5,1.3495,0.0,0.0,0.0,0.0,0.0
26137,Rock_00757,Hearts Breaking Even,Bon Jovi,Rock,0.3333,1.3597,0.0,0.0,0.0,0.0,0.0
26138,Rock_00758,Hey God,Bon Jovi,Rock,0.5439,1.3222,0.0,0.0,0.0,0.0,0.0
26139,Rock_00759,I Get A Rush,Bon Jovi,Rock,0.375,1.3308,0.0,0.0,0.0,0.0,0.0
26140,Rock_00760,I Just Wanna Be Your Man,Bon Jovi,Rock,0.2273,1.3262,0.0,0.0,0.0,0.0,0.0
26141,Rock_00761,I Love This Town,Bon Jovi,Rock,0.5,1.2669,0.0,0.0,0.0,0.0,0.0
26142,Rock_00762,I Talk To Jesus (Demo),Bon Jovi,Rock,0.2857,1.4655,0.0,0.0,0.0,0.0,0.0
26143,Rock_00763,I Thank You,Bon Jovi,Rock,0.325,1.2438,0.0,0.0,0.0,0.0,0.0
26144,Rock_00764,I Want To Be Loved,Bon Jovi,Rock,0.587,1.3189,0.0,0.0,0.0,0.0,0.0
26145,Rock_00765,I Want You,Bon Jovi,Rock,0.4706,1.4281,0.0,0.0,0.0,0.0,0.0
26146,Rock_00766,I'd Die For You,Bon Jovi,Rock,0.3889,1.4079,0.0,0.0,0.0,0.0,0.0
26147,Rock_00767,If God Was A Woman,Bon Jovi,Rock,0.4833,1.5281,0.0,0.0,0.0,0.0,0.0
26148,Rock_00768,If I Can't Have Your Love,Bon Jovi,Rock,0.3871,1.4884,0.0,0.0,0.0,0.0,0.0
26149,Rock_00769,If I Was Your Mother,Bon Jovi,Rock,0.5111,1.4341,0.0,0.0,0.0,0.0,0.0
26150,Rock_00770,In And Out Of Love,Bon Jovi,Rock,0.4615,1.2949,0.0,0.0,0.0,0.0,0.0
26151,Rock_00771,In It For Love,Bon Jovi,Rock,0.5636,1.6094,0.0,0.0,0.0,0.0,0.0
26152,Rock_00772,It's My Life,Bon Jovi,Rock,0.7451,1.3982,0.0,0.0,0.0,0.0,0.0
26153,Rock_00773,"Janie, Don't Take Your Love To Town",Bon Jovi,Rock,0.28,1.3462,0.0,0.0,0.0,0.0,0.0
26154,Rock_00774,Jersey Girl,Bon Jovi,Rock,0.35,1.4258,0.0,0.0,0.0,0.0,0.0
26155,Rock_00775,Judgement Day,Bon Jovi,Rock,0.3529,1.5172,0.0,0.0,0.0,0.0,0.0
26156,Rock_00776,Keep The Faith,Bon Jovi,Rock,0.3582,1.5529,0.0,0.0,0.0,0.0,0.0
26157,Rock_00777,King Of The Mountain,Bon Jovi,Rock,0.6154,1.8034,0.0,0.0,0.0,0.0,0.0
26158,Rock_00778,Last Man Standing,Bon Jovi,Rock,0.1395,1.5461,0.0,0.0,0.0,0.0,0.0
26159,Rock_00779,Lay Your Hands On Me,Bon Jovi,Rock,0.2222,1.3764,0.0,0.0,0.0,0.0,0.0
26160,Rock_00780,Let It Rock,Bon Jovi,Rock,0.4375,1.3844,0.0,0.0,0.0,0.0,0.0
26161,Rock_00781,Let's Make It Baby,Bon Jovi,Rock,0.4194,1.2669,0.0,0.0,0.0,0.0,0.0
26162,Rock_00782,Letting You Go,Bon Jovi,Rock,0.1562,1.367,0.0,0.0,0.0,0.0,0.0
26163,Rock_00783,Love Ain't Nothing But A Four Letter Word,Bon Jovi,Rock,0.4118,1.5455,0.0,0.0,0.0,0.0,0.0
26164,Rock_00784,Love For Sale,Bon Jovi,Rock,0.2083,1.4904,0.0,0.0,0.0,0.0,0.0
26165,Rock_00785,Love Hurts,Bon Jovi,Rock,0.2727,1.2458,0.0,0.0,0.0,0.0,0.0
26166,Rock_00786,Love Is War,Bon Jovi,Rock,0.4872,1.3477,0.0,0.0,0.0,0.0,0.0
26167,Rock_00787,Love Lies,Bon Jovi,Rock,0.4516,1.5524,0.0,0.0,0.0,0.0,0.0
26168,Rock_00788,Love's The Only Rule,Bon Jovi,Rock,0.3235,1.4953,0.0,0.0,0.0,0.0,0.0
26169,Rock_00789,Made In America,Bon Jovi,Rock,0.3286,1.8052,0.0,0.0,0.0,0.0,0.0
26170,Rock_00790,Make A Memory,Bon Jovi,Rock,0.4412,1.5446,0.0,0.0,0.0,0.0,0.0
26171,Rock_00791,Maybe Someday,Bon Jovi,Rock,0.4,1.8714,0.0,0.0,0.0,0.0,0.0
26173,Rock_00792,Midnight In Chelsea,Bon Jovi,Rock,0.3793,1.6287,0.0,0.0,0.0,0.0,0.0
26174,Rock_00793,Miracle,Bon Jovi,Rock,0.1194,1.4426,0.0,0.0,0.0,0.0,0.0
26175,Rock_00794,Miss Fourth Of July,Bon Jovi,Rock,0.2258,1.404,0.0,0.0,0.0,0.0,0.0
26176,Rock_00795,Mister Big Time,Bon Jovi,Rock,0.5926,1.3728,0.0,0.0,0.0,0.0,0.0
26177,Rock_00796,More Than We Bargained For,Bon Jovi,Rock,0.5143,1.7393,0.0,0.0,0.0,0.0,0.0
26178,Rock_00797,Mr Bluesman,Bon Jovi,Rock,0.7551,1.4201,0.0,0.0,0.0,0.0,0.0
26179,Rock_00798,Mrs. Robinson,Bon Jovi,Rock,0.4545,1.5463,0.0,0.0,0.0,0.0,0.0
26180,Rock_00799,My Guitar Lies Bleeding In My Arms,Bon Jovi,Rock,0.381,1.5035,0.0,0.0,0.0,0.0,0.0
26181,Rock_00800,Mystery Train,Bon Jovi,Rock,0.6053,1.6548,0.0,0.0,0.0,0.0,0.0
26182,Rock_00801,Naked,Bon Jovi,Rock,0.2368,1.5106,0.0,0.0,0.0,0.0,0.0
26183,Rock_00802,Neurotica,Bon Jovi,Rock,0.1429,2.0243,0.0,0.0,0.0,0.0,0.0
26184,Rock_00803,Never Say Die,Bon Jovi,Rock,0.3509,1.486,0.0,0.0,0.0,0.0,0.0
26185,Rock_00804,Never Say Goodbye,Bon Jovi,Rock,0.4667,1.5552,0.0,0.0,0.0,0.0,0.0
26186,Rock_00805,Next 100 Years,Bon Jovi,Rock,0.08,1.53,0.0,0.0,0.0,0.0,0.0
26187,Rock_00806,No Apologies,Bon Jovi,Rock,0.6727,2.5167,0.0,0.0,0.0,0.0,0.0
26188,Rock_00807,No One Does It Like You,Bon Jovi,Rock,0.6316,1.4268,0.0,0.0,0.0,0.0,0.0
26189,Rock_00808,Nobody's Hero,Bon Jovi,Rock,0.3636,1.5726,0.0,0.0,0.0,0.0,0.0
26190,Rock_00809,Not Running Anymore,Bon Jovi,Rock,0.2581,1.6419,0.0,0.0,0.0,0.0,0.0
26191,Rock_00810,Nothing,Bon Jovi,Rock,0.6757,1.4892,0.0,0.0,0.0,0.0,0.0
26192,Rock_00811,Now And Forever,Bon Jovi,Rock,0.52,1.4731,0.0,0.0,0.0,0.0,0.0
26193,Rock_00812,Old Habits Die Hard,Bon Jovi,Rock,0.4242,1.388,0.0,0.0,0.0,0.0,0.0
26194,Rock_00813,One Light Burning,Bon Jovi,Rock,0.4595,1.8622,0.0,0.0,0.0,0.0,0.0
3253,Rock_00814,Another's Arms,Coldplay,Rock,0.6786,1.6577,0.0,0.0,0.0,0.0,0.0
3254,Rock_00815,Bigger Stronger,Coldplay,Rock,0.8529,1.874,0.0,0.0,0.0,0.0,0.0
3255,Rock_00816,Daylight,Coldplay,Rock,0.4,1.6458,0.0,0.0,0.0,0.0,0.0
3256,Rock_00817,Everglow,Coldplay,Rock,0.0667,1.3948,0.0,0.0,0.0,0.0,0.0
3257,Rock_00818,Every Teardrop Is A Waterfall,Coldplay,Rock,0.4419,1.7783,0.0,0.0,0.0,0.0,0.0
3258,Rock_00819,Everything's Not Lost,Coldplay,Rock,0.5294,1.6838,0.0,0.0,0.0,0.0,0.0
3259,Rock_00820,Fix You,Coldplay,Rock,0.5172,1.5302,0.0,0.0,0.0,0.0,0.0
3260,Rock_00821,For You,Coldplay,Rock,0.2105,1.901,0.0,0.0,0.0,0.0,0.0
3261,Rock_00822,Fun,Coldplay,Rock,0.439,1.3142,0.0,0.0,0.0,0.0,0.0
3262,Rock_00823,Ghost Story,Coldplay,Rock,0.5714,1.7385,0.0,0.0,0.0,0.0,0.0
3263,Rock_00824,Glass Of Water,Coldplay,Rock,0.2941,1.5936,0.0,0.0,0.0,0.0,0.0
3264,Rock_00825,God Put A Smile Upon Your Face,Coldplay,Rock,0.6471,1.2569,0.0,0.0,0.0,0.0,0.0
3265,Rock_00826,Green Eyes,Coldplay,Rock,0.4848,1.3333,0.0,0.0,0.0,0.0,0.0
3266,Rock_00827,How You See The World,Coldplay,Rock,0.3571,1.6505,0.0,0.0,0.0,0.0,0.0
3267,Rock_00828,I Ran Away,Coldplay,Rock,0.475,1.3479,0.0,0.0,0.0,0.0,0.0
3268,Rock_00829,Idiot,Coldplay,Rock,0.75,1.6089,0.0,0.0,0.0,0.0,0.0
3269,Rock_00830,Kingdom Come,Coldplay,Rock,0.3226,1.2801,0.0,0.0,0.0,0.0,0.0
3270,Rock_00831,Lhuna,Coldplay,Rock,0.64,1.9367,0.0,0.0,0.0,0.0,0.0
3271,Rock_00832,Life In Technicolor II,Coldplay,Rock,0.32,1.4167,0.0,0.0,0.0,0.0,0.0
3272,Rock_00833,Lips Like Sugar,Coldplay,Rock,0.5366,1.5,0.0,0.0,0.0,0.0,0.0
3273,Rock_00834,Lost Highway,Coldplay,Rock,0.2105,1.4272,0.0,0.0,0.0,0.0,0.0
3274,Rock_00835,Lovers In Japan,Coldplay,Rock,0.5,1.3717,0.0,0.0,0.0,0.0,0.0
3275,Rock_00836,Low,Coldplay,Rock,0.5,1.3909,0.0,0.0,0.0,0.0,0.0
3276,Rock_00837,Magic,Coldplay,Rock,0.5714,1.2921,0.0,0.0,0.0,0.0,0.0
3277,Rock_00838,Major Minus,Coldplay,Rock,0.5,1.9377,0.0,0.0,0.0,0.0,0.0
3278,Rock_00839,Marianne,Coldplay,Rock,0.4419,1.2793,0.0,0.0,0.0,0.0,0.0
3279,Rock_00840,Midnight,Coldplay,Rock,0.6667,1.4533,0.0,0.0,0.0,0.0,0.0
3280,Rock_00841,Miracles,Coldplay,Rock,0.4138,1.523,0.0,0.0,0.0,0.0,0.0
3281,Rock_00842,M.M.I.X.,Coldplay,Rock,0.1786,1.7415,0.0,0.0,0.0,0.0,0.0
3282,Rock_00843,Moses,Coldplay,Rock,0.5667,1.3117,0.0,0.0,0.0,0.0,0.0
3283,Rock_00844,Murder,Coldplay,Rock,0.5263,1.6289,0.0,0.0,0.0,0.0,0.0
3284,Rock_00845,No More Keeping My Feet On The Ground,Coldplay,Rock,0.4444,1.6764,0.0,0.0,0.0,0.0,0.0
3285,Rock_00846,Now My Feet Won't Touch The Ground,Coldplay,Rock,0.6154,1.2154,0.0,0.0,0.0,0.0,0.0
3286,Rock_00847,O,Coldplay,Rock,0.3333,1.4371,0.0,0.0,0.0,0.0,0.0
3287,Rock_00848,Oceans,Coldplay,Rock,0.3478,1.2138,0.0,0.0,0.0,0.0,0.0
3288,Rock_00849,Ode To Deodorant,Coldplay,Rock,0.5385,1.7692,0.0,0.0,0.0,0.0,0.0
3289,Rock_00850,Paradise,Coldplay,Rock,0.4722,3.912,0.0,0.0,0.0,0.0,0.0
3290,Rock_00851,Poor Me,Coldplay,Rock,0.5217,1.4058,0.0,0.0,0.0,0.0,0.0
3291,Rock_00852,Princess Of China,Coldplay,Rock,0.3429,1.8475,0.0,0.0,0.0,0.0,0.0
3292,Rock_00853,Proof,Coldplay,Rock,0.4348,1.2681,0.0,0.0,0.0,0.0,0.0
3293,Rock_00854,Rainy Day,Coldplay,Rock,0.5,1.6065,0.0,0.0,0.0,0.0,0.0
3294,Rock_00855,See You Soon,Coldplay,Rock,0.8571,1.2279,0.0,0.0,0.0,0.0,0.0
3295,Rock_00856,Shiver,Coldplay,Rock,0.6042,1.3983,0.0,0.0,0.0,0.0,0.0
3296,Rock_00857,Sleeping Sun,Coldplay,Rock,0.3,1.5224,0.0,0.0,0.0,0.0,0.0
3297,Rock_00858,Solid Ground,Coldplay,Rock,0.2727,1.2212,0.0,0.0,0.0,0.0,0.0
3298,Rock_00859,Songbird,Coldplay,Rock,0.5455,1.5992,0.0,0.0,0.0,0.0,0.0
3299,Rock_00860,Sparks,Coldplay,Rock,0.4167,1.1472,0.0,0.0,0.0,0.0,0.0
3300,Rock_00861,Speed Of Sound,Coldplay,Rock,0.2979,1.3702,0.0,0.0,0.0,0.0,0.0
3301,Rock_00862,Spies,Coldplay,Rock,0.1765,1.451,0.0,0.0,0.0,0.0,0.0
3302,Rock_00863,Square One,Coldplay,Rock,0.3333,1.7755,0.0,0.0,0.0,0.0,0.0
3303,Rock_00864,Strawberry Swing,Coldplay,Rock,0.5135,1.5419,0.0,0.0,0.0,0.0,0.0
3304,Rock_00865,Streets Of Baltimore,Coldplay,Rock,0.069,1.6236,0.0,0.0,0.0,0.0,0.0
3305,Rock_00866,Such A Rush,Coldplay,Rock,0.3846,1.2936,0.0,0.0,0.0,0.0,0.0
3306,Rock_00867,Swallowed In The Sea,Coldplay,Rock,0.4,1.4803,0.0,0.0,0.0,0.0,0.0
3307,Rock_00868,Talk,Coldplay,Rock,0.2692,1.6739,0.0,0.0,0.0,0.0,0.0
3308,Rock_00869,The Hardest Part,Coldplay,Rock,0.4194,1.5027,0.0,0.0,0.0,0.0,0.0
3309,Rock_00870,The World Turned Upside Down,Coldplay,Rock,0.6522,1.5689,0.0,0.0,0.0,0.0,0.0
3310,Rock_00871,Things I Don't Understand,Coldplay,Rock,0.5455,1.4742,0.0,0.0,0.0,0.0,0.0
3311,Rock_00872,Travis - Why Does It Always Rain On Me?,Coldplay,Rock,0.6667,1.5722,0.0,0.0,0.0,0.0,0.0
3312,Rock_00873,Trouble,Coldplay,Rock,0.2917,1.3451,0.0,0.0,0.0,0.0,0.0
3313,Rock_00874,True Love,Coldplay,Rock,0.0952,1.1627,0.0,0.0,0.0,0.0,0.0
3314,Rock_00875,Twisted Logic,Coldplay,Rock,0.3667,1.4944,0.0,0.0,0.0,0.0,0.0
3315,Rock_00876,U.F.O.,Coldplay,Rock,0.2,1.3367,0.0,0.0,0.0,0.0,0.0
3316,Rock_00877,Up In Flames,Coldplay,Rock,0.4444,1.4583,0.0,0.0,0.0,0.0,0.0
3317,Rock_00878,Up With The Birds,Coldplay,Rock,0.25,1.1924,0.0,0.0,0.0,0.0,0.0
3318,Rock_00879,Us Against The World,Coldplay,Rock,0.2857,1.3131,0.0,0.0,0.0,0.0,0.0
3319,Rock_00880,Violet Hill,Coldplay,Rock,0.1212,1.654,0.0,0.0,0.0,0.0,0.0
3320,Rock_00881,Viva La Vida,Coldplay,Rock,0.2632,1.6048,0.0,0.0,0.0,0.0,0.0
3321,Rock_00882,Warning Sign,Coldplay,Rock,0.5806,1.4,0.0,0.0,0.0,0.0,0.0
3322,Rock_00883,We Found Love,Coldplay,Rock,0.6,1.5933,0.0,0.0,0.0,0.0,0.0
3323,Rock_00884,We Never Change,Coldplay,Rock,0.6071,1.3815,0.0,0.0,0.0,0.0,0.0
3324,Rock_00885,What If,Coldplay,Rock,0.5161,1.4086,0.0,0.0,0.0,0.0,0.0
3325,Rock_00886,What's Going On,Coldplay,Rock,0.4688,1.4521,0.0,0.0,0.0,0.0,0.0
3326,Rock_00887,Where Is My Boy?,Coldplay,Rock,0.254,1.2873,0.0,0.0,0.0,0.0,0.0
3327,Rock_00888,White Shadows,Coldplay,Rock,0.5333,1.6252,0.0,0.0,0.0,0.0,0.0
3328,Rock_00889,Why Does It Always Rain On Me,Coldplay,Rock,0.8372,1.5364,0.0,0.0,0.0,0.0,0.0
3329,Rock_00890,X Marks The Spot,Coldplay,Rock,0.5833,1.4241,0.0,0.0,0.0,0.0,0.0
3330,Rock_00891,Yellow,Coldplay,Rock,0.5,1.4292,0.0,0.0,0.0,0.0,0.0
3331,Rock_00892,Yes,Coldplay,Rock,0.2609,1.5899,0.0,0.0,0.0,0.0,0.0
3332,Rock_00893,You Only Live Twice,Coldplay,Rock,0.4762,1.3127,0.0,0.0,0.0,0.0,0.0
28148,Rock_00894,1.36,Coldplay,Rock,0.2857,1.7435,0.0,0.0,0.0,0.0,0.0
28149,Rock_00895,2000 Miles,Coldplay,Rock,0.6154,1.4705,0.0,0.0,0.0,0.0,0.0
28150,Rock_00896,42,Coldplay,Rock,0.6,1.2693,0.0,0.0,0.0,0.0,0.0
28151,Rock_00897,A Head Full Of Dreams,Coldplay,Rock,0.3478,1.2681,0.0,0.0,0.0,0.0,0.0
28152,Rock_00898,A Message,Coldplay,Rock,0.3333,1.2961,0.0,0.0,0.0,0.0,0.0
28153,Rock_00899,A Rush Of Blood To The Head,Coldplay,Rock,0.381,1.3575,0.0,0.0,0.0,0.0,0.0
28154,Rock_00900,A Sky Full Of Stars,Coldplay,Rock,0.6207,1.3144,0.0,0.0,0.0,0.0,0.0
28155,Rock_00901,A Whisper,Coldplay,Rock,0.6429,1.5714,0.0,0.0,0.0,0.0,0.0
28156,Rock_00902,Adventure Of A Lifetime,Coldplay,Rock,0.5517,1.5827,0.0,0.0,0.0,0.0,0.0
28157,Rock_00903,All Your Friends,Coldplay,Rock,0.4688,1.3817,0.0,0.0,0.0,0.0,0.0
28158,Rock_00904,Always In My Head,Coldplay,Rock,0.2632,1.5123,0.0,0.0,0.0,0.0,0.0
28159,Rock_00905,Amsterdam,Coldplay,Rock,0.2258,1.4785,0.0,0.0,0.0,0.0,0.0
28160,Rock_00906,Animals,Coldplay,Rock,0.475,1.6475,0.0,0.0,0.0,0.0,0.0
28161,Rock_00907,Army Of One,Coldplay,Rock,0.375,1.6647,0.0,0.0,0.0,0.0,0.0
28162,Rock_00908,Atlas,Coldplay,Rock,0.2222,1.4204,0.0,0.0,0.0,0.0,0.0
28165,Rock_00909,Brothers And Sisters,Coldplay,Rock,0.4483,1.6806,0.0,0.0,0.0,0.0,0.0
28166,Rock_00910,Careful Where You Stand,Coldplay,Rock,0.4,1.5107,0.0,0.0,0.0,0.0,0.0
28167,Rock_00911,Cemeteries Of London,Coldplay,Rock,0.3043,1.7089,0.0,0.0,0.0,0.0,0.0
28168,Rock_00912,Charlie Brown,Coldplay,Rock,0.24,1.3633,0.0,0.0,0.0,0.0,0.0
28169,Rock_00913,Christmas Lights,Coldplay,Rock,0.2821,1.4184,0.0,0.0,0.0,0.0,0.0
28170,Rock_00914,Clocks,Coldplay,Rock,0.4286,1.5812,0.0,0.0,0.0,0.0,0.0
28171,Rock_00915,Death And All His Friends,Coldplay,Rock,0.6842,1.5009,0.0,0.0,0.0,0.0,0.0
28172,Rock_00916,Death Will Never Conquer,Coldplay,Rock,0.3704,1.2724,0.0,0.0,0.0,0.0,0.0
28173,Rock_00917,Don't Let It Break Your Heart,Coldplay,Rock,0.1304,1.3906,0.0,0.0,0.0,0.0,0.0
28174,Rock_00918,Don't Panic,Coldplay,Rock,0.8333,1.4694,0.0,0.0,0.0,0.0,0.0
28175,Rock_00919,Gold In Them Hills,Coldplay,Rock,0.3333,1.3263,0.0,0.0,0.0,0.0,0.0
28176,Rock_00920,Gravity,Coldplay,Rock,0.2812,1.4086,0.0,0.0,0.0,0.0,0.0
28177,Rock_00921,Have Yourself A Merry Little Christmas,Coldplay,Rock,0.1333,1.6726,0.0,0.0,0.0,0.0,0.0
28178,Rock_00922,Help Is Round The Corner,Coldplay,Rock,0.5588,1.3181,0.0,0.0,0.0,0.0,0.0
28179,Rock_00923,High Speed,Coldplay,Rock,0.9231,2.0256,0.0,0.0,0.0,0.0,0.0
28180,Rock_00924,How You See The World No.2,Coldplay,Rock,0.1379,1.5486,0.0,0.0,0.0,0.0,0.0
28181,Rock_00925,Hunting High And Low:.,Coldplay,Rock,0.4615,1.188,0.0,0.0,0.0,0.0,0.0
28182,Rock_00926,Hurts Like Heaven,Coldplay,Rock,0.325,1.3865,0.0,0.0,0.0,0.0,0.0
28183,Rock_00927,Hymn For The Weekend,Coldplay,Rock,0.5854,1.2652,0.0,0.0,0.0,0.0,0.0
28184,Rock_00928,In My Place,Coldplay,Rock,0.5,1.2976,0.0,0.0,0.0,0.0,0.0
28185,Rock_00929,Ink,Coldplay,Rock,0.3478,1.2565,0.0,0.0,0.0,0.0,0.0
28186,Rock_00930,Ladder To The Sun,Coldplay,Rock,0.5278,1.7315,0.0,0.0,0.0,0.0,0.0
28187,Rock_00931,Lost,Coldplay,Rock,0.2,1.3873,0.0,0.0,0.0,0.0,0.0
14209,Rock_00932,About A Girl,Nirvana,Rock,0.6207,1.26,0.0,0.0,0.0,0.0,0.0
14210,Rock_00933,Alcohol,Nirvana,Rock,0.3571,1.8095,0.0,0.0,0.0,0.0,0.0
14211,Rock_00934,Clean Up Before She Comes,Nirvana,Rock,0.7368,1.5877,0.0,0.0,0.0,0.0,0.0
14212,Rock_00935,Cocaine Girl,Nirvana,Rock,0.44,1.52,0.0,0.0,0.0,0.0,0.0
14213,Rock_00936,Come As You Are,Nirvana,Rock,0.5,1.4104,0.0,0.0,0.0,0.0,0.0
14214,Rock_00937,Come On Death,Nirvana,Rock,0.125,1.5573,0.0,0.0,0.0,0.0,0.0
14215,Rock_00938,Curmudgeon,Nirvana,Rock,0.1429,1.4107,0.0,0.0,0.0,0.0,0.0
14216,Rock_00939,Dazed And Confused,Nirvana,Rock,0.1176,1.5261,0.0,0.0,0.0,0.0,0.0
14217,Rock_00940,Dumb,Nirvana,Rock,0.4375,1.3021,0.0,0.0,0.0,0.0,0.0
14218,Rock_00941,Half The Man I Used To Be,Nirvana,Rock,0.7447,1.3027,0.0,0.0,0.0,0.0,0.0
14219,Rock_00942,I Feel Fine,Nirvana,Rock,0.88,1.1147,0.0,0.0,0.0,0.0,0.0
14220,Rock_00943,Mrs. Butterworth,Nirvana,Rock,0.4154,1.3913,0.0,0.0,0.0,0.0,0.0
14221,Rock_00944,My Sharona,Nirvana,Rock,0.5938,1.7037,0.0,0.0,0.0,0.0,0.0
14222,Rock_00945,Negative Creep,Nirvana,Rock,0.8302,1.6013,0.0,0.0,0.0,0.0,0.0
14223,Rock_00946,No Quarter,Nirvana,Rock,0.2778,1.338,0.0,0.0,0.0,0.0,0.0
14224,Rock_00947,On A Plain,Nirvana,Rock,0.5735,1.422,0.0,0.0,0.0,0.0,0.0
14225,Rock_00948,Paper Cuts,Nirvana,Rock,0.1875,1.6589,0.0,0.0,0.0,0.0,0.0
14226,Rock_00949,Pay To Play,Nirvana,Rock,0.619,1.1349,0.0,0.0,0.0,0.0,0.0
14227,Rock_00950,Pen Cap Chew,Nirvana,Rock,0.2353,1.4529,0.0,0.0,0.0,0.0,0.0
14228,Rock_00951,Pennyroyal Tea,Nirvana,Rock,0.5556,1.8611,0.0,0.0,0.0,0.0,0.0
14229,Rock_00952,Plateau,Nirvana,Rock,0.4,1.5243,0.0,0.0,0.0,0.0,0.0
14230,Rock_00953,Polly,Nirvana,Rock,0.8197,1.3279,0.0,0.0,0.0,0.0,0.0
14232,Rock_00954,Rape Me,Nirvana,Rock,0.7273,1.3656,0.0,0.0,0.0,0.0,0.0
14233,Rock_00955,Rio,Nirvana,Rock,0.2759,1.4856,0.0,0.0,0.0,0.0,0.0
14234,Rock_00956,"Run, Rabbit, Run",Nirvana,Rock,0.2857,1.4464,0.0,0.0,0.0,0.0,0.0
14235,Rock_00957,Sappy,Nirvana,Rock,0.7568,1.464,0.0,0.0,0.0,0.0,0.0
14237,Rock_00958,Scentless Apprentice (Rehearsal),Nirvana,Rock,0.0882,1.2181,0.0,0.0,0.0,0.0,0.0
14238,Rock_00959,School,Nirvana,Rock,0.973,1.6396,0.0,0.0,0.0,0.0,0.0
14239,Rock_00960,Scoff,Nirvana,Rock,1.0,1.4722,0.0,0.0,0.0,0.0,0.0
14240,Rock_00961,Seasons In The Sun,Nirvana,Rock,0.4615,1.4936,0.0,0.0,0.0,0.0,0.0
14241,Rock_00962,Serve The Servants,Nirvana,Rock,0.2,1.6333,0.0,0.0,0.0,0.0,0.0
14242,Rock_00963,Sifting,Nirvana,Rock,0.8868,1.3113,0.0,0.0,0.0,0.0,0.0
14243,Rock_00964,Sliver,Nirvana,Rock,0.6136,1.411,0.0,0.0,0.0,0.0,0.0
14245,Rock_00965,Talk To Me,Nirvana,Rock,0.2647,1.49,0.0,0.0,0.0,0.0,0.0
14246,Rock_00966,Territorial Pissings,Nirvana,Rock,0.8723,1.2819,0.0,0.0,0.0,0.0,0.0
14247,Rock_00967,The End,Nirvana,Rock,0.1739,1.557,0.0,0.0,0.0,0.0,0.0
14248,Rock_00968,Verse Chorus Verse,Nirvana,Rock,0.5484,1.4444,0.0,0.0,0.0,0.0,0.0
14249,Rock_00969,Where Did You Sleep Last Night,Nirvana,Rock,0.8824,1.3946,0.0,0.0,0.0,0.0,0.0
46008,Rock_00970,Aero Zeppelin,Nirvana,Rock,0.4706,1.8118,0.0,0.0,0.0,0.0,0.0
46009,Rock_00971,Ain't It A Shame,Nirvana,Rock,1.0,1.6667,0.0,0.0,0.0,0.0,0.0
46010,Rock_00972,All Apologies,Nirvana,Rock,0.74,1.8056,0.0,0.0,0.0,0.0,0.0
46011,Rock_00973,Anorexorcist,Nirvana,Rock,0.125,1.401,0.0,0.0,0.0,0.0,0.0
46012,Rock_00974,Baba O' Riley,Nirvana,Rock,0.2174,1.75,0.0,0.0,0.0,0.0,0.0
46014,Rock_00975,Beans,Nirvana,Rock,0.5556,1.5926,0.0,0.0,0.0,0.0,0.0
46015,Rock_00976,Been A Son,Nirvana,Rock,0.8,1.64,0.0,0.0,0.0,0.0,0.0
46017,Rock_00977,Big Cheese,Nirvana,Rock,0.8889,1.3951,0.0,0.0,0.0,0.0,0.0
46019,Rock_00978,Breed,Nirvana,Rock,0.9462,1.2097,0.0,0.0,0.0,0.0,0.0
46020,Rock_00979,D7,Nirvana,Rock,0.5263,1.7807,0.0,0.0,0.0,0.0,0.0
46021,Rock_00980,Dive,Nirvana,Rock,0.8644,1.1794,0.0,0.0,0.0,0.0,0.0
46022,Rock_00981,Do You Love Me?,Nirvana,Rock,0.1,1.6614,0.0,0.0,0.0,0.0,0.0
46024,Rock_00982,Downer,Nirvana,Rock,0.5714,1.8702,0.0,0.0,0.0,0.0,0.0
46025,Rock_00983,Drain You,Nirvana,Rock,0.6071,1.5808,0.0,0.0,0.0,0.0,0.0
46026,Rock_00984,"Endless, Nameless",Nirvana,Rock,0.5556,1.431,0.0,0.0,0.0,0.0,0.0
46027,Rock_00985,Floyd The Barber,Nirvana,Rock,0.1875,1.4229,0.0,0.0,0.0,0.0,0.0
46028,Rock_00986,Frances Farmer Will Have Her Revenge On Seattle,Nirvana,Rock,0.1667,1.6571,0.0,0.0,0.0,0.0,0.0
46030,Rock_00987,"Gypsies, Tramps And Thieves",Nirvana,Rock,0.5789,1.5592,0.0,0.0,0.0,0.0,0.0
46031,Rock_00988,Hairspray Queen,Nirvana,Rock,0.875,1.6833,0.0,0.0,0.0,0.0,0.0
46032,Rock_00989,Heart-Shaped Box,Nirvana,Rock,0.8776,1.5435,0.0,0.0,0.0,0.0,0.0
46033,Rock_00990,Help Me,Nirvana,Rock,0.5,1.6735,0.0,0.0,0.0,0.0,0.0
46034,Rock_00991,"Help Me, I'm Hungry",Nirvana,Rock,0.0769,1.6353,0.0,0.0,0.0,0.0,0.0
46035,Rock_00992,I Hate Myself And Want To Die,Nirvana,Rock,0.1429,1.6113,0.0,0.0,0.0,0.0,0.0
46036,Rock_00993,I Hate Myself And Want To Die (B-Side),Nirvana,Rock,0.5417,1.5486,0.0,0.0,0.0,0.0,0.0
46038,Rock_00994,Immodium,Nirvana,Rock,0.6667,1.1822,0.0,0.0,0.0,0.0,0.0
46039,Rock_00995,In Bloom,Nirvana,Rock,0.84,1.3741,0.0,0.0,0.0,0.0,0.0
46040,Rock_00996,In His Room,Nirvana,Rock,0.2667,1.354,0.0,0.0,0.0,0.0,0.0
46041,Rock_00997,Jesus Doesn't Want Me For A Sunbeam,Nirvana,Rock,0.9667,1.375,0.0,0.0,0.0,0.0,0.0
46042,Rock_00998,Junkyard,Nirvana,Rock,0.1818,1.4264,0.0,0.0,0.0,0.0,0.0
46044,Rock_00999,Lithium,Nirvana,Rock,0.7551,1.3082,0.0,0.0,0.0,0.0,0.0
46045,Rock_01000,Lounge Act,Nirvana,Rock,0.6863,1.3781,0.0,0.0,0.0,0.0,0.0
46046,Rock_01001,Love Gun,Nirvana,Rock,0.32,1.4986,0.0,0.0,0.0,0.0,0.0
46047,Rock_01002,Marigold,Nirvana,Rock,0.9524,1.5476,0.0,0.0,0.0,0.0,0.0
46049,Rock_01003,Mr. Moustache,Nirvana,Rock,0.8333,1.3889,0.0,0.0,0.0,0.0,0.0
46050,Rock_01004,My Best Friends Girl,Nirvana,Rock,0.3529,1.3804,0.0,0.0,0.0,0.0,0.0
46051,Rock_01005,Oh Me,Nirvana,Rock,0.9677,1.6379,0.0,0.0,0.0,0.0,0.0
46052,Rock_01006,Oh The Guilt,Nirvana,Rock,0.6176,1.4554,0.0,0.0,0.0,0.0,0.0
46053,Rock_01007,Old Age,Nirvana,Rock,0.4808,1.4275,0.0,0.0,0.0,0.0,0.0
46054,Rock_01008,Opinion,Nirvana,Rock,0.4444,1.9583,0.0,0.0,0.0,0.0,0.0
46055,Rock_01009,Opinion (Solo Acoustic Radio Appearance),Nirvana,Rock,0.3333,2.4398,0.0,0.0,0.0,0.0,0.0
46056,Rock_01010,Something In The Way,Nirvana,Rock,1.0,1.5455,0.0,0.0,0.0,0.0,0.0
46057,Rock_01011,Son Of A Gun,Nirvana,Rock,0.2432,1.7571,0.0,0.0,0.0,0.0,0.0
46059,Rock_01012,Spank Thru: Alternative Interpretation,Nirvana,Rock,0.3667,1.4189,0.0,0.0,0.0,0.0,0.0
46060,Rock_01013,Stay Away,Nirvana,Rock,0.8909,1.2697,0.0,0.0,0.0,0.0,0.0
46061,Rock_01014,Swap Meet,Nirvana,Rock,0.8182,1.6737,0.0,0.0,0.0,0.0,0.0
46062,Rock_01015,The Man Who Sold The World,Nirvana,Rock,0.5,1.3345,0.0,0.0,0.0,0.0,0.0
46063,Rock_01016,The Money Will Roll Right In,Nirvana,Rock,0.2308,1.1777,0.0,0.0,0.0,0.0,0.0
46064,Rock_01017,The Other Improv,Nirvana,Rock,0.3333,1.6981,0.0,0.0,0.0,0.0,0.0
46065,Rock_01018,They Hung Him On A Cross,Nirvana,Rock,0.9459,1.1722,0.0,0.0,0.0,0.0,0.0
46066,Rock_01019,Token Eastern Song,Nirvana,Rock,0.7222,1.5787,0.0,0.0,0.0,0.0,0.0
46067,Rock_01020,Tourette's,Nirvana,Rock,0.45,1.2325,0.0,0.0,0.0,0.0,0.0
46068,Rock_01021,"Yes, She's My Skinhead",Nirvana,Rock,0.475,1.5,0.0,0.0,0.0,0.0,0.0
46069,Rock_01022,You Know You're Right,Nirvana,Rock,0.7255,1.3366,0.0,0.0,0.0,0.0,0.0
17271,Rock_01023,21St Century,Red Hot Chili Peppers,Rock,0.4,1.7217,0.0,0.0,0.0,0.0,0.0
17272,Rock_01024,Apache Rose Peacock,Red Hot Chili Peppers,Rock,0.3333,1.6294,0.0,0.0,0.0,0.0,0.0
17273,Rock_01025,Behind The Sun,Red Hot Chili Peppers,Rock,0.3793,1.3667,0.0,0.0,0.0,0.0,0.0
17274,Rock_01026,Bicycle Song,Red Hot Chili Peppers,Rock,0.45,1.7304,0.0,0.0,0.0,0.0,0.0
17275,Rock_01027,Black Cross,Red Hot Chili Peppers,Rock,0.6667,1.1806,0.0,0.0,0.0,0.0,0.0
17276,Rock_01028,Blackeyed Blonde,Red Hot Chili Peppers,Rock,0.2727,1.3445,0.0,0.0,0.0,0.0,0.0
17277,Rock_01029,Blues For Meister,Red Hot Chili Peppers,Rock,0.6383,1.5047,0.0,0.0,0.0,0.0,0.0
17278,Rock_01030,Body Of Water,Red Hot Chili Peppers,Rock,0.2647,1.5402,0.0,0.0,0.0,0.0,0.0
17279,Rock_01031,Brandy,Red Hot Chili Peppers,Rock,0.3111,1.8967,0.0,0.0,0.0,0.0,0.0
17280,Rock_01032,Brave From Afar,Red Hot Chili Peppers,Rock,0.6667,1.4931,0.0,0.0,0.0,0.0,0.0
17281,Rock_01033,Breaking The Girl,Red Hot Chili Peppers,Rock,0.5455,1.5379,0.0,0.0,0.0,0.0,0.0
17282,Rock_01034,Brendan's Death Song,Red Hot Chili Peppers,Rock,0.5341,1.4422,0.0,0.0,0.0,0.0,0.0
17283,Rock_01035,By The Way,Red Hot Chili Peppers,Rock,0.5632,1.3264,0.0,0.0,0.0,0.0,0.0
17284,Rock_01036,Catholic School Girls Rule,Red Hot Chili Peppers,Rock,0.1579,1.5825,0.0,0.0,0.0,0.0,0.0
17285,Rock_01037,Charlie,Red Hot Chili Peppers,Rock,0.5806,1.547,0.0,0.0,0.0,0.0,0.0
17286,Rock_01038,City Of Angels,Red Hot Chili Peppers,Rock,0.3415,1.4359,0.0,0.0,0.0,0.0,0.0
17287,Rock_01039,C'mon Girl,Red Hot Chili Peppers,Rock,0.2558,1.6357,0.0,0.0,0.0,0.0,0.0
17288,Rock_01040,Coffee Shop,Red Hot Chili Peppers,Rock,0.25,1.5556,0.0,0.0,0.0,0.0,0.0
17289,Rock_01041,Dani California,Red Hot Chili Peppers,Rock,0.0465,1.7801,0.0,0.0,0.0,0.0,0.0
17290,Rock_01042,Even You Brutus?,Red Hot Chili Peppers,Rock,0.24,1.4653,0.0,0.0,0.0,0.0,0.0
17291,Rock_01043,Factory Of Faith,Red Hot Chili Peppers,Rock,0.5556,1.7907,0.0,0.0,0.0,0.0,0.0
17292,Rock_01044,Falling Into Grace,Red Hot Chili Peppers,Rock,0.4762,1.4722,0.0,0.0,0.0,0.0,0.0
17293,Rock_01045,Fat Dance,Red Hot Chili Peppers,Rock,0.6207,1.6343,0.0,0.0,0.0,0.0,0.0
17294,Rock_01046,Fight Like A Brave,Red Hot Chili Peppers,Rock,0.2,1.5088,0.0,0.0,0.0,0.0,0.0
17295,Rock_01047,Gong Li,Red Hot Chili Peppers,Rock,0.5,1.3531,0.0,0.0,0.0,0.0,0.0
17296,Rock_01048,Goodbye Hooray,Red Hot Chili Peppers,Rock,0.5476,1.3257,0.0,0.0,0.0,0.0,0.0
17297,Rock_01049,Hard To Concentrate,Red Hot Chili Peppers,Rock,0.1316,1.9044,0.0,0.0,0.0,0.0,0.0
17298,Rock_01050,Havana Affair,Red Hot Chili Peppers,Rock,0.2857,1.7857,0.0,0.0,0.0,0.0,0.0
17299,Rock_01051,Hollywood,Red Hot Chili Peppers,Rock,0.7273,1.596,0.0,0.0,0.0,0.0,0.0
17300,Rock_01052,How It Ends,Red Hot Chili Peppers,Rock,0.5161,1.2715,0.0,0.0,0.0,0.0,0.0
17301,Rock_01053,How Strong,Red Hot Chili Peppers,Rock,0.6486,1.4527,0.0,0.0,0.0,0.0,0.0
17302,Rock_01054,Hump De Bump,Red Hot Chili Peppers,Rock,0.75,1.576,0.0,0.0,0.0,0.0,0.0
17303,Rock_01055,I Could Die For You,Red Hot Chili Peppers,Rock,0.381,1.4533,0.0,0.0,0.0,0.0,0.0
17304,Rock_01056,I Could Have Lied,Red Hot Chili Peppers,Rock,0.561,1.2939,0.0,0.0,0.0,0.0,0.0
17305,Rock_01057,I Found Out,Red Hot Chili Peppers,Rock,0.3125,1.2962,0.0,0.0,0.0,0.0,0.0
17306,Rock_01058,I Know Where I'm Going,Red Hot Chili Peppers,Rock,0.75,1.3353,0.0,0.0,0.0,0.0,0.0
17307,Rock_01059,I Like Dirt,Red Hot Chili Peppers,Rock,0.8605,1.3512,0.0,0.0,0.0,0.0,0.0
17309,Rock_01060,If,Red Hot Chili Peppers,Rock,0.3125,1.3406,0.0,0.0,0.0,0.0,0.0
17310,Rock_01061,If You Have To Ask,Red Hot Chili Peppers,Rock,0.2286,1.5619,0.0,0.0,0.0,0.0,0.0
17311,Rock_01062,If You Want Me To Stay,Red Hot Chili Peppers,Rock,0.3415,1.3984,0.0,0.0,0.0,0.0,0.0
17312,Rock_01063,I'll Be Your Domino,Red Hot Chili Peppers,Rock,0.4603,1.7325,0.0,0.0,0.0,0.0,0.0
17313,Rock_01064,I've Been Down,Red Hot Chili Peppers,Rock,0.1176,1.5815,0.0,0.0,0.0,0.0,0.0
17314,Rock_01065,Joe,Red Hot Chili Peppers,Rock,0.5263,1.2182,0.0,0.0,0.0,0.0,0.0
17316,Rock_01066,Jungle Man,Red Hot Chili Peppers,Rock,0.2162,1.5252,0.0,0.0,0.0,0.0,0.0
17317,Rock_01067,Knock Me Down,Red Hot Chili Peppers,Rock,0.2162,1.3966,0.0,0.0,0.0,0.0,0.0
17318,Rock_01068,Lately,Red Hot Chili Peppers,Rock,0.5435,1.5163,0.0,0.0,0.0,0.0,0.0
17319,Rock_01069,Let's Make Evil,Red Hot Chili Peppers,Rock,0.2692,1.525,0.0,0.0,0.0,0.0,0.0
17320,Rock_01070,Leverage Of Space,Red Hot Chili Peppers,Rock,0.3143,2.319,0.0,0.0,0.0,0.0,0.0
17321,Rock_01071,Look Around,Red Hot Chili Peppers,Rock,0.3721,1.5445,0.0,0.0,0.0,0.0,0.0
17322,Rock_01072,Looking For Love,Red Hot Chili Peppers,Rock,0.3947,1.5206,0.0,0.0,0.0,0.0,0.0
17323,Rock_01073,Love Of Your Life,Red Hot Chili Peppers,Rock,0.3571,1.3313,0.0,0.0,0.0,0.0,0.0
17324,Rock_01074,Love Trilogy,Red Hot Chili Peppers,Rock,0.1463,1.4264,0.0,0.0,0.0,0.0,0.0
17325,Rock_01075,Lovin' And Touchin',Red Hot Chili Peppers,Rock,0.3333,1.6984,0.0,0.0,0.0,0.0,0.0
17326,Rock_01076,Magic Johnson,Red Hot Chili Peppers,Rock,0.2927,1.4287,0.0,0.0,0.0,0.0,0.0
17327,Rock_01077,Magpies On Fire,Red Hot Chili Peppers,Rock,0.25,1.4982,0.0,0.0,0.0,0.0,0.0
17328,Rock_01078,Make You Feel Better,Red Hot Chili Peppers,Rock,0.5571,1.4147,0.0,0.0,0.0,0.0,0.0
17329,Rock_01079,Me And My Friends,Red Hot Chili Peppers,Rock,0.2549,1.4532,0.0,0.0,0.0,0.0,0.0
17330,Rock_01080,Meet Me At The Corner,Red Hot Chili Peppers,Rock,0.4483,1.3743,0.0,0.0,0.0,0.0,0.0
17331,Rock_01081,Melancholy Mechanics,Red Hot Chili Peppers,Rock,0.3571,1.9733,0.0,0.0,0.0,0.0,0.0
17332,Rock_01082,Mellowship Slinky In B-Major,Red Hot Chili Peppers,Rock,0.2407,1.5101,0.0,0.0,0.0,0.0,0.0
17333,Rock_01083,Mercy Mercy,Red Hot Chili Peppers,Rock,0.2,1.9212,0.0,0.0,0.0,0.0,0.0
17334,Rock_01084,Midnight,Red Hot Chili Peppers,Rock,0.4103,1.602,0.0,0.0,0.0,0.0,0.0
17335,Rock_01085,Million Miles Of Water,Red Hot Chili Peppers,Rock,0.5758,1.3331,0.0,0.0,0.0,0.0,0.0
17336,Rock_01086,Millionaires Against Hunger,Red Hot Chili Peppers,Rock,0.5085,1.8569,0.0,0.0,0.0,0.0,0.0
17337,Rock_01087,Minor Thing,Red Hot Chili Peppers,Rock,0.8049,1.8358,0.0,0.0,0.0,0.0,0.0
17338,Rock_01088,Mommy Where's Daddy,Red Hot Chili Peppers,Rock,0.5909,1.3508,0.0,0.0,0.0,0.0,0.0
17340,Rock_01089,Monarchy Of Roses,Red Hot Chili Peppers,Rock,0.5806,1.4548,0.0,0.0,0.0,0.0,0.0
17341,Rock_01090,My Friends,Red Hot Chili Peppers,Rock,0.1,1.85,0.0,0.0,0.0,0.0,0.0
17342,Rock_01091,My Lovely Man,Red Hot Chili Peppers,Rock,0.3958,1.3652,0.0,0.0,0.0,0.0,0.0
17343,Rock_01092,Naked In The Rain,Red Hot Chili Peppers,Rock,0.0645,1.5482,0.0,0.0,0.0,0.0,0.0
17344,Rock_01093,Nevermind,Red Hot Chili Peppers,Rock,0.3333,1.5007,0.0,0.0,0.0,0.0,0.0
17345,Rock_01094,No Chump Love Sucker,Red Hot Chili Peppers,Rock,0.1613,1.3644,0.0,0.0,0.0,0.0,0.0
17346,Rock_01095,Nobody Weird Like Me,Red Hot Chili Peppers,Rock,0.6842,1.5509,0.0,0.0,0.0,0.0,0.0
17347,Rock_01096,On Mercury,Red Hot Chili Peppers,Rock,0.5217,1.6033,0.0,0.0,0.0,0.0,0.0
17348,Rock_01097,One Big Mob,Red Hot Chili Peppers,Rock,0.0847,1.7363,0.0,0.0,0.0,0.0,0.0
17349,Rock_01098,One Hot Minute,Red Hot Chili Peppers,Rock,0.2979,1.7241,0.0,0.0,0.0,0.0,0.0
17350,Rock_01099,Out In L.A.,Red Hot Chili Peppers,Rock,0.1212,1.3505,0.0,0.0,0.0,0.0,0.0
17351,Rock_01100,Out Of Range,Red Hot Chili Peppers,Rock,0.6364,1.6176,0.0,0.0,0.0,0.0,0.0
17352,Rock_01101,Parallel Universe,Red Hot Chili Peppers,Rock,0.0769,1.7653,0.0,0.0,0.0,0.0,0.0
17353,Rock_01102,Pink As Floyd,Red Hot Chili Peppers,Rock,0.0943,1.6761,0.0,0.0,0.0,0.0,0.0
17354,Rock_01103,Police Station,Red Hot Chili Peppers,Rock,0.1842,1.7025,0.0,0.0,0.0,0.0,0.0
17355,Rock_01104,Porcelain,Red Hot Chili Peppers,Rock,0.7727,1.8053,0.0,0.0,0.0,0.0,0.0
17356,Rock_01105,Punk Rock Classic,Red Hot Chili Peppers,Rock,0.5128,1.5256,0.0,0.0,0.0,0.0,0.0
17357,Rock_01106,Purple Stain,Red Hot Chili Peppers,Rock,0.8125,1.4245,0.0,0.0,0.0,0.0,0.0
17358,Rock_01107,Quixoticelixer,Red Hot Chili Peppers,Rock,0.5882,1.5689,0.0,0.0,0.0,0.0,0.0
17359,Rock_01108,Readymade,Red Hot Chili Peppers,Rock,0.5556,2.4039,0.0,0.0,0.0,0.0,0.0
17360,Rock_01109,Right On Time,Red Hot Chili Peppers,Rock,0.2353,1.8025,0.0,0.0,0.0,0.0,0.0
17361,Rock_01110,Rivers Of Avalon,Red Hot Chili Peppers,Rock,0.7391,2.1663,0.0,0.0,0.0,0.0,0.0
17362,Rock_01111,Road Trippin',Red Hot Chili Peppers,Rock,0.4865,1.4698,0.0,0.0,0.0,0.0,0.0
17363,Rock_01112,Rolling Sly Stone,Red Hot Chili Peppers,Rock,0.3788,1.8823,0.0,0.0,0.0,0.0,0.0
17364,Rock_01113,Save This Lady,Red Hot Chili Peppers,Rock,0.2069,1.6103,0.0,0.0,0.0,0.0,0.0
17365,Rock_01114,Show Me Your Soul,Red Hot Chili Peppers,Rock,0.2188,1.6172,0.0,0.0,0.0,0.0,0.0
17366,Rock_01115,Sikamikanico,Red Hot Chili Peppers,Rock,0.3846,2.0632,0.0,0.0,0.0,0.0,0.0
17367,Rock_01116,Silent Partners,Red Hot Chili Peppers,Rock,0.3939,1.4898,0.0,0.0,0.0,0.0,0.0
17369,Rock_01117,Skinny Sweaty Man,Red Hot Chili Peppers,Rock,0.25,1.4584,0.0,0.0,0.0,0.0,0.0
17370,Rock_01118,Snow,Red Hot Chili Peppers,Rock,0.7381,1.4435,0.0,0.0,0.0,0.0,0.0
17371,Rock_01119,Someone,Red Hot Chili Peppers,Rock,0.6383,2.3288,0.0,0.0,0.0,0.0,0.0
17372,Rock_01120,Suck My Kiss,Red Hot Chili Peppers,Rock,0.7206,1.4735,0.0,0.0,0.0,0.0,0.0
17373,Rock_01121,Taste The Pain,Red Hot Chili Peppers,Rock,0.4286,1.4957,0.0,0.0,0.0,0.0,0.0
17374,Rock_01122,Tear,Red Hot Chili Peppers,Rock,0.3721,1.4826,0.0,0.0,0.0,0.0,0.0
17375,Rock_01123,Tearjerker,Red Hot Chili Peppers,Rock,0.0606,1.5505,0.0,0.0,0.0,0.0,0.0
17376,Rock_01124,Teenager In Love,Red Hot Chili Peppers,Rock,0.6471,1.3529,0.0,0.0,0.0,0.0,0.0
17377,Rock_01125,Tell Me Baby,Red Hot Chili Peppers,Rock,0.1132,1.7327,0.0,0.0,0.0,0.0,0.0
17378,Rock_01126,The Adventures Of Rain Dance Maggie,Red Hot Chili Peppers,Rock,0.4828,1.4706,0.0,0.0,0.0,0.0,0.0
17379,Rock_01127,The Brothers Cup,Red Hot Chili Peppers,Rock,0.3784,1.4928,0.0,0.0,0.0,0.0,0.0
50511,Rock_01128,A Certain Someone,Red Hot Chili Peppers,Rock,0.3125,1.6406,0.0,0.0,0.0,0.0,0.0
50512,Rock_01129,A Teenager In Love,Red Hot Chili Peppers,Rock,0.6333,1.3667,0.0,0.0,0.0,0.0,0.0
50513,Rock_01130,Aeroplane,Red Hot Chili Peppers,Rock,0.3256,1.8052,0.0,0.0,0.0,0.0,0.0
50514,Rock_01131,American Ghost Dance,Red Hot Chili Peppers,Rock,0.05,1.65,0.0,0.0,0.0,0.0,0.0
50515,Rock_01132,Animal Bar,Red Hot Chili Peppers,Rock,0.7324,1.5927,0.0,0.0,0.0,0.0,0.0
50516,Rock_01133,Annie Wants A Baby,Red Hot Chili Peppers,Rock,0.4722,1.6062,0.0,0.0,0.0,0.0,0.0
50517,Rock_01134,Around The World,Red Hot Chili Peppers,Rock,0.2273,1.491,0.0,0.0,0.0,0.0,0.0
50518,Rock_01135,Baby Appeal,Red Hot Chili Peppers,Rock,0.7288,1.504,0.0,0.0,0.0,0.0,0.0
50519,Rock_01136,Back In White,Red Hot Chili Peppers,Rock,0.1,1.0833,0.0,0.0,0.0,0.0,0.0
50520,Rock_01137,Backwoods,Red Hot Chili Peppers,Rock,0.2195,1.5321,0.0,0.0,0.0,0.0,0.0
50521,Rock_01138,Buckle Down,Red Hot Chili Peppers,Rock,0.9545,1.2405,0.0,0.0,0.0,0.0,0.0
50522,Rock_01139,Bunker Hill,Red Hot Chili Peppers,Rock,0.5385,1.3729,0.0,0.0,0.0,0.0,0.0
50523,Rock_01140,Cabron,Red Hot Chili Peppers,Rock,0.6471,1.5588,0.0,0.0,0.0,0.0,0.0
50524,Rock_01141,Californication,Red Hot Chili Peppers,Rock,0.2449,2.2939,0.0,0.0,0.0,0.0,0.0
50525,Rock_01142,Can't Stop,Red Hot Chili Peppers,Rock,0.5176,1.5746,0.0,0.0,0.0,0.0,0.0
50526,Rock_01143,Castles Made Of Sand,Red Hot Chili Peppers,Rock,0.1951,1.5531,0.0,0.0,0.0,0.0,0.0
50527,Rock_01144,Crosstown Traffic,Red Hot Chili Peppers,Rock,0.5,1.3251,0.0,0.0,0.0,0.0,0.0
50528,Rock_01145,"Dance, Dance, Dance",Red Hot Chili Peppers,Rock,0.6296,1.3772,0.0,0.0,0.0,0.0,0.0
50529,Rock_01146,Death Of A Martian,Red Hot Chili Peppers,Rock,0.1746,1.7081,0.0,0.0,0.0,0.0,0.0
50530,Rock_01147,Deck The Halls,Red Hot Chili Peppers,Rock,0.2222,1.5,0.0,0.0,0.0,0.0,0.0
50531,Rock_01148,Desecration Smile,Red Hot Chili Peppers,Rock,0.3902,1.7045,0.0,0.0,0.0,0.0,0.0
50532,Rock_01149,Did I Let You Know,Red Hot Chili Peppers,Rock,0.5435,1.4315,0.0,0.0,0.0,0.0,0.0
50533,Rock_01150,Don't Forget Me,Red Hot Chili Peppers,Rock,0.3958,1.5962,0.0,0.0,0.0,0.0,0.0
50534,Rock_01151,Dosed,Red Hot Chili Peppers,Rock,0.8,1.6992,0.0,0.0,0.0,0.0,0.0
50535,Rock_01152,Easily,Red Hot Chili Peppers,Rock,0.6739,1.6283,0.0,0.0,0.0,0.0,0.0
50536,Rock_01153,Emit Remmus,Red Hot Chili Peppers,Rock,0.5128,1.6299,0.0,0.0,0.0,0.0,0.0
50537,Rock_01154,Eskimo,Red Hot Chili Peppers,Rock,0.4615,1.7118,0.0,0.0,0.0,0.0,0.0
50538,Rock_01155,Especially In Michigan,Red Hot Chili Peppers,Rock,0.1429,1.8,0.0,0.0,0.0,0.0,0.0
50539,Rock_01156,Ethiopia,Red Hot Chili Peppers,Rock,0.5135,1.488,0.0,0.0,0.0,0.0,0.0
50540,Rock_01157,Fire,Red Hot Chili Peppers,Rock,0.5714,1.3136,0.0,0.0,0.0,0.0,0.0
50541,Rock_01158,Flea Fly,Red Hot Chili Peppers,Rock,0.8095,1.7246,0.0,0.0,0.0,0.0,0.0
50542,Rock_01159,Fortune Faded,Red Hot Chili Peppers,Rock,0.36,1.9227,0.0,0.0,0.0,0.0,0.0
50543,Rock_01160,Funky Crime,Red Hot Chili Peppers,Rock,0.5652,1.5212,0.0,0.0,0.0,0.0,0.0
50544,Rock_01161,Funky Monks,Red Hot Chili Peppers,Rock,0.619,1.3944,0.0,0.0,0.0,0.0,0.0
50545,Rock_01162,Funny Face,Red Hot Chili Peppers,Rock,0.5435,1.367,0.0,0.0,0.0,0.0,0.0
50546,Rock_01163,Get On Top,Red Hot Chili Peppers,Rock,0.2632,1.5557,0.0,0.0,0.0,0.0,0.0
50547,Rock_01164,Get Up And Jump,Red Hot Chili Peppers,Rock,0.3043,1.3386,0.0,0.0,0.0,0.0,0.0
50548,Rock_01165,Give It Away,Red Hot Chili Peppers,Rock,0.3617,1.6527,0.0,0.0,0.0,0.0,0.0
50550,Rock_01166,Halo,Red Hot Chili Peppers,Rock,0.4167,1.7236,0.0,0.0,0.0,0.0,0.0
50551,Rock_01167,Happiness Loves Company,Red Hot Chili Peppers,Rock,0.3571,1.5922,0.0,0.0,0.0,0.0,0.0
50552,Rock_01168,Runaway,Red Hot Chili Peppers,Rock,0.6,1.5181,0.0,0.0,0.0,0.0,0.0
50553,Rock_01169,Savior,Red Hot Chili Peppers,Rock,0.3953,1.7306,0.0,0.0,0.0,0.0,0.0
50554,Rock_01170,Scar Tissue,Red Hot Chili Peppers,Rock,0.6071,1.5012,0.0,0.0,0.0,0.0,0.0
50555,Rock_01171,Shallow Be Thy Game,Red Hot Chili Peppers,Rock,0.0952,1.8012,0.0,0.0,0.0,0.0,0.0
50556,Rock_01172,She Look's To Me,Red Hot Chili Peppers,Rock,0.4706,1.462,0.0,0.0,0.0,0.0,0.0
50557,Rock_01173,She's Only 18,Red Hot Chili Peppers,Rock,0.303,1.609,0.0,0.0,0.0,0.0,0.0
50558,Rock_01174,Slow Cheetah,Red Hot Chili Peppers,Rock,0.1463,1.752,0.0,0.0,0.0,0.0,0.0
50559,Rock_01175,So Much I,Red Hot Chili Peppers,Rock,0.4333,1.4074,0.0,0.0,0.0,0.0,0.0
50560,Rock_01176,Soul To Squeeze,Red Hot Chili Peppers,Rock,0.1707,1.5359,0.0,0.0,0.0,0.0,0.0
50561,Rock_01177,Special Secret Song Inside,Red Hot Chili Peppers,Rock,0.6765,1.5956,0.0,0.0,0.0,0.0,0.0
50562,Rock_01178,Stadium Arcadium,Red Hot Chili Peppers,Rock,0.5862,1.5891,0.0,0.0,0.0,0.0,0.0
50563,Rock_01179,Stone Cold Bush,Red Hot Chili Peppers,Rock,0.1786,1.3548,0.0,0.0,0.0,0.0,0.0
50564,Rock_01180,Storm In A Teacup,Red Hot Chili Peppers,Rock,0.64,1.7593,0.0,0.0,0.0,0.0,0.0
50565,Rock_01181,Strange Man,Red Hot Chili Peppers,Rock,0.1905,1.4534,0.0,0.0,0.0,0.0,0.0
50566,Rock_01182,Stretch,Red Hot Chili Peppers,Rock,0.2791,1.6767,0.0,0.0,0.0,0.0,0.0
50567,Rock_01183,Strip My Mind,Red Hot Chili Peppers,Rock,0.4571,1.5748,0.0,0.0,0.0,0.0,0.0
50568,Rock_01184,Subterranean Homesick Blues,Red Hot Chili Peppers,Rock,0.2381,1.4019,0.0,0.0,0.0,0.0,0.0
50569,Rock_01185,Subway To Venus,Red Hot Chili Peppers,Rock,0.0938,1.4648,0.0,0.0,0.0,0.0,0.0
50570,Rock_01186,The Greeting Song,Red Hot Chili Peppers,Rock,0.5,1.4917,0.0,0.0,0.0,0.0,0.0
50571,Rock_01187,The Organic Anti-Beat Box Band,Red Hot Chili Peppers,Rock,0.28,1.6847,0.0,0.0,0.0,0.0,0.0
50572,Rock_01188,The Power Of Equality,Red Hot Chili Peppers,Rock,0.2537,1.7017,0.0,0.0,0.0,0.0,0.0
50573,Rock_01189,The Righteous And The Wicked,Red Hot Chili Peppers,Rock,0.0571,1.4786,0.0,0.0,0.0,0.0,0.0
50574,Rock_01190,The Velvet Glove,Red Hot Chili Peppers,Rock,0.459,1.6149,0.0,0.0,0.0,0.0,0.0
145,Rock_01191,All Your Love,Aerosmith,Rock,0.7083,1.6394,0.0,0.0,0.0,0.0,0.0
146,Rock_01192,Bacon Biscuit Blues,Aerosmith,Rock,0.2647,1.4093,0.0,0.0,0.0,0.0,0.0
148,Rock_01193,Draw The Line,Aerosmith,Rock,0.16,1.4531,0.0,0.0,0.0,0.0,0.0
149,Rock_01194,Eat The Rich,Aerosmith,Rock,0.4167,1.2822,0.0,0.0,0.0,0.0,0.0
150,Rock_01195,Falling In Love,Aerosmith,Rock,0.3562,1.5107,0.0,0.0,0.0,0.0,0.0
151,Rock_01196,Fever,Aerosmith,Rock,0.2,1.4842,0.0,0.0,0.0,0.0,0.0
152,Rock_01197,Get It Up,Aerosmith,Rock,0.2778,1.516,0.0,0.0,0.0,0.0,0.0
153,Rock_01198,I Ain't Got You,Aerosmith,Rock,0.1429,1.4333,0.0,0.0,0.0,0.0,0.0
154,Rock_01199,I'm Ready,Aerosmith,Rock,0.5152,1.7491,0.0,0.0,0.0,0.0,0.0
155,Rock_01200,Janie's Got A Gun,Aerosmith,Rock,0.5397,1.5223,0.0,0.0,0.0,0.0,0.0
156,Rock_01201,Lay It Down,Aerosmith,Rock,0.5,1.3506,0.0,0.0,0.0,0.0,0.0
157,Rock_01202,Love In An Elevator,Aerosmith,Rock,0.2381,1.6614,0.0,0.0,0.0,0.0,0.0
158,Rock_01203,Love Me Like A Bird Dog,Aerosmith,Rock,0.5769,1.3881,0.0,0.0,0.0,0.0,0.0
159,Rock_01204,Love Me Two Times,Aerosmith,Rock,0.7273,1.2825,0.0,0.0,0.0,0.0,0.0
160,Rock_01205,Luv Lies,Aerosmith,Rock,0.4857,1.7357,0.0,0.0,0.0,0.0,0.0
161,Rock_01206,Magic Touch,Aerosmith,Rock,0.3714,1.2876,0.0,0.0,0.0,0.0,0.0
162,Rock_01207,Make It,Aerosmith,Rock,0.3333,1.3743,0.0,0.0,0.0,0.0,0.0
163,Rock_01208,Mama Kin,Aerosmith,Rock,0.5152,1.5157,0.0,0.0,0.0,0.0,0.0
164,Rock_01209,Melt Down,Aerosmith,Rock,0.4375,1.427,0.0,0.0,0.0,0.0,0.0
166,Rock_01210,Milkcow Blues,Aerosmith,Rock,0.4783,1.3341,0.0,0.0,0.0,0.0,0.0
168,Rock_01211,Mother Popcorn,Aerosmith,Rock,0.561,1.2446,0.0,0.0,0.0,0.0,0.0
169,Rock_01212,Movin' Out,Aerosmith,Rock,0.6061,1.5268,0.0,0.0,0.0,0.0,0.0
170,Rock_01213,My Fist Your Face,Aerosmith,Rock,0.6579,1.5101,0.0,0.0,0.0,0.0,0.0
171,Rock_01214,My Girl,Aerosmith,Rock,0.5806,1.4317,0.0,0.0,0.0,0.0,0.0
172,Rock_01215,Never Loved A Girl,Aerosmith,Rock,0.2286,1.3252,0.0,0.0,0.0,0.0,0.0
173,Rock_01216,No More No More,Aerosmith,Rock,0.3191,1.691,0.0,0.0,0.0,0.0,0.0
174,Rock_01217,No Surprize,Aerosmith,Rock,0.1972,1.796,0.0,0.0,0.0,0.0,0.0
175,Rock_01218,Nobody's Fault,Aerosmith,Rock,0.5882,1.7488,0.0,0.0,0.0,0.0,0.0
176,Rock_01219,Oasis In The Night,Aerosmith,Rock,0.561,1.4724,0.0,0.0,0.0,0.0,0.0
177,Rock_01220,On The Road Again,Aerosmith,Rock,0.5385,1.4781,0.0,0.0,0.0,0.0,0.0
178,Rock_01221,Once Is Enough,Aerosmith,Rock,0.3077,1.5186,0.0,0.0,0.0,0.0,0.0
179,Rock_01222,One Way Street,Aerosmith,Rock,0.2667,1.5744,0.0,0.0,0.0,0.0,0.0
180,Rock_01223,Outta Your Head,Aerosmith,Rock,0.6415,1.7323,0.0,0.0,0.0,0.0,0.0
181,Rock_01224,Pandora's Box,Aerosmith,Rock,0.5306,1.6919,0.0,0.0,0.0,0.0,0.0
182,Rock_01225,Permanent Vacation,Aerosmith,Rock,0.3929,1.4827,0.0,0.0,0.0,0.0,0.0
183,Rock_01226,Pink,Aerosmith,Rock,0.1818,1.453,0.0,0.0,0.0,0.0,0.0
185,Rock_01227,Push Comes To Shove,Aerosmith,Rock,0.4746,1.6751,0.0,0.0,0.0,0.0,0.0
186,Rock_01228,Rag Doll,Aerosmith,Rock,0.678,1.3356,0.0,0.0,0.0,0.0,0.0
187,Rock_01229,Rats In The Cellar,Aerosmith,Rock,0.5,1.7326,0.0,0.0,0.0,0.0,0.0
188,Rock_01230,Rattlesnake Shake,Aerosmith,Rock,0.3077,1.4404,0.0,0.0,0.0,0.0,0.0
189,Rock_01231,Red House,Aerosmith,Rock,0.4348,1.4421,0.0,0.0,0.0,0.0,0.0
190,Rock_01232,Remember,Aerosmith,Rock,0.7407,2.016,0.0,0.0,0.0,0.0,0.0
191,Rock_01233,Road Runner,Aerosmith,Rock,0.2812,1.3769,0.0,0.0,0.0,0.0,0.0
193,Rock_01234,Rockin' Pneumonia And The Boogie Woogie Flu,Aerosmith,Rock,0.4783,1.3954,0.0,0.0,0.0,0.0,0.0
194,Rock_01235,Round And Round,Aerosmith,Rock,0.5833,1.8472,0.0,0.0,0.0,0.0,0.0
195,Rock_01236,Same Old Song And Dance,Aerosmith,Rock,0.4167,1.5126,0.0,0.0,0.0,0.0,0.0
196,Rock_01237,Scream In Pain,Aerosmith,Rock,0.56,1.2733,0.0,0.0,0.0,0.0,0.0
197,Rock_01238,Seasons Of Wither,Aerosmith,Rock,0.6364,1.3902,0.0,0.0,0.0,0.0,0.0
198,Rock_01239,Sedona Sunrise,Aerosmith,Rock,0.5161,1.6621,0.0,0.0,0.0,0.0,0.0
199,Rock_01240,"Shame, Shame, Shame",Aerosmith,Rock,0.1562,1.5204,0.0,0.0,0.0,0.0,0.0
200,Rock_01241,She's On Fire,Aerosmith,Rock,0.3462,1.4308,0.0,0.0,0.0,0.0,0.0
201,Rock_01242,Shut Up And Dance,Aerosmith,Rock,0.1333,1.4767,0.0,0.0,0.0,0.0,0.0
203,Rock_01243,Sight For Sore Eyes,Aerosmith,Rock,0.2903,1.3952,0.0,0.0,0.0,0.0,0.0
204,Rock_01244,Somebody,Aerosmith,Rock,0.08,2.004,0.0,0.0,0.0,0.0,0.0
205,Rock_01245,Something,Aerosmith,Rock,0.8095,1.6294,0.0,0.0,0.0,0.0,0.0
206,Rock_01246,Something's Gotta Give,Aerosmith,Rock,0.7442,1.5674,0.0,0.0,0.0,0.0,0.0
209,Rock_01247,St. John,Aerosmith,Rock,1.0,1.4325,0.0,0.0,0.0,0.0,0.0
210,Rock_01248,Stop Messin' Around,Aerosmith,Rock,0.9259,1.6025,0.0,0.0,0.0,0.0,0.0
211,Rock_01249,Sunny Side Of Love,Aerosmith,Rock,0.5116,1.4391,0.0,0.0,0.0,0.0,0.0
212,Rock_01250,Sunshine,Aerosmith,Rock,0.4167,2.0204,0.0,0.0,0.0,0.0,0.0
213,Rock_01251,Sweet Emotion,Aerosmith,Rock,0.1739,1.4718,0.0,0.0,0.0,0.0,0.0
214,Rock_01252,Take It Easy,Aerosmith,Rock,0.3902,1.4761,0.0,0.0,0.0,0.0,0.0
215,Rock_01253,Taste Of India,Aerosmith,Rock,0.5738,1.4973,0.0,0.0,0.0,0.0,0.0
216,Rock_01254,Temperature,Aerosmith,Rock,0.6,1.9444,0.0,0.0,0.0,0.0,0.0
217,Rock_01255,The Farm,Aerosmith,Rock,0.7286,1.6041,0.0,0.0,0.0,0.0,0.0
218,Rock_01256,The Grind,Aerosmith,Rock,0.2439,1.1517,0.0,0.0,0.0,0.0,0.0
219,Rock_01257,The Hand That Feeds,Aerosmith,Rock,0.4634,1.5939,0.0,0.0,0.0,0.0,0.0
220,Rock_01258,The Hop,Aerosmith,Rock,0.2667,1.4628,0.0,0.0,0.0,0.0,0.0
221,Rock_01259,The Other Side,Aerosmith,Rock,0.6618,1.2982,0.0,0.0,0.0,0.0,0.0
222,Rock_01260,The Reason A Dog,Aerosmith,Rock,0.3864,1.5504,0.0,0.0,0.0,0.0,0.0
223,Rock_01261,Think About It,Aerosmith,Rock,0.4,1.4905,0.0,0.0,0.0,0.0,0.0
225,Rock_01262,Three Mile Smile,Aerosmith,Rock,0.3478,1.6185,0.0,0.0,0.0,0.0,0.0
226,Rock_01263,Title Fly Away From Here,Aerosmith,Rock,0.3455,1.6794,0.0,0.0,0.0,0.0,0.0
227,Rock_01264,Toys In The Attic,Aerosmith,Rock,0.8276,1.3563,0.0,0.0,0.0,0.0,0.0
228,Rock_01265,Train Kept A Rollin',Aerosmith,Rock,0.9111,1.27,0.0,0.0,0.0,0.0,0.0
229,Rock_01266,Trip Hoppin',Aerosmith,Rock,0.4717,1.6333,0.0,0.0,0.0,0.0,0.0
230,Rock_01267,Uncle Salty,Aerosmith,Rock,0.3043,1.5452,0.0,0.0,0.0,0.0,0.0
231,Rock_01268,Under My Skin,Aerosmith,Rock,0.6136,1.5243,0.0,0.0,0.0,0.0,0.0
232,Rock_01269,Voodoo Medicine Man,Aerosmith,Rock,0.3448,1.631,0.0,0.0,0.0,0.0,0.0
233,Rock_01270,Walk On Down,Aerosmith,Rock,0.64,1.2393,0.0,0.0,0.0,0.0,0.0
234,Rock_01271,Walk On Water,Aerosmith,Rock,0.2308,1.6144,0.0,0.0,0.0,0.0,0.0
22991,Rock_01272,Adam's Apple,Aerosmith,Rock,0.3333,1.6068,0.0,0.0,0.0,0.0,0.0
22992,Rock_01273,Ain't Enough,Aerosmith,Rock,0.4,1.4204,0.0,0.0,0.0,0.0,0.0
22993,Rock_01274,Amazing,Aerosmith,Rock,0.2195,1.7021,0.0,0.0,0.0,0.0,0.0
22994,Rock_01275,Angel,Aerosmith,Rock,0.4211,1.5355,0.0,0.0,0.0,0.0,0.0
22995,Rock_01276,Animal Crackers,Aerosmith,Rock,0.25,1.6046,0.0,0.0,0.0,0.0,0.0
22996,Rock_01277,Another Last Goodbye,Aerosmith,Rock,0.5893,1.5571,0.0,0.0,0.0,0.0,0.0
22997,Rock_01278,Avant Garden,Aerosmith,Rock,0.4182,1.5025,0.0,0.0,0.0,0.0,0.0
22998,Rock_01279,"Baby, Please Don't Go",Aerosmith,Rock,0.3704,1.3564,0.0,0.0,0.0,0.0,0.0
22999,Rock_01280,Baby Please Go,Aerosmith,Rock,0.541,1.2545,0.0,0.0,0.0,0.0,0.0
23000,Rock_01281,Back Back Train,Aerosmith,Rock,0.3,1.1633,0.0,0.0,0.0,0.0,0.0
23001,Rock_01282,Back In The Saddle,Aerosmith,Rock,0.5455,1.3855,0.0,0.0,0.0,0.0,0.0
23002,Rock_01283,Battlefield,Aerosmith,Rock,0.3614,1.6068,0.0,0.0,0.0,0.0,0.0
23003,Rock_01284,Beautiful,Aerosmith,Rock,0.6444,1.8415,0.0,0.0,0.0,0.0,0.0
23004,Rock_01285,Beyond Beautiful,Aerosmith,Rock,0.2812,1.6656,0.0,0.0,0.0,0.0,0.0
23005,Rock_01286,Big Ten Inch Record,Aerosmith,Rock,0.4062,1.3906,0.0,0.0,0.0,0.0,0.0
23006,Rock_01287,Black Cherry,Aerosmith,Rock,0.2162,1.3744,0.0,0.0,0.0,0.0,0.0
23007,Rock_01288,Bolivian Ragamuffin,Aerosmith,Rock,0.1481,1.4003,0.0,0.0,0.0,0.0,0.0
23008,Rock_01289,Bone To Bone,Aerosmith,Rock,0.25,1.4851,0.0,0.0,0.0,0.0,0.0
23009,Rock_01290,Bright Light Fright,Aerosmith,Rock,0.32,1.282,0.0,0.0,0.0,0.0,0.0
23011,Rock_01291,Chip Away The Stone,Aerosmith,Rock,0.5918,1.3635,0.0,0.0,0.0,0.0,0.0
23012,Rock_01292,Chiquita,Aerosmith,Rock,0.375,1.7792,0.0,0.0,0.0,0.0,0.0
23014,Rock_01293,Come Together,Aerosmith,Rock,0.2,1.6338,0.0,0.0,0.0,0.0,0.0
23015,Rock_01294,Crash,Aerosmith,Rock,0.2703,1.6725,0.0,0.0,0.0,0.0,0.0
23016,Rock_01295,Crazy,Aerosmith,Rock,0.2439,1.4402,0.0,0.0,0.0,0.0,0.0
23017,Rock_01296,Critical Mass,Aerosmith,Rock,0.1212,1.6685,0.0,0.0,0.0,0.0,0.0
23018,Rock_01297,Cry Me A River,Aerosmith,Rock,0.35,1.5083,0.0,0.0,0.0,0.0,0.0
23019,Rock_01298,Cryin',Aerosmith,Rock,0.3818,1.4073,0.0,0.0,0.0,0.0,0.0
23021,Rock_01299,Devil's Got A New Disguise,Aerosmith,Rock,0.4138,1.6816,0.0,0.0,0.0,0.0,0.0
23022,Rock_01300,Dime Store Lover,Aerosmith,Rock,0.2683,1.4577,0.0,0.0,0.0,0.0,0.0
23023,Rock_01301,"Don't Get Mad, Get Even",Aerosmith,Rock,0.3571,1.4033,0.0,0.0,0.0,0.0,0.0
23024,Rock_01302,Don't Stop,Aerosmith,Rock,0.1875,1.3092,0.0,0.0,0.0,0.0,0.0
23025,Rock_01303,Dream On,Aerosmith,Rock,0.617,1.2582,0.0,0.0,0.0,0.0,0.0
23026,Rock_01304,Drop Dead Gorgeous,Aerosmith,Rock,0.2593,1.8046,0.0,0.0,0.0,0.0,0.0
23027,Rock_01305,Dude,Aerosmith,Rock,0.303,1.5399,0.0,0.0,0.0,0.0,0.0
23028,Rock_01306,Eyesight To The Blind,Aerosmith,Rock,0.0769,1.5472,0.0,0.0,0.0,0.0,0.0
23029,Rock_01307,Fall Together,Aerosmith,Rock,0.549,1.5107,0.0,0.0,0.0,0.0,0.0
23030,Rock_01308,Fallen Angel,Aerosmith,Rock,0.4048,1.6984,0.0,0.0,0.0,0.0,0.0
23031,Rock_01309,Falling In Love (Is Hard On Your Knees),Aerosmith,Rock,0.3974,1.522,0.0,0.0,0.0,0.0,0.0
23032,Rock_01310,Falling Off,Aerosmith,Rock,0.1538,1.5152,0.0,0.0,0.0,0.0,0.0
23033,Rock_01311,F.I.N.E.,Aerosmith,Rock,0.186,1.5152,0.0,0.0,0.0,0.0,0.0
23034,Rock_01312,Flesh,Aerosmith,Rock,0.2727,1.6076,0.0,0.0,0.0,0.0,0.0
23035,Rock_01313,Fly Away From Here,Aerosmith,Rock,0.3243,1.5581,0.0,0.0,0.0,0.0,0.0
23036,Rock_01314,Full Circle,Aerosmith,Rock,0.4737,1.4143,0.0,0.0,0.0,0.0,0.0
23037,Rock_01315,Get A Grip,Aerosmith,Rock,0.6857,1.3764,0.0,0.0,0.0,0.0,0.0
23038,Rock_01316,Get The Lead Out,Aerosmith,Rock,0.2857,1.3192,0.0,0.0,0.0,0.0,0.0
23039,Rock_01317,Girl Keeps Coming Apart,Aerosmith,Rock,0.2424,1.5,0.0,0.0,0.0,0.0,0.0
23040,Rock_01318,Girls Of Summer,Aerosmith,Rock,0.3721,1.3102,0.0,0.0,0.0,0.0,0.0
23041,Rock_01319,Gotta Love It,Aerosmith,Rock,0.4667,1.3178,0.0,0.0,0.0,0.0,0.0
23042,Rock_01320,Gypsy Boots,Aerosmith,Rock,0.0833,1.6561,0.0,0.0,0.0,0.0,0.0
23043,Rock_01321,Hangman Jury,Aerosmith,Rock,0.4333,1.3244,0.0,0.0,0.0,0.0,0.0
23044,Rock_01322,Head First,Aerosmith,Rock,0.5161,1.5102,0.0,0.0,0.0,0.0,0.0
23045,Rock_01323,Heart's Done Time,Aerosmith,Rock,0.5714,1.131,0.0,0.0,0.0,0.0,0.0
23046,Rock_01324,Helter Skelter,Aerosmith,Rock,0.4118,1.3912,0.0,0.0,0.0,0.0,0.0
23047,Rock_01325,Hole In My Soul,Aerosmith,Rock,0.5676,1.4909,0.0,0.0,0.0,0.0,0.0
23048,Rock_01326,Hollywood,Aerosmith,Rock,0.4375,1.5306,0.0,0.0,0.0,0.0,0.0
23049,Rock_01327,I Don't Want To Miss A Thing,Aerosmith,Rock,0.5417,1.4066,0.0,0.0,0.0,0.0,0.0
23050,Rock_01328,I Love Trash,Aerosmith,Rock,0.2105,1.6221,0.0,0.0,0.0,0.0,0.0
23051,Rock_01329,I Wanna Know Why,Aerosmith,Rock,0.3333,1.463,0.0,0.0,0.0,0.0,0.0
23052,Rock_01330,I'm Down,Aerosmith,Rock,0.6923,1.2547,0.0,0.0,0.0,0.0,0.0
23053,Rock_01331,I'm Not Talking,Aerosmith,Rock,0.3939,1.4141,0.0,0.0,0.0,0.0,0.0
23054,Rock_01332,Jaded,Aerosmith,Rock,0.2889,1.817,0.0,0.0,0.0,0.0,0.0
23055,Rock_01333,Jailbait,Aerosmith,Rock,0.0667,1.5753,0.0,0.0,0.0,0.0,0.0
23056,Rock_01334,Jesus Is On The Main Line,Aerosmith,Rock,0.75,1.1389,0.0,0.0,0.0,0.0,0.0
23057,Rock_01335,Jig Is Up,Aerosmith,Rock,0.44,1.4203,0.0,0.0,0.0,0.0,0.0
23059,Rock_01336,Just Feel Better,Aerosmith,Rock,0.6038,1.3947,0.0,0.0,0.0,0.0,0.0
23060,Rock_01337,Just Push Play,Aerosmith,Rock,0.5082,1.5145,0.0,0.0,0.0,0.0,0.0
23061,Rock_01338,Kings And Queens,Aerosmith,Rock,0.1333,1.5844,0.0,0.0,0.0,0.0,0.0
23062,Rock_01339,Kiss Your Past Good-Bye,Aerosmith,Rock,0.1944,1.4458,0.0,0.0,0.0,0.0,0.0
23063,Rock_01340,Last Child,Aerosmith,Rock,0.1071,1.3274,0.0,0.0,0.0,0.0,0.0
23064,Rock_01341,Legendary Child,Aerosmith,Rock,0.1875,1.8883,0.0,0.0,0.0,0.0,0.0
23065,Rock_01342,Let The Music Do The Talking,Aerosmith,Rock,0.2,1.5284,0.0,0.0,0.0,0.0,0.0
23066,Rock_01343,Lick And A Promise,Aerosmith,Rock,0.1071,1.6506,0.0,0.0,0.0,0.0,0.0
23067,Rock_01344,Light Inside,Aerosmith,Rock,0.3333,1.609,0.0,0.0,0.0,0.0,0.0
23068,Rock_01345,Lightning Strikes,Aerosmith,Rock,0.5897,1.5037,0.0,0.0,0.0,0.0,0.0
23069,Rock_01346,Line Up,Aerosmith,Rock,0.4255,1.2057,0.0,0.0,0.0,0.0,0.0
23070,Rock_01347,Lizard Love,Aerosmith,Rock,0.1111,1.5599,0.0,0.0,0.0,0.0,0.0
23071,Rock_01348,Lord Of The Thighs,Aerosmith,Rock,0.4,1.3408,0.0,0.0,0.0,0.0,0.0
18465,Rock_01349,321,Scorpions,Rock,0.7077,1.4937,0.0,0.0,0.0,0.0,0.0
18466,Rock_01350,A Moment In A Million Years,Scorpions,Rock,0.5,1.46,0.0,0.0,0.0,0.0,0.0
18467,Rock_01351,Always Somewhere,Scorpions,Rock,0.3333,1.5991,0.0,0.0,0.0,0.0,0.0
18468,Rock_01352,Another Piece Of Meat,Scorpions,Rock,0.32,1.5073,0.0,0.0,0.0,0.0,0.0
18469,Rock_01353,Blackout,Scorpions,Rock,0.6579,1.6096,0.0,0.0,0.0,0.0,0.0
18470,Rock_01354,China White,Scorpions,Rock,0.4444,1.5064,0.0,0.0,0.0,0.0,0.0
18471,Rock_01355,Hurricane 2000,Scorpions,Rock,0.1316,1.5197,0.0,0.0,0.0,0.0,0.0
18472,Rock_01356,I Can't Explain,Scorpions,Rock,0.6957,1.3116,0.0,0.0,0.0,0.0,0.0
18473,Rock_01357,In Trance,Scorpions,Rock,0.6111,1.3218,0.0,0.0,0.0,0.0,0.0
18474,Rock_01358,Kicks After Six,Scorpions,Rock,0.6809,1.294,0.0,0.0,0.0,0.0,0.0
18475,Rock_01359,Lady Starlight,Scorpions,Rock,0.6562,1.4573,0.0,0.0,0.0,0.0,0.0
18476,Rock_01360,Life's Like A River,Scorpions,Rock,0.7692,1.5679,0.0,0.0,0.0,0.0,0.0
18477,Rock_01361,Mysterious,Scorpions,Rock,0.5116,1.6116,0.0,0.0,0.0,0.0,0.0
18478,Rock_01362,New Generation,Scorpions,Rock,0.3415,1.5711,0.0,0.0,0.0,0.0,0.0
18479,Rock_01363,Nightmare Avenue,Scorpions,Rock,0.6818,1.5958,0.0,0.0,0.0,0.0,0.0
18480,Rock_01364,No One Like You,Scorpions,Rock,0.5862,1.5247,0.0,0.0,0.0,0.0,0.0
18481,Rock_01365,No Pain No Gain,Scorpions,Rock,0.3448,1.2405,0.0,0.0,0.0,0.0,0.0
18482,Rock_01366,Only A Man,Scorpions,Rock,0.7273,1.2576,0.0,0.0,0.0,0.0,0.0
18483,Rock_01367,Over The Top,Scorpions,Rock,0.6909,1.7161,0.0,0.0,0.0,0.0,0.0
18484,Rock_01368,Pictured Life,Scorpions,Rock,0.7273,1.6098,0.0,0.0,0.0,0.0,0.0
18485,Rock_01369,Priscilla,Scorpions,Rock,0.4773,1.6697,0.0,0.0,0.0,0.0,0.0
18486,Rock_01370,Restless Nights,Scorpions,Rock,0.7273,1.3572,0.0,0.0,0.0,0.0,0.0
18487,Rock_01371,Rhythm Of Love,Scorpions,Rock,0.6053,1.3706,0.0,0.0,0.0,0.0,0.0
18488,Rock_01372,Send Me An Angel,Scorpions,Rock,0.6111,1.3893,0.0,0.0,0.0,0.0,0.0
18489,Rock_01373,Skywriter,Scorpions,Rock,0.8333,1.622,0.0,0.0,0.0,0.0,0.0
18490,Rock_01374,Soul Behind The Face,Scorpions,Rock,0.6522,1.108,0.0,0.0,0.0,0.0,0.0
18491,Rock_01375,Still Loving You,Scorpions,Rock,0.6957,1.24,0.0,0.0,0.0,0.0,0.0
18492,Rock_01376,The Game Of Life,Scorpions,Rock,0.2581,1.4473,0.0,0.0,0.0,0.0,0.0
18493,Rock_01377,This Time,Scorpions,Rock,0.5455,1.3024,0.0,0.0,0.0,0.0,0.0
18494,Rock_01378,Time Will Call Your Name,Scorpions,Rock,0.5778,1.4478,0.0,0.0,0.0,0.0,0.0
18495,Rock_01379,To Be No. 1,Scorpions,Rock,0.6034,1.5108,0.0,0.0,0.0,0.0,0.0
18496,Rock_01380,We Let It Rock...You Let It Roll,Scorpions,Rock,0.44,1.4493,0.0,0.0,0.0,0.0,0.0
18497,Rock_01381,We Were Born To Fly,Scorpions,Rock,0.7451,1.5826,0.0,0.0,0.0,0.0,0.0
18498,Rock_01382,We Will Rise Again,Scorpions,Rock,0.65,1.545,0.0,0.0,0.0,0.0,0.0
18499,Rock_01383,We'll Burn The Sky,Scorpions,Rock,0.2045,1.3784,0.0,0.0,0.0,0.0,0.0
18500,Rock_01384,What U Give U Get Back,Scorpions,Rock,0.4651,1.4252,0.0,0.0,0.0,0.0,0.0
18501,Rock_01385,Where The River Flows,Scorpions,Rock,0.5965,1.3977,0.0,0.0,0.0,0.0,0.0
18502,Rock_01386,Wind Of Change,Scorpions,Rock,0.6136,1.7357,0.0,0.0,0.0,0.0,0.0
51388,Rock_01387,10 Light Years Away,Scorpions,Rock,0.6667,1.4005,0.0,0.0,0.0,0.0,0.0
51389,Rock_01388,Action,Scorpions,Rock,0.5714,1.254,0.0,0.0,0.0,0.0,0.0
51390,Rock_01389,Aleyah,Scorpions,Rock,0.5333,1.4306,0.0,0.0,0.0,0.0,0.0
51391,Rock_01390,Alien Nation,Scorpions,Rock,0.4884,1.7225,0.0,0.0,0.0,0.0,0.0
51392,Rock_01391,All Night Long,Scorpions,Rock,0.9412,1.1392,0.0,0.0,0.0,0.0,0.0
51393,Rock_01392,Animal Magnetism,Scorpions,Rock,0.6818,1.2833,0.0,0.0,0.0,0.0,0.0
51394,Rock_01393,Are You The One?,Scorpions,Rock,0.3143,1.5524,0.0,0.0,0.0,0.0,0.0
51395,Rock_01394,Arizona,Scorpions,Rock,0.5312,1.3193,0.0,0.0,0.0,0.0,0.0
51396,Rock_01395,As Soon As The Good Times Roll,Scorpions,Rock,0.6364,1.6705,0.0,0.0,0.0,0.0,0.0
51397,Rock_01396,Backstage Queen,Scorpions,Rock,0.6316,1.5028,0.0,0.0,0.0,0.0,0.0
51398,Rock_01397,Bad Boys Running Wild,Scorpions,Rock,0.8235,1.2819,0.0,0.0,0.0,0.0,0.0
51399,Rock_01398,Bad For Good,Scorpions,Rock,0.7368,1.1108,0.0,0.0,0.0,0.0,0.0
51400,Rock_01399,Believe In Love,Scorpions,Rock,0.3462,1.2128,0.0,0.0,0.0,0.0,0.0
51401,Rock_01400,Big City Nights,Scorpions,Rock,0.5,1.5548,0.0,0.0,0.0,0.0,0.0
51402,Rock_01401,Blood Too Hot,Scorpions,Rock,0.4444,1.2679,0.0,0.0,0.0,0.0,0.0
51403,Rock_01402,Borderline,Scorpions,Rock,0.5526,1.7211,0.0,0.0,0.0,0.0,0.0
51404,Rock_01403,Born To Touch Your Feelings,Scorpions,Rock,0.6216,1.5797,0.0,0.0,0.0,0.0,0.0
51405,Rock_01404,But The Best For You,Scorpions,Rock,0.6667,1.3259,0.0,0.0,0.0,0.0,0.0
51406,Rock_01405,Can You Feel It,Scorpions,Rock,0.5417,1.3826,0.0,0.0,0.0,0.0,0.0
51407,Rock_01406,Cant Get Enough,Scorpions,Rock,0.1875,1.3958,0.0,0.0,0.0,0.0,0.0
51408,Rock_01407,Can't Live Without You,Scorpions,Rock,0.4828,1.2983,0.0,0.0,0.0,0.0,0.0
51409,Rock_01408,Catch Your Train,Scorpions,Rock,0.6364,1.3758,0.0,0.0,0.0,0.0,0.0
51410,Rock_01409,Cause I Love You,Scorpions,Rock,0.4412,1.353,0.0,0.0,0.0,0.0,0.0
51411,Rock_01410,Coming Home,Scorpions,Rock,0.4,1.3063,0.0,0.0,0.0,0.0,0.0
51412,Rock_01411,Crazy World,Scorpions,Rock,0.2381,1.3706,0.0,0.0,0.0,0.0,0.0
51413,Rock_01412,Crossfire,Scorpions,Rock,0.5263,1.7386,0.0,0.0,0.0,0.0,0.0
51415,Rock_01413,Daddy's Girl,Scorpions,Rock,0.9661,1.5923,0.0,0.0,0.0,0.0,0.0
51416,Rock_01414,Dark Lady,Scorpions,Rock,1.0,1.8175,0.0,0.0,0.0,0.0,0.0
51417,Rock_01415,Deadly Sting Suite,Scorpions,Rock,0.4865,1.2968,0.0,0.0,0.0,0.0,0.0
51418,Rock_01416,Deep And Dark,Scorpions,Rock,0.5789,1.2546,0.0,0.0,0.0,0.0,0.0
51419,Rock_01417,Destin,Scorpions,Rock,0.48,1.4734,0.0,0.0,0.0,0.0,0.0
51420,Rock_01418,Does Anyone Know,Scorpions,Rock,0.6122,1.619,0.0,0.0,0.0,0.0,0.0
51421,Rock_01419,Don't Believe Her,Scorpions,Rock,0.7385,1.5315,0.0,0.0,0.0,0.0,0.0
51422,Rock_01420,Don't Stop At The Top,Scorpions,Rock,0.5714,1.3508,0.0,0.0,0.0,0.0,0.0
51423,Rock_01421,Drifting Sun,Scorpions,Rock,0.5366,1.5096,0.0,0.0,0.0,0.0,0.0
51424,Rock_01422,Drive,Scorpions,Rock,0.5294,1.2535,0.0,0.0,0.0,0.0,0.0
51425,Rock_01423,Dust In The Wind,Scorpions,Rock,0.2727,1.3508,0.0,0.0,0.0,0.0,0.0
51426,Rock_01424,Dynamite,Scorpions,Rock,0.4889,2.4056,0.0,0.0,0.0,0.0,0.0
51427,Rock_01425,Edge Of Time,Scorpions,Rock,0.6471,1.4652,0.0,0.0,0.0,0.0,0.0
51428,Rock_01426,Evening Wind,Scorpions,Rock,0.1111,1.5294,0.0,0.0,0.0,0.0,0.0
51429,Rock_01427,Every Minute Every Day,Scorpions,Rock,0.3529,1.8176,0.0,0.0,0.0,0.0,0.0
51430,Rock_01428,Eye To Eye,Scorpions,Rock,0.4516,1.3978,0.0,0.0,0.0,0.0,0.0
51431,Rock_01429,Falling In Love,Scorpions,Rock,0.4286,1.3966,0.0,0.0,0.0,0.0,0.0
51432,Rock_01430,Far Away,Scorpions,Rock,0.1765,1.3687,0.0,0.0,0.0,0.0,0.0
51433,Rock_01431,Fly People Fly,Scorpions,Rock,0.625,1.4714,0.0,0.0,0.0,0.0,0.0
51434,Rock_01432,Fly To The Rainbow,Scorpions,Rock,0.2927,1.6561,0.0,0.0,0.0,0.0,0.0
51435,Rock_01433,Freshly Squeezed,Scorpions,Rock,0.25,1.5381,0.0,0.0,0.0,0.0,0.0
51436,Rock_01434,Hate To Be Nice,Scorpions,Rock,0.4667,1.4094,0.0,0.0,0.0,0.0,0.0
51438,Rock_01435,Hello Josephine,Scorpions,Rock,0.9565,1.303,0.0,0.0,0.0,0.0,0.0
51439,Rock_01436,Heroes Don't Cry,Scorpions,Rock,0.5161,1.4355,0.0,0.0,0.0,0.0,0.0
51440,Rock_01437,He's A Woman - She's A Man,Scorpions,Rock,0.2857,1.3833,0.0,0.0,0.0,0.0,0.0
51441,Rock_01438,Hey You,Scorpions,Rock,0.5667,1.4333,0.0,0.0,0.0,0.0,0.0
51442,Rock_01439,Hit Between The Eyes,Scorpions,Rock,0.8824,1.5681,0.0,0.0,0.0,0.0,0.0
51443,Rock_01440,Hold Me Tight,Scorpions,Rock,0.4324,1.4288,0.0,0.0,0.0,0.0,0.0
51444,Rock_01441,Holiday,Scorpions,Rock,0.6087,1.6058,0.0,0.0,0.0,0.0,0.0
51445,Rock_01442,Hour 1,Scorpions,Rock,0.4651,1.7024,0.0,0.0,0.0,0.0,0.0
51446,Rock_01443,Humanity,Scorpions,Rock,0.6667,1.9517,0.0,0.0,0.0,0.0,0.0
51447,Rock_01444,I'm Going Mad,Scorpions,Rock,0.7778,1.4537,0.0,0.0,0.0,0.0,0.0
51448,Rock_01445,I'm Leaving You,Scorpions,Rock,0.7931,1.1534,0.0,0.0,0.0,0.0,0.0
51449,Rock_01446,In Search Of The Peace Of Mind,Scorpions,Rock,0.8333,1.2917,0.0,0.0,0.0,0.0,0.0
51450,Rock_01447,In Your Park,Scorpions,Rock,0.5714,1.481,0.0,0.0,0.0,0.0,0.0
51451,Rock_01448,Inheritance,Scorpions,Rock,0.2308,1.6987,0.0,0.0,0.0,0.0,0.0
51452,Rock_01449,Is There Anybody There,Scorpions,Rock,0.3,1.8167,0.0,0.0,0.0,0.0,0.0
51453,Rock_01450,I've Got To Be Free,Scorpions,Rock,0.4898,1.5494,0.0,0.0,0.0,0.0,0.0
51454,Rock_01451,Life Goes Around,Scorpions,Rock,0.5676,1.6582,0.0,0.0,0.0,0.0,0.0
51455,Rock_01452,Living And Dying,Scorpions,Rock,0.5333,1.6917,0.0,0.0,0.0,0.0,0.0
51456,Rock_01453,Living For Tomorrow,Scorpions,Rock,0.6327,1.485,0.0,0.0,0.0,0.0,0.0
51457,Rock_01454,Lonely Nights,Scorpions,Rock,0.4667,1.5722,0.0,0.0,0.0,0.0,0.0
51458,Rock_01455,Long Tall Sally,Scorpions,Rock,0.8,1.4875,0.0,0.0,0.0,0.0,0.0
51459,Rock_01456,Love 'em Or Leave 'em,Scorpions,Rock,0.6053,1.8961,0.0,0.0,0.0,0.0,0.0
51460,Rock_01457,Love Is Blind,Scorpions,Rock,0.5517,1.2213,0.0,0.0,0.0,0.0,0.0
51461,Rock_01458,Love Is War,Scorpions,Rock,0.5333,1.5694,0.0,0.0,0.0,0.0,0.0
51462,Rock_01459,Love On The Run,Scorpions,Rock,0.3846,1.209,0.0,0.0,0.0,0.0,0.0
51463,Rock_01460,Love Will Keep Us Alive,Scorpions,Rock,0.6667,1.5102,0.0,0.0,0.0,0.0,0.0
51464,Rock_01461,Lovedrive,Scorpions,Rock,0.6774,1.8715,0.0,0.0,0.0,0.0,0.0
51465,Rock_01462,Lust Or Love,Scorpions,Rock,0.5897,1.4115,0.0,0.0,0.0,0.0,0.0
51466,Rock_01463,Make It Real,Scorpions,Rock,0.7,1.7433,0.0,0.0,0.0,0.0,0.0
51467,Rock_01464,Maybe I Maybe You,Scorpions,Rock,0.625,1.5026,0.0,0.0,0.0,0.0,0.0
51468,Rock_01465,Media Overkill,Scorpions,Rock,0.2353,1.6198,0.0,0.0,0.0,0.0,0.0
51469,Rock_01466,Mind Like A Tree,Scorpions,Rock,0.7321,1.3576,0.0,0.0,0.0,0.0,0.0
51470,Rock_01467,My City My Town,Scorpions,Rock,0.5366,1.3809,0.0,0.0,0.0,0.0,0.0
51471,Rock_01468,Now!,Scorpions,Rock,0.3235,1.3028,0.0,0.0,0.0,0.0,0.0
51472,Rock_01469,Obsession,Scorpions,Rock,0.6458,1.4618,0.0,0.0,0.0,0.0,0.0
51473,Rock_01470,Passion Rules The Game,Scorpions,Rock,0.25,1.3906,0.0,0.0,0.0,0.0,0.0
51474,Rock_01471,Polar Nights,Scorpions,Rock,0.5135,1.2865,0.0,0.0,0.0,0.0,0.0
51475,Rock_01472,Robot Man,Scorpions,Rock,0.7059,1.3796,0.0,0.0,0.0,0.0,0.0
51476,Rock_01473,Rock You Like A Hurricane,Scorpions,Rock,0.7778,1.5518,0.0,0.0,0.0,0.0,0.0
51477,Rock_01474,She Said,Scorpions,Rock,0.3137,1.7516,0.0,0.0,0.0,0.0,0.0
51478,Rock_01475,Ship Of Fools,Scorpions,Rock,0.75,1.792,0.0,0.0,0.0,0.0,0.0
51479,Rock_01476,Someday Is Now,Scorpions,Rock,0.3846,1.6611,0.0,0.0,0.0,0.0,0.0
51480,Rock_01477,Someone To Touch,Scorpions,Rock,0.5312,1.6484,0.0,0.0,0.0,0.0,0.0
51481,Rock_01478,Speedys Coming,Scorpions,Rock,0.7895,1.4513,0.0,0.0,0.0,0.0,0.0
51482,Rock_01479,Steamrock Fever,Scorpions,Rock,0.8667,1.5619,0.0,0.0,0.0,0.0,0.0
51483,Rock_01480,Stone In My Shoe,Scorpions,Rock,0.3953,1.5074,0.0,0.0,0.0,0.0,0.0
51484,Rock_01481,Sun In My Hand,Scorpions,Rock,0.6,1.41,0.0,0.0,0.0,0.0,0.0
51485,Rock_01482,Suspender Love,Scorpions,Rock,0.4444,1.4981,0.0,0.0,0.0,0.0,0.0
51486,Rock_01483,Taxman Woman,Scorpions,Rock,0.6333,1.3939,0.0,0.0,0.0,0.0,0.0
51487,Rock_01484,Tease Me Please Me,Scorpions,Rock,0.5238,1.756,0.0,0.0,0.0,0.0,0.0
51488,Rock_01485,The Cross,Scorpions,Rock,0.52,1.542,0.0,0.0,0.0,0.0,0.0
51489,Rock_01486,The Future Never Dies,Scorpions,Rock,0.5682,1.8508,0.0,0.0,0.0,0.0,0.0
51490,Rock_01487,The Riot Of Your Time,Scorpions,Rock,0.7059,1.4559,0.0,0.0,0.0,0.0,0.0
51491,Rock_01488,The Sails Of Charon,Scorpions,Rock,0.5714,1.396,0.0,0.0,0.0,0.0,0.0
51492,Rock_01489,The Same Thrill,Scorpions,Rock,0.087,1.3587,0.0,0.0,0.0,0.0,0.0
51493,Rock_01490,The Zoo,Scorpions,Rock,0.6071,1.2601,0.0,0.0,0.0,0.0,0.0
51494,Rock_01491,They Need A Million,Scorpions,Rock,0.7273,1.4015,0.0,0.0,0.0,0.0,0.0
51495,Rock_01492,This Is My Song,Scorpions,Rock,0.3333,1.5715,0.0,0.0,0.0,0.0,0.0
51496,Rock_01493,Through My Eyes,Scorpions,Rock,0.3393,1.6673,0.0,0.0,0.0,0.0,0.0
51497,Rock_01494,To Be With You In Heaven,Scorpions,Rock,0.7708,1.3993,0.0,0.0,0.0,0.0,0.0
51498,Rock_01495,Top Of The Bill,Scorpions,Rock,0.1429,1.3786,0.0,0.0,0.0,0.0,0.0
51499,Rock_01496,Twentieth Century Man,Scorpions,Rock,0.5385,1.7083,0.0,0.0,0.0,0.0,0.0
51500,Rock_01497,Under The Same Sun,Scorpions,Rock,0.3514,1.3968,0.0,0.0,0.0,0.0,0.0
51501,Rock_01498,Unholy Alliance,Scorpions,Rock,0.6,1.7647,0.0,0.0,0.0,0.0,0.0
51502,Rock_01499,Virgin Killer,Scorpions,Rock,0.4,1.6917,0.0,0.0,0.0,0.0,0.0
51503,Rock_01500,Walking On The Edge,Scorpions,Rock,0.6154,1.5564,0.0,0.0,0.0,0.0,0.0
51504,Rock_01501,When Love Kills Love,Scorpions,Rock,0.6304,1.5189,0.0,0.0,0.0,0.0,0.0
51505,Rock_01502,When The Smoke Is Going Down,Scorpions,Rock,0.5789,1.5404,0.0,0.0,0.0,0.0,0.0
51506,Rock_01503,When You Came Into My Life,Scorpions,Rock,0.6078,1.3007,0.0,0.0,0.0,0.0,0.0
51507,Rock_01504,White Dove,Scorpions,Rock,0.5714,1.2468,0.0,0.0,0.0,0.0,0.0
51508,Rock_01505,Wild Child,Scorpions,Rock,0.7105,1.2596,0.0,0.0,0.0,0.0,0.0
51509,Rock_01506,Woman,Scorpions,Rock,0.4255,1.5284,0.0,0.0,0.0,0.0,0.0
51510,Rock_01507,Yellow Butterfly,Scorpions,Rock,0.3333,1.4542,0.0,0.0,0.0,0.0,0.0
51511,Rock_01508,Yellow Raven,Scorpions,Rock,0.75,1.6667,0.0,0.0,0.0,0.0,0.0
51512,Rock_01509,You And I,Scorpions,Rock,0.6111,1.5032,0.0,0.0,0.0,0.0,0.0
51513,Rock_01510,You Give Me All I Need,Scorpions,Rock,0.6154,1.2692,0.0,0.0,0.0,0.0,0.0
51514,Rock_01511,Your Last Song,Scorpions,Rock,0.3556,1.4008,0.0,0.0,0.0,0.0,0.0
51515,Rock_01512,Your Light,Scorpions,Rock,0.1053,1.4956,0.0,0.0,0.0,0.0,0.0
51516,Rock_01513,You're Lovin' Me To Death,Scorpions,Rock,0.6154,1.4984,0.0,0.0,0.0,0.0,0.0
9666,Country_00001,A Fast Song,Johnny Cash,Country,0.4444,1.4332,0.0,0.0,0.0,0.0,0.0
9667,Country_00002,A Letter From Home,Johnny Cash,Country,0.0833,1.5069,0.0,0.0,0.0,0.0,0.0
9668,Country_00003,A Little At A Time,Johnny Cash,Country,0.2,1.3723,0.0,0.0,0.0,0.0,0.0
9669,Country_00004,A Satisfied Mind,Johnny Cash,Country,0.475,1.6604,0.0,0.0,0.0,0.0,0.0
9671,Country_00005,Always On My Mind,Johnny Cash,Country,0.4615,1.484,0.0,0.0,0.0,0.0,0.0
9672,Country_00006,Another Man Done Gone,Johnny Cash,Country,0.3889,1.3241,0.0,0.0,0.0,0.0,0.0
9675,Country_00007,Bad News,Johnny Cash,Country,0.4762,1.65,0.0,0.0,0.0,0.0,0.0
9676,Country_00008,Before My Time,Johnny Cash,Country,0.1579,1.4194,0.0,0.0,0.0,0.0,0.0
9677,Country_00009,Big Bad John,Johnny Cash,Country,0.3333,1.3192,0.0,0.0,0.0,0.0,0.0
9678,Country_00010,Big Foot,Johnny Cash,Country,0.0577,1.7724,0.0,0.0,0.0,0.0,0.0
9679,Country_00011,Big Iron,Johnny Cash,Country,0.1163,1.5381,0.0,0.0,0.0,0.0,0.0
9680,Country_00012,Blue Christmas,Johnny Cash,Country,0.4706,1.5286,0.0,0.0,0.0,0.0,0.0
9681,Country_00013,Blue Train,Johnny Cash,Country,0.2778,1.3055,0.0,0.0,0.0,0.0,0.0
9683,Country_00014,Call Your Mother,Johnny Cash,Country,0.5,1.4441,0.0,0.0,0.0,0.0,0.0
9684,Country_00015,Casey Jones,Johnny Cash,Country,0.1154,1.6229,0.0,0.0,0.0,0.0,0.0
9685,Country_00016,Chain Gang,Johnny Cash,Country,0.1053,1.221,0.0,0.0,0.0,0.0,0.0
9686,Country_00017,Cindy,Johnny Cash,Country,0.303,1.4708,0.0,0.0,0.0,0.0,0.0
9688,Country_00018,"Cry, Cry, Cry",Johnny Cash,Country,0.125,1.3925,0.0,0.0,0.0,0.0,0.0
9689,Country_00019,Don't Go Near The Water,Johnny Cash,Country,0.3077,1.5478,0.0,0.0,0.0,0.0,0.0
9690,Country_00020,Don't Step On Mother's Roses,Johnny Cash,Country,0.625,1.4307,0.0,0.0,0.0,0.0,0.0
9691,Country_00021,Don't You Think It's Come Our Time,Johnny Cash,Country,0.3103,1.6766,0.0,0.0,0.0,0.0,0.0
9692,Country_00022,Drive On,Johnny Cash,Country,0.3333,1.4954,0.0,0.0,0.0,0.0,0.0
9693,Country_00023,Everybody Loves A Nut,Johnny Cash,Country,0.2414,1.6966,0.0,0.0,0.0,0.0,0.0
9694,Country_00024,Everybody's Trying To Be My Baby,Johnny Cash,Country,0.6429,2.2804,0.0,0.0,0.0,0.0,0.0
9696,Country_00025,Fast Boat To Sydney,Johnny Cash,Country,0.4,1.4881,0.0,0.0,0.0,0.0,0.0
9697,Country_00026,Five Feet High And Rising,Johnny Cash,Country,0.4571,1.3638,0.0,0.0,0.0,0.0,0.0
9698,Country_00027,Flesh And Blood,Johnny Cash,Country,0.35,1.5229,0.0,0.0,0.0,0.0,0.0
9700,Country_00028,Give My Love To Rose,Johnny Cash,Country,0.1818,1.4387,0.0,0.0,0.0,0.0,0.0
9701,Country_00029,God Ain't No Stained Glass Window,Johnny Cash,Country,0.4348,1.5409,0.0,0.0,0.0,0.0,0.0
9703,Country_00030,Goodbye Little Darling Goodbye,Johnny Cash,Country,0.4286,1.6143,0.0,0.0,0.0,0.0,0.0
9704,Country_00031,Greystone Chapel,Johnny Cash,Country,0.1818,1.5271,0.0,0.0,0.0,0.0,0.0
9705,Country_00032,Hard Times,Johnny Cash,Country,0.5758,1.4588,0.0,0.0,0.0,0.0,0.0
9707,Country_00033,He Turned The Water Into Wine,Johnny Cash,Country,0.2105,1.7596,0.0,0.0,0.0,0.0,0.0
9709,Country_00034,I Can't Go On That Way,Johnny Cash,Country,0.129,1.3906,0.0,0.0,0.0,0.0,0.0
9710,Country_00035,I Couldn't Keep From Crying,Johnny Cash,Country,0.3333,1.1957,0.0,0.0,0.0,0.0,0.0
9711,Country_00036,I Hardly Ever Sing Beer Drinking Songs,Johnny Cash,Country,0.3529,1.4197,0.0,0.0,0.0,0.0,0.0
9712,Country_00037,I Shall Not Be Moved,Johnny Cash,Country,0.5926,1.4766,0.0,0.0,0.0,0.0,0.0
9713,Country_00038,I Still Miss Someone,Johnny Cash,Country,0.125,1.6271,0.0,0.0,0.0,0.0,0.0
9714,Country_00039,I Wish I Was Crazy Again,Johnny Cash,Country,0.0909,1.5477,0.0,0.0,0.0,0.0,0.0
38423,Country_00040,A Backstage Pass,Johnny Cash,Country,0.303,1.8424,0.0,0.0,0.0,0.0,0.0
38424,Country_00041,A Half A Mile A Day,Johnny Cash,Country,0.5,1.5057,0.0,0.0,0.0,0.0,0.0
38425,Country_00042,A Singer Of Songs,Johnny Cash,Country,0.2857,1.2885,0.0,0.0,0.0,0.0,0.0
38426,Country_00043,A Thing Called Love,Johnny Cash,Country,0.6471,1.3062,0.0,0.0,0.0,0.0,0.0
38427,Country_00044,Abner Brown,Johnny Cash,Country,0.0556,1.3637,0.0,0.0,0.0,0.0,0.0
38429,Country_00045,After All,Johnny Cash,Country,0.4231,1.5543,0.0,0.0,0.0,0.0,0.0
38430,Country_00046,After Taxes,Johnny Cash,Country,0.1875,1.3453,0.0,0.0,0.0,0.0,0.0
38431,Country_00047,All I Do Is Drive,Johnny Cash,Country,0.35,1.5346,0.0,0.0,0.0,0.0,0.0
38432,Country_00048,All Of God's Children Ain't Free,Johnny Cash,Country,0.1111,1.6543,0.0,0.0,0.0,0.0,0.0
38433,Country_00049,All Over Again,Johnny Cash,Country,0.75,1.4774,0.0,0.0,0.0,0.0,0.0
38435,Country_00050,As Long As The Grass Shall Grow,Johnny Cash,Country,0.0732,1.6872,0.0,0.0,0.0,0.0,0.0
38437,Country_00051,Ballad Of A Teenage Queen,Johnny Cash,Country,0.1111,1.4295,0.0,0.0,0.0,0.0,0.0
38438,Country_00052,Banks Of The Ohio,Johnny Cash,Country,0.4444,1.5537,0.0,0.0,0.0,0.0,0.0
38439,Country_00053,Belshazzar,Johnny Cash,Country,0.2222,1.7597,0.0,0.0,0.0,0.0,0.0
38440,Country_00054,Big River,Johnny Cash,Country,0.3,1.4829,0.0,0.0,0.0,0.0,0.0
38441,Country_00055,Bird On A Wire,Johnny Cash,Country,0.2609,1.3196,0.0,0.0,0.0,0.0,0.0
38442,Country_00056,Blistered,Johnny Cash,Country,0.2917,1.4933,0.0,0.0,0.0,0.0,0.0
38443,Country_00057,Bonanza,Johnny Cash,Country,0.5,1.6946,0.0,0.0,0.0,0.0,0.0
38444,Country_00058,Born To Loose,Johnny Cash,Country,0.3333,1.5213,0.0,0.0,0.0,0.0,0.0
38446,Country_00059,Brand New Dance (featuring June Carter),Johnny Cash,Country,0.2727,1.4786,0.0,0.0,0.0,0.0,0.0
38447,Country_00060,Breaking Bread,Johnny Cash,Country,0.6364,1.678,0.0,0.0,0.0,0.0,0.0
38448,Country_00061,Brown-eyed Handsome Man,Johnny Cash,Country,0.4167,1.5792,0.0,0.0,0.0,0.0,0.0
38449,Country_00062,Bury Me Not On The Lone Prairie,Johnny Cash,Country,0.1667,1.4542,0.0,0.0,0.0,0.0,0.0
38450,Country_00063,Call Daddy From The Mines,Johnny Cash,Country,0.1176,1.4395,0.0,0.0,0.0,0.0,0.0
38451,Country_00064,Call Me The Breeze,Johnny Cash,Country,0.5758,1.4566,0.0,0.0,0.0,0.0,0.0
38452,Country_00065,Casey's Last Ride,Johnny Cash,Country,0.0833,1.7003,0.0,0.0,0.0,0.0,0.0
38453,Country_00066,Cat's In The Cradle,Johnny Cash,Country,0.2653,1.2851,0.0,0.0,0.0,0.0,0.0
38454,Country_00067,'Cause I Love You,Johnny Cash,Country,0.35,1.4667,0.0,0.0,0.0,0.0,0.0
38455,Country_00068,Chattanooga Sugarbabe,Johnny Cash,Country,0.6129,1.5707,0.0,0.0,0.0,0.0,0.0
38456,Country_00069,Children Go Where I Send Thee,Johnny Cash,Country,0.6939,1.3446,0.0,0.0,0.0,0.0,0.0
38458,Country_00070,City Jail,Johnny Cash,Country,0.1081,1.5053,0.0,0.0,0.0,0.0,0.0
38461,Country_00071,"Cold, Cold, Heart",Johnny Cash,Country,0.3077,1.3974,0.0,0.0,0.0,0.0,0.0
38463,Country_00072,Cold Shoulder,Johnny Cash,Country,0.7143,1.4711,0.0,0.0,0.0,0.0,0.0
38464,Country_00073,Come In Stranger,Johnny Cash,Country,0.1923,1.475,0.0,0.0,0.0,0.0,0.0
38465,Country_00074,Come Take A Trip In My Airship,Johnny Cash,Country,0.125,1.3906,0.0,0.0,0.0,0.0,0.0
38466,Country_00075,Country Boy,Johnny Cash,Country,0.069,1.2336,0.0,0.0,0.0,0.0,0.0
38467,Country_00076,Country Trash,Johnny Cash,Country,0.2692,1.4901,0.0,0.0,0.0,0.0,0.0
38468,Country_00077,Crazy Old Soldier-(w Ray Charles),Johnny Cash,Country,0.4412,1.548,0.0,0.0,0.0,0.0,0.0
38469,Country_00078,Custer,Johnny Cash,Country,0.44,1.9491,0.0,0.0,0.0,0.0,0.0
38470,Country_00079,Daddy Sang Bass,Johnny Cash,Country,0.5588,1.4211,0.0,0.0,0.0,0.0,0.0
38473,Country_00080,Darlin' Companion,Johnny Cash,Country,0.8889,1.6233,0.0,0.0,0.0,0.0,0.0
38474,Country_00081,Delia's Gone,Johnny Cash,Country,0.3333,1.4329,0.0,0.0,0.0,0.0,0.0
38476,Country_00082,Dirty Old Egg Suckin Dog,Johnny Cash,Country,0.25,1.5146,0.0,0.0,0.0,0.0,0.0
38478,Country_00083,Don't Take Your Guns To Town,Johnny Cash,Country,0.3409,1.3591,0.0,0.0,0.0,0.0,0.0
38479,Country_00084,"Don't Think Twice, It's Alright",Johnny Cash,Country,0.125,1.3964,0.0,0.0,0.0,0.0,0.0
38480,Country_00085,Doo Lord,Johnny Cash,Country,0.9333,1.5476,0.0,0.0,0.0,0.0,0.0
38481,Country_00086,Dorraine Of Ponchartrain,Johnny Cash,Country,0.1333,1.7664,0.0,0.0,0.0,0.0,0.0
38482,Country_00087,Down The Line,Johnny Cash,Country,0.5517,1.0964,0.0,0.0,0.0,0.0,0.0
38484,Country_00088,Drink To Me,Johnny Cash,Country,0.2,1.2992,0.0,0.0,0.0,0.0,0.0
38485,Country_00089,Drums,Johnny Cash,Country,0.1538,1.4941,0.0,0.0,0.0,0.0,0.0
38487,Country_00090,Farmer's Almanac,Johnny Cash,Country,0.102,1.533,0.0,0.0,0.0,0.0,0.0
38488,Country_00091,Father And Son,Johnny Cash,Country,0.32,1.4127,0.0,0.0,0.0,0.0,0.0
38489,Country_00092,Field Of Diamonds,Johnny Cash,Country,0.5,1.3522,0.0,0.0,0.0,0.0,0.0
38490,Country_00093,First Time Ever I Saw Your Face,Johnny Cash,Country,0.1538,1.2423,0.0,0.0,0.0,0.0,0.0
38491,Country_00094,Flowers On The Wall,Johnny Cash,Country,0.4615,1.687,0.0,0.0,0.0,0.0,0.0
38492,Country_00095,Flushed From The Bathroom Of Your Heart,Johnny Cash,Country,0.1429,1.6881,0.0,0.0,0.0,0.0,0.0
38493,Country_00096,For You (feat. Dave Matthews),Johnny Cash,Country,0.5,1.5541,0.0,0.0,0.0,0.0,0.0
38495,Country_00097,Four Strong Winds,Johnny Cash,Country,0.2,1.4613,0.0,0.0,0.0,0.0,0.0
38498,Country_00098,Funny How Time Slips Away,Johnny Cash,Country,0.1176,1.3471,0.0,0.0,0.0,0.0,0.0
38499,Country_00099,Further On Up The Road,Johnny Cash,Country,0.4167,1.2328,0.0,0.0,0.0,0.0,0.0
38501,Country_00100,Get Rhythm,Johnny Cash,Country,0.4444,1.269,0.0,0.0,0.0,0.0,0.0
38502,Country_00101,Ghost Riders In The Sky,Johnny Cash,Country,0.2222,1.3926,0.0,0.0,0.0,0.0,0.0
38504,Country_00102,Girl From The North Country,Johnny Cash,Country,0.4,1.6208,0.0,0.0,0.0,0.0,0.0
38505,Country_00103,Girl From The North Country-(w Bob Dylan),Johnny Cash,Country,0.6458,1.6061,0.0,0.0,0.0,0.0,0.0
38506,Country_00104,Girl In Saskatoon,Johnny Cash,Country,0.0833,1.6773,0.0,0.0,0.0,0.0,0.0
38508,Country_00105,God Must Have My Fortune Laid Away,Johnny Cash,Country,0.1333,1.5949,0.0,0.0,0.0,0.0,0.0
38509,Country_00106,God's Gonna Cut You Down,Johnny Cash,Country,0.75,1.3017,0.0,0.0,0.0,0.0,0.0
38510,Country_00107,"Green, Green Grass Of Home",Johnny Cash,Country,0.2083,1.2993,0.0,0.0,0.0,0.0,0.0
38511,Country_00108,Green Grow The Lilacs,Johnny Cash,Country,0.5833,1.5799,0.0,0.0,0.0,0.0,0.0
38512,Country_00109,Hank And Joe And Me,Johnny Cash,Country,0.3784,1.3248,0.0,0.0,0.0,0.0,0.0
38514,Country_00110,Hark The Herald Angels Sing,Johnny Cash,Country,0.3636,1.4439,0.0,0.0,0.0,0.0,0.0
38515,Country_00111,Harley,Johnny Cash,Country,0.1765,1.8521,0.0,0.0,0.0,0.0,0.0
38516,Country_00112,Have Thine Own Way Lord,Johnny Cash,Country,0.25,1.5063,0.0,0.0,0.0,0.0,0.0
38517,Country_00113,He Stopped Loving Her Today,Johnny Cash,Country,0.2759,1.5437,0.0,0.0,0.0,0.0,0.0
38518,Country_00114,Heart Of Gold,Johnny Cash,Country,0.5789,1.4298,0.0,0.0,0.0,0.0,0.0
38519,Country_00115,Heavy Metal (Don't Mean Rock And Roll To Me),Johnny Cash,Country,0.4286,1.423,0.0,0.0,0.0,0.0,0.0
38521,Country_00116,Hey Good Lookin',Johnny Cash,Country,0.25,1.5045,0.0,0.0,0.0,0.0,0.0
38522,Country_00117,Hidden Shame,Johnny Cash,Country,0.3846,1.5821,0.0,0.0,0.0,0.0,0.0
38523,Country_00118,Highway Patrolman,Johnny Cash,Country,0.2105,1.4928,0.0,0.0,0.0,0.0,0.0
38525,Country_00119,Hit The Road And Go,Johnny Cash,Country,0.1111,1.5716,0.0,0.0,0.0,0.0,0.0
38526,Country_00120,Home Of The Blues,Johnny Cash,Country,0.381,1.5139,0.0,0.0,0.0,0.0,0.0
38527,Country_00121,Honky-Tonk Girl,Johnny Cash,Country,0.1818,1.37,0.0,0.0,0.0,0.0,0.0
38528,Country_00122,Hurt,Johnny Cash,Country,0.2941,1.5637,0.0,0.0,0.0,0.0,0.0
38529,Country_00123,I Am A Pilgrim,Johnny Cash,Country,0.5,1.6432,0.0,0.0,0.0,0.0,0.0
38530,Country_00124,I Call Him,Johnny Cash,Country,0.1429,1.4073,0.0,0.0,0.0,0.0,0.0
38531,Country_00125,I Came To Believe,Johnny Cash,Country,0.4375,1.725,0.0,0.0,0.0,0.0,0.0
38532,Country_00126,I Can't Help It (If I'm Still In Love With You),Johnny Cash,Country,0.2727,1.3864,0.0,0.0,0.0,0.0,0.0
38533,Country_00127,I Could Never Be Ashamed Of You,Johnny Cash,Country,0.1818,1.7551,0.0,0.0,0.0,0.0,0.0
38534,Country_00128,I Don't Know Where I'm Bound,Johnny Cash,Country,0.2889,1.3255,0.0,0.0,0.0,0.0,0.0
38535,Country_00129,I Drove Her Out Of My Mind,Johnny Cash,Country,0.2759,1.6034,0.0,0.0,0.0,0.0,0.0
38536,Country_00130,I Feel Better All Over,Johnny Cash,Country,0.1429,1.6049,0.0,0.0,0.0,0.0,0.0
38537,Country_00131,I Got Shoes,Johnny Cash,Country,0.32,1.4778,0.0,0.0,0.0,0.0,0.0
38538,Country_00132,I Got Stripes,Johnny Cash,Country,0.7805,1.6524,0.0,0.0,0.0,0.0,0.0
38539,Country_00133,I Heard That Lonesome Whistle Blow,Johnny Cash,Country,0.25,1.55,0.0,0.0,0.0,0.0,0.0
38540,Country_00134,I Heard The Bells On Christmas Day,Johnny Cash,Country,0.375,1.4264,0.0,0.0,0.0,0.0,0.0
38541,Country_00135,I Hung My Head,Johnny Cash,Country,0.2941,1.3664,0.0,0.0,0.0,0.0,0.0
38543,Country_00136,I Love You Because,Johnny Cash,Country,0.1765,1.5735,0.0,0.0,0.0,0.0,0.0
38544,Country_00137,I Never Picked Cotton,Johnny Cash,Country,0.0857,1.6005,0.0,0.0,0.0,0.0,0.0
38545,Country_00138,I Ride An Old Paint,Johnny Cash,Country,0.3333,1.4045,0.0,0.0,0.0,0.0,0.0
38546,Country_00139,I Saw A Man,Johnny Cash,Country,0.4571,1.2857,0.0,0.0,0.0,0.0,0.0
38547,Country_00140,I See A Darkness,Johnny Cash,Country,0.2759,1.6149,0.0,0.0,0.0,0.0,0.0
38548,Country_00141,I Talk To Jesus Every Day,Johnny Cash,Country,0.1538,1.7206,0.0,0.0,0.0,0.0,0.0
38550,Country_00142,I Walk The Line,Johnny Cash,Country,0.55,1.2308,0.0,0.0,0.0,0.0,0.0
38551,Country_00143,I Want To Go Home,Johnny Cash,Country,0.25,1.2821,0.0,0.0,0.0,0.0,0.0
38552,Country_00144,I Wanted So,Johnny Cash,Country,0.1176,1.4605,0.0,0.0,0.0,0.0,0.0
38554,Country_00145,I Won't Back Down,Johnny Cash,Country,0.3158,1.3848,0.0,0.0,0.0,0.0,0.0
19137,Country_00146,Cold As You,Taylor Swift,Country,0.3077,1.6282,0.0,0.0,0.0,0.0,0.0
19138,Country_00147,Crazier,Taylor Swift,Country,0.3793,1.4744,0.0,0.0,0.0,0.0,0.0
19139,Country_00148,Everything Has Changed,Taylor Swift,Country,0.5319,1.4686,0.0,0.0,0.0,0.0,0.0
19140,Country_00149,Fifteen,Taylor Swift,Country,0.2295,1.5213,0.0,0.0,0.0,0.0,0.0
19141,Country_00150,Hey Stephen,Taylor Swift,Country,0.4717,1.4279,0.0,0.0,0.0,0.0,0.0
19142,Country_00151,I Knew You Were Trouble,Taylor Swift,Country,0.5538,1.5608,0.0,0.0,0.0,0.0,0.0
19143,Country_00152,Jump Then Fall,Taylor Swift,Country,0.3778,1.3683,0.0,0.0,0.0,0.0,0.0
19144,Country_00153,Last Kiss,Taylor Swift,Country,0.3175,1.4798,0.0,0.0,0.0,0.0,0.0
19145,Country_00154,Live For The Little Things,Taylor Swift,Country,0.5,1.4823,0.0,0.0,0.0,0.0,0.0
19146,Country_00155,Long Live,Taylor Swift,Country,0.3231,1.6071,0.0,0.0,0.0,0.0,0.0
19147,Country_00156,Love Story,Taylor Swift,Country,0.0851,1.4869,0.0,0.0,0.0,0.0,0.0
19148,Country_00157,Mean,Taylor Swift,Country,0.3704,1.4099,0.0,0.0,0.0,0.0,0.0
19149,Country_00158,Ours,Taylor Swift,Country,0.3125,1.5083,0.0,0.0,0.0,0.0,0.0
19150,Country_00159,Sad Beautiful Tragic,Taylor Swift,Country,0.2727,1.7146,0.0,0.0,0.0,0.0,0.0
19151,Country_00160,Santa Baby,Taylor Swift,Country,0.1667,1.7116,0.0,0.0,0.0,0.0,0.0
19152,Country_00161,Stay Stay Stay,Taylor Swift,Country,0.45,1.3179,0.0,0.0,0.0,0.0,0.0
19153,Country_00162,Superman,Taylor Swift,Country,0.3585,1.4521,0.0,0.0,0.0,0.0,0.0
19154,Country_00163,Superstar,Taylor Swift,Country,0.525,1.6804,0.0,0.0,0.0,0.0,0.0
19155,Country_00164,Sweeter Than Fiction,Taylor Swift,Country,0.4754,1.5445,0.0,0.0,0.0,0.0,0.0
19156,Country_00165,Teardrops On My Guitar,Taylor Swift,Country,0.3214,1.437,0.0,0.0,0.0,0.0,0.0
19157,Country_00166,Tell Me Why,Taylor Swift,Country,0.3,1.418,0.0,0.0,0.0,0.0,0.0
19158,Country_00167,The Best Day,Taylor Swift,Country,0.0377,1.3899,0.0,0.0,0.0,0.0,0.0
19159,Country_00168,The Last Time,Taylor Swift,Country,0.4468,1.3696,0.0,0.0,0.0,0.0,0.0
19160,Country_00169,Treacherous,Taylor Swift,Country,0.5455,1.5946,0.0,0.0,0.0,0.0,0.0
19162,Country_00170,Untouchable,Taylor Swift,Country,0.7442,1.4207,0.0,0.0,0.0,0.0,0.0
19163,Country_00171,We Are Never Ever Getting Back Together,Taylor Swift,Country,0.325,1.5421,0.0,0.0,0.0,0.0,0.0
19164,Country_00172,You Belong With Me,Taylor Swift,Country,0.2759,1.5117,0.0,0.0,0.0,0.0,0.0
52733,Country_00173,22,Taylor Swift,Country,0.5227,1.4002,0.0,0.0,0.0,0.0,0.0
52734,Country_00174,A Perfectly Good Heart,Taylor Swift,Country,0.6923,1.4104,0.0,0.0,0.0,0.0,0.0
52735,Country_00175,A Place In This World,Taylor Swift,Country,0.4118,1.3221,0.0,0.0,0.0,0.0,0.0
52736,Country_00176,All Too Well,Taylor Swift,Country,0.0435,1.6052,0.0,0.0,0.0,0.0,0.0
52737,Country_00177,Back to December,Taylor Swift,Country,0.2979,1.5403,0.0,0.0,0.0,0.0,0.0
52738,Country_00178,Beautiful Eyes,Taylor Swift,Country,0.1429,1.4976,0.0,0.0,0.0,0.0,0.0
52739,Country_00179,Bette Davis Eyes,Taylor Swift,Country,0.4884,1.4523,0.0,0.0,0.0,0.0,0.0
52740,Country_00180,Breathe,Taylor Swift,Country,0.6909,1.6519,0.0,0.0,0.0,0.0,0.0
52741,Country_00181,Breathless,Taylor Swift,Country,0.5294,1.4479,0.0,0.0,0.0,0.0,0.0
52742,Country_00182,Change,Taylor Swift,Country,0.0571,1.771,0.0,0.0,0.0,0.0,0.0
52743,Country_00183,Christmas Must Be Something More,Taylor Swift,Country,0.5581,1.8131,0.0,0.0,0.0,0.0,0.0
52744,Country_00184,Christmases When You Were Mine,Taylor Swift,Country,0.1481,1.8173,0.0,0.0,0.0,0.0,0.0
52745,Country_00185,Come Back... Be Here,Taylor Swift,Country,0.3864,1.3144,0.0,0.0,0.0,0.0,0.0
52746,Country_00186,Come In With The Rain,Taylor Swift,Country,0.4865,1.3068,0.0,0.0,0.0,0.0,0.0
52747,Country_00187,Dear John,Taylor Swift,Country,0.1707,1.4477,0.0,0.0,0.0,0.0,0.0
52748,Country_00188,Down To The Mountain,Taylor Swift,Country,0.1333,1.6933,0.0,0.0,0.0,0.0,0.0
52749,Country_00189,Enchanted,Taylor Swift,Country,0.5319,1.7005,0.0,0.0,0.0,0.0,0.0
52750,Country_00190,Eyes Open,Taylor Swift,Country,0.3061,1.8101,0.0,0.0,0.0,0.0,0.0
52751,Country_00191,Fearless,Taylor Swift,Country,0.1562,1.5234,0.0,0.0,0.0,0.0,0.0
52752,Country_00192,Foever And Always,Taylor Swift,Country,0.2381,1.7547,0.0,0.0,0.0,0.0,0.0
52753,Country_00193,Forever And Always,Taylor Swift,Country,0.3409,1.7693,0.0,0.0,0.0,0.0,0.0
52754,Country_00194,Girl At Home,Taylor Swift,Country,0.7037,1.8747,0.0,0.0,0.0,0.0,0.0
52755,Country_00195,Haunted,Taylor Swift,Country,0.5111,1.5464,0.0,0.0,0.0,0.0,0.0
52756,Country_00196,I Heart ?,Taylor Swift,Country,0.3469,1.4295,0.0,0.0,0.0,0.0,0.0
52757,Country_00197,If This Was A Movie,Taylor Swift,Country,0.4074,1.4,0.0,0.0,0.0,0.0,0.0
52758,Country_00198,I'm Only Me When I'm With You,Taylor Swift,Country,0.2105,1.4334,0.0,0.0,0.0,0.0,0.0
52759,Country_00199,Innocent,Taylor Swift,Country,0.383,1.6223,0.0,0.0,0.0,0.0,0.0
52760,Country_00200,Invisible,Taylor Swift,Country,0.2414,1.7285,0.0,0.0,0.0,0.0,0.0
52761,Country_00201,Last Christmas,Taylor Swift,Country,0.5227,1.4205,0.0,0.0,0.0,0.0,0.0
52762,Country_00202,Mine,Taylor Swift,Country,0.2041,1.5707,0.0,0.0,0.0,0.0,0.0
52763,Country_00203,Never Grow Up,Taylor Swift,Country,0.4098,1.5055,0.0,0.0,0.0,0.0,0.0
52764,Country_00204,Our Last Night,Taylor Swift,Country,0.3043,1.5071,0.0,0.0,0.0,0.0,0.0
52765,Country_00205,Our Song,Taylor Swift,Country,0.4,1.359,0.0,0.0,0.0,0.0,0.0
52766,Country_00206,Picture To Burn,Taylor Swift,Country,0.5789,1.5974,0.0,0.0,0.0,0.0,0.0
52767,Country_00207,Red,Taylor Swift,Country,0.2821,1.5708,0.0,0.0,0.0,0.0,0.0
52768,Country_00208,Ronan,Taylor Swift,Country,0.3846,1.5628,0.0,0.0,0.0,0.0,0.0
52769,Country_00209,Silent Night,Taylor Swift,Country,0.5417,1.8285,0.0,0.0,0.0,0.0,0.0
52770,Country_00210,Somebody To Hold,Taylor Swift,Country,0.6721,1.5587,0.0,0.0,0.0,0.0,0.0
52771,Country_00211,Sparks Fly,Taylor Swift,Country,0.4615,1.5293,0.0,0.0,0.0,0.0,0.0
52772,Country_00212,Speak Now,Taylor Swift,Country,0.4915,1.3754,0.0,0.0,0.0,0.0,0.0
52773,Country_00213,Starlight,Taylor Swift,Country,0.661,1.572,0.0,0.0,0.0,0.0,0.0
52774,Country_00214,Storty Of Us,Taylor Swift,Country,0.5417,1.5444,0.0,0.0,0.0,0.0,0.0
52775,Country_00215,Story Of Us,Taylor Swift,Country,0.3191,1.5106,0.0,0.0,0.0,0.0,0.0
52776,Country_00216,The Jokes,Taylor Swift,Country,0.7761,1.9912,0.0,0.0,0.0,0.0,0.0
52777,Country_00217,The Lucky One,Taylor Swift,Country,0.45,1.5239,0.0,0.0,0.0,0.0,0.0
52778,Country_00218,The Moment I Knew,Taylor Swift,Country,0.371,1.5917,0.0,0.0,0.0,0.0,0.0
52779,Country_00219,The Other Side Of The Door,Taylor Swift,Country,0.3125,1.5337,0.0,0.0,0.0,0.0,0.0
52780,Country_00220,The Way I Loved You,Taylor Swift,Country,0.3659,1.7663,0.0,0.0,0.0,0.0,0.0
52781,Country_00221,Tim McGraw,Taylor Swift,Country,0.5273,1.3958,0.0,0.0,0.0,0.0,0.0
52782,Country_00222,Today Was A Fairytale,Taylor Swift,Country,0.7037,1.8056,0.0,0.0,0.0,0.0,0.0
52783,Country_00223,White Christmas,Taylor Swift,Country,0.7143,1.5429,0.0,0.0,0.0,0.0,0.0
52784,Country_00224,White Horse,Taylor Swift,Country,0.2667,1.4731,0.0,0.0,0.0,0.0,0.0
52785,Country_00225,Wildest Dreams,Taylor Swift,Country,0.6275,1.5293,0.0,0.0,0.0,0.0,0.0
4257,Country_00226,A Christmas To Remember,Dolly Parton,Country,0.3659,1.8605,0.0,0.0,0.0,0.0,0.0
4258,Country_00227,A Few Old Memories,Dolly Parton,Country,0.5161,1.6403,0.0,0.0,0.0,0.0,0.0
4259,Country_00228,A Lil' Ole Bitty Pissant Country Place,Dolly Parton,Country,0.2763,1.5825,0.0,0.0,0.0,0.0,0.0
4260,Country_00229,Act Like A Fool,Dolly Parton,Country,0.2692,1.2385,0.0,0.0,0.0,0.0,0.0
4261,Country_00230,Afraid To Live And Afraid Of Dying,Dolly Parton,Country,0.4118,1.4014,0.0,0.0,0.0,0.0,0.0
4262,Country_00231,Afraid To Love Again,Dolly Parton,Country,0.3077,1.4656,0.0,0.0,0.0,0.0,0.0
4263,Country_00232,After The Goldrush,Dolly Parton,Country,0.2222,1.7063,0.0,0.0,0.0,0.0,0.0
4264,Country_00233,Alabama Sundown,Dolly Parton,Country,0.1,1.6096,0.0,0.0,0.0,0.0,0.0
4265,Country_00234,All I Can Do,Dolly Parton,Country,0.5172,1.3845,0.0,0.0,0.0,0.0,0.0
4266,Country_00235,All I Need Is You,Dolly Parton,Country,0.3,1.5053,0.0,0.0,0.0,0.0,0.0
4267,Country_00236,Almost In Love,Dolly Parton,Country,0.5676,1.3775,0.0,0.0,0.0,0.0,0.0
4269,Country_00237,Amazing Grace,Dolly Parton,Country,0.3913,1.5131,0.0,0.0,0.0,0.0,0.0
4270,Country_00238,Appalachian Memories,Dolly Parton,Country,0.2059,1.5926,0.0,0.0,0.0,0.0,0.0
4271,Country_00239,Applejack,Dolly Parton,Country,0.6061,1.6437,0.0,0.0,0.0,0.0,0.0
4272,Country_00240,As Long As I Love,Dolly Parton,Country,0.3,1.3283,0.0,0.0,0.0,0.0,0.0
4273,Country_00241,As Much As Always,Dolly Parton,Country,0.4545,1.3429,0.0,0.0,0.0,0.0,0.0
4274,Country_00242,As Soon As I Touched Him,Dolly Parton,Country,0.3548,1.3651,0.0,0.0,0.0,0.0,0.0
4275,Country_00243,Baby Come Out Tonight,Dolly Parton,Country,0.2273,1.3681,0.0,0.0,0.0,0.0,0.0
4276,Country_00244,Baby Sister,Dolly Parton,Country,0.6923,1.4168,0.0,0.0,0.0,0.0,0.0
4277,Country_00245,Back Home,Dolly Parton,Country,0.3929,1.2889,0.0,0.0,0.0,0.0,0.0
4278,Country_00246,Before I Met You,Dolly Parton,Country,0.7059,1.1745,0.0,0.0,0.0,0.0,0.0
4279,Country_00247,Before Our Weakness Gets To Strong,Dolly Parton,Country,0.2667,1.4284,0.0,0.0,0.0,0.0,0.0
4280,Country_00248,Blowin' In The Wind,Dolly Parton,Country,0.3667,1.4944,0.0,0.0,0.0,0.0,0.0
4281,Country_00249,Book Of Life,Dolly Parton,Country,0.4444,1.2782,0.0,0.0,0.0,0.0,0.0
4282,Country_00250,Brave Little Soldier,Dolly Parton,Country,0.5581,1.5556,0.0,0.0,0.0,0.0,0.0
4283,Country_00251,Chas,Dolly Parton,Country,0.1,1.278,0.0,0.0,0.0,0.0,0.0
4284,Country_00252,Chicken Every Sunday,Dolly Parton,Country,0.3462,1.5607,0.0,0.0,0.0,0.0,0.0
4285,Country_00253,Christmas Without You,Dolly Parton,Country,0.617,1.4332,0.0,0.0,0.0,0.0,0.0
4286,Country_00254,Coat Of Many Colors,Dolly Parton,Country,0.1111,1.4969,0.0,0.0,0.0,0.0,0.0
4287,Country_00255,Come Back To Me,Dolly Parton,Country,0.3889,1.3077,0.0,0.0,0.0,0.0,0.0
4288,Country_00256,Could I Have Your Autograph,Dolly Parton,Country,0.3548,1.6373,0.0,0.0,0.0,0.0,0.0
4289,Country_00257,Country Is As Country Does,Dolly Parton,Country,0.2553,1.5646,0.0,0.0,0.0,0.0,0.0
4290,Country_00258,Country Road,Dolly Parton,Country,0.3636,1.4439,0.0,0.0,0.0,0.0,0.0
4291,Country_00259,Crimson And Clover,Dolly Parton,Country,0.2778,1.6458,0.0,0.0,0.0,0.0,0.0
4292,Country_00260,D. I. V. O. R. C. E.,Dolly Parton,Country,0.4706,1.5174,0.0,0.0,0.0,0.0,0.0
4293,Country_00261,Do I Ever Cross Your Mind,Dolly Parton,Country,0.0952,1.5167,0.0,0.0,0.0,0.0,0.0
4294,Country_00262,Do You Hear The Robins Sing,Dolly Parton,Country,0.1333,1.7322,0.0,0.0,0.0,0.0,0.0
4295,Country_00263,Do You Think That Time Stands Still,Dolly Parton,Country,0.2667,1.2378,0.0,0.0,0.0,0.0,0.0
4296,Country_00264,Don't Call It Love,Dolly Parton,Country,0.5833,1.4929,0.0,0.0,0.0,0.0,0.0
4297,Country_00265,Down On Music Row,Dolly Parton,Country,0.283,1.5142,0.0,0.0,0.0,0.0,0.0
4298,Country_00266,Dr. Robert F. Thomas,Dolly Parton,Country,0.4211,1.6649,0.0,0.0,0.0,0.0,0.0
4299,Country_00267,Dump The Dude,Dolly Parton,Country,0.3488,1.4352,0.0,0.0,0.0,0.0,0.0
4300,Country_00268,Eagle When She Flies,Dolly Parton,Country,0.2414,1.4655,0.0,0.0,0.0,0.0,0.0
4301,Country_00269,Early Morning Breeze,Dolly Parton,Country,0.375,1.756,0.0,0.0,0.0,0.0,0.0
4302,Country_00270,Elusive Butterfly,Dolly Parton,Country,0.4286,1.756,0.0,0.0,0.0,0.0,0.0
4303,Country_00271,Falling Out Of Love With Me,Dolly Parton,Country,0.2941,1.4249,0.0,0.0,0.0,0.0,0.0
4304,Country_00272,Family,Dolly Parton,Country,0.2273,1.9242,0.0,0.0,0.0,0.0,0.0
4305,Country_00273,Fuel To The Flame,Dolly Parton,Country,0.1852,1.6352,0.0,0.0,0.0,0.0,0.0
4306,Country_00274,Gamble Either Way,Dolly Parton,Country,0.2927,1.4784,0.0,0.0,0.0,0.0,0.0
4307,Country_00275,Gettin' Happy,Dolly Parton,Country,0.3226,1.5715,0.0,0.0,0.0,0.0,0.0
4308,Country_00276,Getting In My Way,Dolly Parton,Country,0.55,1.5058,0.0,0.0,0.0,0.0,0.0
4309,Country_00277,Go Tell It On The Mountain,Dolly Parton,Country,0.4,1.4886,0.0,0.0,0.0,0.0,0.0
4310,Country_00278,Go To Hell,Dolly Parton,Country,0.1364,1.4754,0.0,0.0,0.0,0.0,0.0
4311,Country_00279,Golden Streets Of Glory,Dolly Parton,Country,0.7143,1.5371,0.0,0.0,0.0,0.0,0.0
4312,Country_00280,Hard Candy Christmas,Dolly Parton,Country,0.52,1.3727,0.0,0.0,0.0,0.0,0.0
4314,Country_00281,He Left Me Love,Dolly Parton,Country,0.3333,1.6,0.0,0.0,0.0,0.0,0.0
4315,Country_00282,He Would Know,Dolly Parton,Country,0.4231,1.2308,0.0,0.0,0.0,0.0,0.0
4316,Country_00283,Heartbreak Express,Dolly Parton,Country,0.087,1.514,0.0,0.0,0.0,0.0,0.0
4317,Country_00284,Heartbreaker,Dolly Parton,Country,0.3333,1.5692,0.0,0.0,0.0,0.0,0.0
4318,Country_00285,Heartsong,Dolly Parton,Country,0.0571,1.5981,0.0,0.0,0.0,0.0,0.0
4319,Country_00286,Heaven's Just A Prayer Away,Dolly Parton,Country,0.2778,1.4713,0.0,0.0,0.0,0.0,0.0
4321,Country_00287,I Dreamed Of A Hillbilly Heaven,Dolly Parton,Country,0.0952,1.6206,0.0,0.0,0.0,0.0,0.0
4322,Country_00288,I Just Might,Dolly Parton,Country,0.1176,1.3961,0.0,0.0,0.0,0.0,0.0
4323,Country_00289,I Know You By Heart,Dolly Parton,Country,0.45,1.499,0.0,0.0,0.0,0.0,0.0
4324,Country_00290,I Really Don't Want To Know,Dolly Parton,Country,0.4444,1.5648,0.0,0.0,0.0,0.0,0.0
29891,Country_00291,9 To 5,Dolly Parton,Country,0.5231,1.54,0.0,0.0,0.0,0.0,0.0
29892,Country_00292,A Better Place To Live,Dolly Parton,Country,0.5833,1.5458,0.0,0.0,0.0,0.0,0.0
29893,Country_00293,A Cowboy's Ways,Dolly Parton,Country,0.4242,1.5115,0.0,0.0,0.0,0.0,0.0
29894,Country_00294,A Habit I Can't Break,Dolly Parton,Country,0.3571,1.4776,0.0,0.0,0.0,0.0,0.0
29895,Country_00295,A Heartache Tonight,Dolly Parton,Country,0.2105,1.6561,0.0,0.0,0.0,0.0,0.0
29897,Country_00296,Baby I'm Burning,Dolly Parton,Country,0.5918,1.5425,0.0,0.0,0.0,0.0,0.0
29898,Country_00297,Backwoods Barbie,Dolly Parton,Country,0.1818,1.6162,0.0,0.0,0.0,0.0,0.0
29899,Country_00298,Ballad Of The Green Beret,Dolly Parton,Country,0.1,1.5033,0.0,0.0,0.0,0.0,0.0
29900,Country_00299,Banks Of The Ohio,Dolly Parton,Country,0.2581,1.4726,0.0,0.0,0.0,0.0,0.0
29901,Country_00300,Barbara On Your Mind,Dolly Parton,Country,0.36,1.576,0.0,0.0,0.0,0.0,0.0
29902,Country_00301,Beautiful Lie,Dolly Parton,Country,0.7,1.6542,0.0,0.0,0.0,0.0,0.0
29903,Country_00302,Because I Love You,Dolly Parton,Country,0.1538,1.4269,0.0,0.0,0.0,0.0,0.0
29904,Country_00303,Before The Next Teardrop Falls,Dolly Parton,Country,0.3462,1.5064,0.0,0.0,0.0,0.0,0.0
29905,Country_00304,Before You Make Up Your Mind,Dolly Parton,Country,0.5294,1.3674,0.0,0.0,0.0,0.0,0.0
29906,Country_00305,Behind Closed Doors,Dolly Parton,Country,0.4,1.39,0.0,0.0,0.0,0.0,0.0
29907,Country_00306,Best Woman Wins,Dolly Parton,Country,0.5405,1.2564,0.0,0.0,0.0,0.0,0.0
29908,Country_00307,Better Day,Dolly Parton,Country,0.1538,1.4359,0.0,0.0,0.0,0.0,0.0
29909,Country_00308,Better Get To Livin',Dolly Parton,Country,0.0364,1.6485,0.0,0.0,0.0,0.0,0.0
29910,Country_00309,Better Part Of Life,Dolly Parton,Country,0.4773,1.4602,0.0,0.0,0.0,0.0,0.0
29911,Country_00310,Big Wind,Dolly Parton,Country,0.2222,1.3382,0.0,0.0,0.0,0.0,0.0
29913,Country_00311,Blue Me,Dolly Parton,Country,0.1951,1.2966,0.0,0.0,0.0,0.0,0.0
29914,Country_00312,Blue Smoke,Dolly Parton,Country,0.6316,1.6135,0.0,0.0,0.0,0.0,0.0
29915,Country_00313,Blue Valley Songbird,Dolly Parton,Country,0.0513,1.6198,0.0,0.0,0.0,0.0,0.0
29916,Country_00314,Bluer Pastures,Dolly Parton,Country,0.2258,1.7151,0.0,0.0,0.0,0.0,0.0
29918,Country_00315,Both Sides Now,Dolly Parton,Country,0.1951,1.5996,0.0,0.0,0.0,0.0,0.0
29919,Country_00316,Boulder To Birmingham,Dolly Parton,Country,0.3478,1.454,0.0,0.0,0.0,0.0,0.0
29920,Country_00317,Bubbling Over,Dolly Parton,Country,0.381,1.5022,0.0,0.0,0.0,0.0,0.0
29921,Country_00318,Burning,Dolly Parton,Country,0.1364,1.4992,0.0,0.0,0.0,0.0,0.0
29922,Country_00319,Busy Signal,Dolly Parton,Country,0.3448,1.3856,0.0,0.0,0.0,0.0,0.0
29923,Country_00320,But You Know I Love You,Dolly Parton,Country,0.4906,1.207,0.0,0.0,0.0,0.0,0.0
29924,Country_00321,But You Loved Me Then,Dolly Parton,Country,0.25,1.5573,0.0,0.0,0.0,0.0,0.0
29925,Country_00322,Butterflies,Dolly Parton,Country,0.2051,1.7761,0.0,0.0,0.0,0.0,0.0
29926,Country_00323,Calm On The Water,Dolly Parton,Country,0.4186,1.5876,0.0,0.0,0.0,0.0,0.0
29927,Country_00324,Cash On The Barrelhead,Dolly Parton,Country,0.0909,1.528,0.0,0.0,0.0,0.0,0.0
29928,Country_00325,Change,Dolly Parton,Country,0.1154,1.5035,0.0,0.0,0.0,0.0,0.0
29929,Country_00326,Closer By The Hour,Dolly Parton,Country,0.1538,1.4002,0.0,0.0,0.0,0.0,0.0
29930,Country_00327,Cologne,Dolly Parton,Country,0.3415,1.6045,0.0,0.0,0.0,0.0,0.0
29931,Country_00328,Comes And Goes,Dolly Parton,Country,0.4286,1.3681,0.0,0.0,0.0,0.0,0.0
29932,Country_00329,Crippled Bird,Dolly Parton,Country,0.4348,1.521,0.0,0.0,0.0,0.0,0.0
29933,Country_00330,"Cry, Cry Darlin'",Dolly Parton,Country,0.5,1.3796,0.0,0.0,0.0,0.0,0.0
29934,Country_00331,Daddy,Dolly Parton,Country,0.2,1.5873,0.0,0.0,0.0,0.0,0.0
29935,Country_00332,Daddy Was An Old Time Preacher Man,Dolly Parton,Country,0.2083,1.4965,0.0,0.0,0.0,0.0,0.0
29937,Country_00333,Daddy's Moonshine Still,Dolly Parton,Country,0.1224,1.5355,0.0,0.0,0.0,0.0,0.0
29939,Country_00334,Dagger Through The Heart,Dolly Parton,Country,0.5,1.5682,0.0,0.0,0.0,0.0,0.0
29940,Country_00335,Dark As A Dungeon,Dolly Parton,Country,0.4444,1.5111,0.0,0.0,0.0,0.0,0.0
29941,Country_00336,Deportee,Dolly Parton,Country,0.4333,1.8028,0.0,0.0,0.0,0.0,0.0
29942,Country_00337,Detroit City,Dolly Parton,Country,0.25,1.2604,0.0,0.0,0.0,0.0,0.0
29943,Country_00338,Dirty Job,Dolly Parton,Country,0.6316,2.0211,0.0,0.0,0.0,0.0,0.0
29944,Country_00339,Don't Drop Out,Dolly Parton,Country,0.1905,1.4762,0.0,0.0,0.0,0.0,0.0
29945,Country_00340,Don't Let It Trouble Your Mind,Dolly Parton,Country,0.4444,1.7414,0.0,0.0,0.0,0.0,0.0
29946,Country_00341,Don't Let Me Cross Over,Dolly Parton,Country,0.5294,1.4478,0.0,0.0,0.0,0.0,0.0
29947,Country_00342,Don't Think Twice,Dolly Parton,Country,0.25,1.4504,0.0,0.0,0.0,0.0,0.0
29948,Country_00343,Down,Dolly Parton,Country,0.4737,1.2632,0.0,0.0,0.0,0.0,0.0
29949,Country_00344,Down From Dover,Dolly Parton,Country,0.0606,1.6382,0.0,0.0,0.0,0.0,0.0
29950,Country_00345,Downtown,Dolly Parton,Country,0.4419,1.7228,0.0,0.0,0.0,0.0,0.0
29951,Country_00346,Dreams Do Come True,Dolly Parton,Country,0.2143,1.4167,0.0,0.0,0.0,0.0,0.0
29952,Country_00347,Drives Me Crazy,Dolly Parton,Country,0.1282,1.4922,0.0,0.0,0.0,0.0,0.0
29953,Country_00348,Dumb Blonde,Dolly Parton,Country,0.9062,1.2094,0.0,0.0,0.0,0.0,0.0
29954,Country_00349,Endless Stream Of Tears,Dolly Parton,Country,0.3226,1.5855,0.0,0.0,0.0,0.0,0.0
29955,Country_00350,Even A Fool Would Let Go,Dolly Parton,Country,0.4667,1.3689,0.0,0.0,0.0,0.0,0.0
29957,Country_00351,Feel's Like Home,Dolly Parton,Country,0.4483,1.2748,0.0,0.0,0.0,0.0,0.0
29959,Country_00352,Fish Out Of Water,Dolly Parton,Country,0.2931,1.6345,0.0,0.0,0.0,0.0,0.0
29961,Country_00353,From Here To The Moon And Back,Dolly Parton,Country,0.4167,1.3736,0.0,0.0,0.0,0.0,0.0
29962,Country_00354,Full Circle,Dolly Parton,Country,0.3929,1.5276,0.0,0.0,0.0,0.0,0.0
29963,Country_00355,Games People Play,Dolly Parton,Country,0.3243,1.5635,0.0,0.0,0.0,0.0,0.0
29964,Country_00356,"Gee, Ma, I Wanna Go Home",Dolly Parton,Country,0.5926,1.2263,0.0,0.0,0.0,0.0,0.0
29965,Country_00357,God Bless The U.S.A.,Dolly Parton,Country,0.575,1.45,0.0,0.0,0.0,0.0,0.0
29966,Country_00358,God's Coloring Book,Dolly Parton,Country,0.2727,1.642,0.0,0.0,0.0,0.0,0.0
29967,Country_00359,Great Balls Of Fire,Dolly Parton,Country,0.4524,1.3461,0.0,0.0,0.0,0.0,0.0
29968,Country_00360,Green-eyed Boy,Dolly Parton,Country,0.3,1.5579,0.0,0.0,0.0,0.0,0.0
29970,Country_00361,Hello God,Dolly Parton,Country,0.4127,1.6189,0.0,0.0,0.0,0.0,0.0
29971,Country_00362,Help,Dolly Parton,Country,0.8235,1.7196,0.0,0.0,0.0,0.0,0.0
29972,Country_00363,Here I Am,Dolly Parton,Country,0.6,1.338,0.0,0.0,0.0,0.0,0.0
29973,Country_00364,He's A Go Getter,Dolly Parton,Country,0.3684,1.3075,0.0,0.0,0.0,0.0,0.0
29974,Country_00365,He's Alive,Dolly Parton,Country,0.0649,1.7126,0.0,0.0,0.0,0.0,0.0
29975,Country_00366,"Hey, Lucky Lady",Dolly Parton,Country,0.5652,1.7828,0.0,0.0,0.0,0.0,0.0
29976,Country_00367,High And Mighty,Dolly Parton,Country,0.25,1.5708,0.0,0.0,0.0,0.0,0.0
29977,Country_00368,High Sierra,Dolly Parton,Country,0.6364,1.3712,0.0,0.0,0.0,0.0,0.0
29978,Country_00369,Highlight Of My Life,Dolly Parton,Country,0.6667,1.7365,0.0,0.0,0.0,0.0,0.0
29979,Country_00370,Hillbilly Willy,Dolly Parton,Country,0.2273,1.671,0.0,0.0,0.0,0.0,0.0
29980,Country_00371,Hold Fast To The Right,Dolly Parton,Country,0.1333,1.4011,0.0,0.0,0.0,0.0,0.0
29981,Country_00372,Hold Me,Dolly Parton,Country,0.4186,1.4087,0.0,0.0,0.0,0.0,0.0
29982,Country_00373,Holdin' On To Nothin',Dolly Parton,Country,0.5417,1.5125,0.0,0.0,0.0,0.0,0.0
29983,Country_00374,Holdin' On To You,Dolly Parton,Country,0.1905,1.4127,0.0,0.0,0.0,0.0,0.0
29984,Country_00375,Holding Everything,Dolly Parton,Country,0.1818,1.8859,0.0,0.0,0.0,0.0,0.0
29985,Country_00376,Hollywood Potters,Dolly Parton,Country,0.6452,1.9651,0.0,0.0,0.0,0.0,0.0
29986,Country_00377,Honky Tonk Songs,Dolly Parton,Country,0.4483,1.4514,0.0,0.0,0.0,0.0,0.0
29987,Country_00378,How Does It Feel,Dolly Parton,Country,0.303,1.6561,0.0,0.0,0.0,0.0,0.0
29988,Country_00379,How Great Thou Art,Dolly Parton,Country,0.4,1.2956,0.0,0.0,0.0,0.0,0.0
29989,Country_00380,Hungry Again,Dolly Parton,Country,0.3333,1.3921,0.0,0.0,0.0,0.0,0.0
29990,Country_00381,Hush-a-bye Hard Times,Dolly Parton,Country,0.75,1.3583,0.0,0.0,0.0,0.0,0.0
29991,Country_00382,I Am Ready,Dolly Parton,Country,0.4815,1.7284,0.0,0.0,0.0,0.0,0.0
29992,Country_00383,I Believe,Dolly Parton,Country,0.4,1.8942,0.0,0.0,0.0,0.0,0.0
29993,Country_00384,I Believe In Santa Claus,Dolly Parton,Country,0.5385,1.9798,0.0,0.0,0.0,0.0,0.0
29995,Country_00385,I Can't Be True,Dolly Parton,Country,0.5517,1.3783,0.0,0.0,0.0,0.0,0.0
29996,Country_00386,I Can't Help Myself,Dolly Parton,Country,0.2927,1.3752,0.0,0.0,0.0,0.0,0.0
29997,Country_00387,I Couldn't Wait Forever,Dolly Parton,Country,0.2692,1.5929,0.0,0.0,0.0,0.0,0.0
29998,Country_00388,I Don't Believe You've Met My Baby,Dolly Parton,Country,0.24,1.7673,0.0,0.0,0.0,0.0,0.0
29999,Country_00389,I Don't Trust Me Around You,Dolly Parton,Country,0.2667,1.5822,0.0,0.0,0.0,0.0,0.0
30000,Country_00390,I Don't Want You Around Me Anymore,Dolly Parton,Country,0.5,1.386,0.0,0.0,0.0,0.0,0.0
30001,Country_00391,I Forgot More Than You'll Ever Know,Dolly Parton,Country,0.2308,1.4423,0.0,0.0,0.0,0.0,0.0
30002,Country_00392,I Get A Kick Out Of You,Dolly Parton,Country,0.1176,1.4627,0.0,0.0,0.0,0.0,0.0
6479,Country_00393,A Friend To Me,Garth Brooks,Country,0.0769,1.6147,0.0,0.0,0.0,0.0,0.0
6481,Country_00394,Go Tell It On The Mountain,Garth Brooks,Country,0.5,1.6518,0.0,0.0,0.0,0.0,0.0
6482,Country_00395,Long Neck Bottle,Garth Brooks,Country,0.7241,1.5299,0.0,0.0,0.0,0.0,0.0
6483,Country_00396,Mom,Garth Brooks,Country,0.3448,1.3847,0.0,0.0,0.0,0.0,0.0
6484,Country_00397,Mr. Blue,Garth Brooks,Country,0.6765,1.2892,0.0,0.0,0.0,0.0,0.0
6485,Country_00398,Please Operator (Could You Trace This Call),Garth Brooks,Country,0.325,1.5598,0.0,0.0,0.0,0.0,0.0
6486,Country_00399,Same Old Story,Garth Brooks,Country,0.3462,1.6026,0.0,0.0,0.0,0.0,0.0
6487,Country_00400,Santa Looked A Lot Like Daddy,Garth Brooks,Country,0.2222,1.5185,0.0,0.0,0.0,0.0,0.0
6488,Country_00401,That Girl Is A Cowboy,Garth Brooks,Country,0.2222,1.6343,0.0,0.0,0.0,0.0,0.0
6489,Country_00402,That Ol' Wind,Garth Brooks,Country,0.0606,1.4657,0.0,0.0,0.0,0.0,0.0
6490,Country_00403,That Summer,Garth Brooks,Country,0.4444,1.5341,0.0,0.0,0.0,0.0,0.0
6491,Country_00404,The Beaches Of Cheyenne,Garth Brooks,Country,0.4,1.4864,0.0,0.0,0.0,0.0,0.0
6492,Country_00405,The Change,Garth Brooks,Country,0.525,1.4667,0.0,0.0,0.0,0.0,0.0
6494,Country_00406,The Dance,Garth Brooks,Country,0.3333,1.3774,0.0,0.0,0.0,0.0,0.0
6495,Country_00407,Victim Of The Game,Garth Brooks,Country,0.2222,1.6111,0.0,0.0,0.0,0.0,0.0
6496,Country_00408,Wrapped Up In You,Garth Brooks,Country,0.3,1.7133,0.0,0.0,0.0,0.0,0.0
33182,Country_00409,Against The Grain,Garth Brooks,Country,0.0976,1.6638,0.0,0.0,0.0,0.0,0.0
33183,Country_00410,Alabama Clay,Garth Brooks,Country,0.3103,1.4844,0.0,0.0,0.0,0.0,0.0
33184,Country_00411,American Honky-Tonk Bar Association,Garth Brooks,Country,0.2917,2.0546,0.0,0.0,0.0,0.0,0.0
33185,Country_00412,Anonymous,Garth Brooks,Country,0.1111,1.7873,0.0,0.0,0.0,0.0,0.0
33187,Country_00413,Burning Bridges,Garth Brooks,Country,0.5102,1.7595,0.0,0.0,0.0,0.0,0.0
33188,Country_00414,Call Me Claus,Garth Brooks,Country,0.3778,1.5508,0.0,0.0,0.0,0.0,0.0
33189,Country_00415,Callin Baton Rouge,Garth Brooks,Country,0.5,1.5902,0.0,0.0,0.0,0.0,0.0
33190,Country_00416,Cowboy Bill,Garth Brooks,Country,0.2958,1.5329,0.0,0.0,0.0,0.0,0.0
33191,Country_00417,Cowboy Cadillac,Garth Brooks,Country,0.5714,1.6683,0.0,0.0,0.0,0.0,0.0
33192,Country_00418,Cowboys And Angels,Garth Brooks,Country,0.48,1.5893,0.0,0.0,0.0,0.0,0.0
33193,Country_00419,Do What You Gotta Do,Garth Brooks,Country,0.1667,1.4061,0.0,0.0,0.0,0.0,0.0
33194,Country_00420,Every Now And Then,Garth Brooks,Country,0.3077,1.7199,0.0,0.0,0.0,0.0,0.0
33195,Country_00421,Fishin' In The Dark,Garth Brooks,Country,0.6,1.4059,0.0,0.0,0.0,0.0,0.0
33196,Country_00422,Fit For A King,Garth Brooks,Country,0.3333,1.5854,0.0,0.0,0.0,0.0,0.0
33197,Country_00423,Friends In Low Places,Garth Brooks,Country,0.5439,1.4684,0.0,0.0,0.0,0.0,0.0
33198,Country_00424,God Rest Ye Merry Gentlemen,Garth Brooks,Country,0.4118,1.5549,0.0,0.0,0.0,0.0,0.0
33199,Country_00425,Good Ride Cowboy,Garth Brooks,Country,0.3571,1.5031,0.0,0.0,0.0,0.0,0.0
33200,Country_00426,Hard Luck Woman,Garth Brooks,Country,0.65,1.3175,0.0,0.0,0.0,0.0,0.0
33201,Country_00427,How You Ever Gonna Know,Garth Brooks,Country,0.5,1.4319,0.0,0.0,0.0,0.0,0.0
33202,Country_00428,I Don't Have To Wonder,Garth Brooks,Country,0.0571,1.6157,0.0,0.0,0.0,0.0,0.0
33204,Country_00429,If Tomorrow Never Comes,Garth Brooks,Country,0.525,1.5904,0.0,0.0,0.0,0.0,0.0
33205,Country_00430,In Another's Eyes,Garth Brooks,Country,0.4419,1.6938,0.0,0.0,0.0,0.0,0.0
33206,Country_00431,In Lonesome Dove,Garth Brooks,Country,0.2609,1.6384,0.0,0.0,0.0,0.0,0.0
33207,Country_00432,It Don't Matter To The Sun,Garth Brooks,Country,0.1667,1.4687,0.0,0.0,0.0,0.0,0.0
33208,Country_00433,It's Midnight Cinderella,Garth Brooks,Country,0.4074,1.6936,0.0,0.0,0.0,0.0,0.0
33209,Country_00434,It's Your Song,Garth Brooks,Country,0.4878,1.515,0.0,0.0,0.0,0.0,0.0
33210,Country_00435,Last Night I Had The Strangest Dream,Garth Brooks,Country,0.1111,1.6481,0.0,0.0,0.0,0.0,0.0
33211,Country_00436,Learning To Live Again,Garth Brooks,Country,0.1818,1.3607,0.0,0.0,0.0,0.0,0.0
33212,Country_00437,Lost In You,Garth Brooks,Country,0.6389,1.6852,0.0,0.0,0.0,0.0,0.0
33214,Country_00438,Maybe,Garth Brooks,Country,0.6364,1.5337,0.0,0.0,0.0,0.0,0.0
33215,Country_00439,Meet Me In Love,Garth Brooks,Country,0.1429,1.6089,0.0,0.0,0.0,0.0,0.0
33216,Country_00440,More Than A Memory,Garth Brooks,Country,0.3333,1.546,0.0,0.0,0.0,0.0,0.0
33217,Country_00441,My Baby No Esta Aqui,Garth Brooks,Country,0.6154,1.8423,0.0,0.0,0.0,0.0,0.0
33218,Country_00442,Papa Loved Mama,Garth Brooks,Country,0.4444,1.6185,0.0,0.0,0.0,0.0,0.0
33219,Country_00443,People Loving People,Garth Brooks,Country,0.3714,1.8514,0.0,0.0,0.0,0.0,0.0
33220,Country_00444,Rodeo,Garth Brooks,Country,0.5079,1.3399,0.0,0.0,0.0,0.0,0.0
33221,Country_00445,Shameless,Garth Brooks,Country,0.0455,1.6201,0.0,0.0,0.0,0.0,0.0
33222,Country_00446,She's Every Woman,Garth Brooks,Country,0.2222,1.8432,0.0,0.0,0.0,0.0,0.0
33223,Country_00447,She's Gonna Make It,Garth Brooks,Country,0.4857,1.4505,0.0,0.0,0.0,0.0,0.0
33224,Country_00448,Silent Night,Garth Brooks,Country,0.5789,1.7491,0.0,0.0,0.0,0.0,0.0
33225,Country_00449,Silver Bells,Garth Brooks,Country,0.1333,1.7184,0.0,0.0,0.0,0.0,0.0
33226,Country_00450,Somewhere Other Than The Night,Garth Brooks,Country,0.5333,1.5911,0.0,0.0,0.0,0.0,0.0
33227,Country_00451,Squeeze Me In,Garth Brooks,Country,0.5345,1.4608,0.0,0.0,0.0,0.0,0.0
33228,Country_00452,Standing Outside The Fire,Garth Brooks,Country,0.0645,1.6769,0.0,0.0,0.0,0.0,0.0
33229,Country_00453,Take The Keys To My Heart,Garth Brooks,Country,0.3889,1.4394,0.0,0.0,0.0,0.0,0.0
33230,Country_00454,The Fever,Garth Brooks,Country,0.1389,1.504,0.0,0.0,0.0,0.0,0.0
33232,Country_00455,The Night Will Only Know,Garth Brooks,Country,0.0513,1.8953,0.0,0.0,0.0,0.0,0.0
33233,Country_00456,The Old Stuff,Garth Brooks,Country,0.1622,1.439,0.0,0.0,0.0,0.0,0.0
33234,Country_00457,The Red Strokes,Garth Brooks,Country,0.7,1.6962,0.0,0.0,0.0,0.0,0.0
33235,Country_00458,The River,Garth Brooks,Country,0.5319,1.5149,0.0,0.0,0.0,0.0,0.0
33236,Country_00459,The Storm,Garth Brooks,Country,0.3846,1.663,0.0,0.0,0.0,0.0,0.0
33237,Country_00460,The Thunder Rolls,Garth Brooks,Country,0.4783,1.5757,0.0,0.0,0.0,0.0,0.0
33238,Country_00461,"Two Of A Kind, Workin' On A Full House",Garth Brooks,Country,0.2368,1.4513,0.0,0.0,0.0,0.0,0.0
33239,Country_00462,Two Pina Coladas,Garth Brooks,Country,0.4167,1.5111,0.0,0.0,0.0,0.0,0.0
33240,Country_00463,Unanswered Prayers,Garth Brooks,Country,0.16,1.522,0.0,0.0,0.0,0.0,0.0
33241,Country_00464,What She's Doing Now,Garth Brooks,Country,0.3214,1.394,0.0,0.0,0.0,0.0,0.0
33242,Country_00465,When There's No One Around,Garth Brooks,Country,0.5135,1.4959,0.0,0.0,0.0,0.0,0.0
33243,Country_00466,Which One Of Them,Garth Brooks,Country,0.4,1.4163,0.0,0.0,0.0,0.0,0.0
33244,Country_00467,Wild As The Wind,Garth Brooks,Country,0.5556,1.2926,0.0,0.0,0.0,0.0,0.0
33245,Country_00468,Wild Horses,Garth Brooks,Country,0.4839,1.4631,0.0,0.0,0.0,0.0,0.0
33246,Country_00469,Wolves,Garth Brooks,Country,0.0667,1.5494,0.0,0.0,0.0,0.0,0.0
33247,Country_00470,You Can't Help Who You Love,Garth Brooks,Country,0.4828,1.5432,0.0,0.0,0.0,0.0,0.0
33248,Country_00471,You Move Me,Garth Brooks,Country,0.1463,1.3943,0.0,0.0,0.0,0.0,0.0
10298,Country_00472,A Lot Of Things Different,Kenny Chesney,Country,0.2143,1.4275,0.0,0.0,0.0,0.0,0.0
10299,Country_00473,Back Where I Come From,Kenny Chesney,Country,0.5,1.287,0.0,0.0,0.0,0.0,0.0
10300,Country_00474,Boats,Kenny Chesney,Country,0.2286,1.4467,0.0,0.0,0.0,0.0,0.0
10301,Country_00475,Don't Happen Twice,Kenny Chesney,Country,0.6875,1.4969,0.0,0.0,0.0,0.0,0.0
10302,Country_00476,Grandpa Told Me So,Kenny Chesney,Country,0.4545,1.451,0.0,0.0,0.0,0.0,0.0
10303,Country_00477,Guitars And Tiki Bars,Kenny Chesney,Country,0.6552,1.5264,0.0,0.0,0.0,0.0,0.0
10304,Country_00478,Hemingway's Whiskey,Kenny Chesney,Country,0.6316,1.713,0.0,0.0,0.0,0.0,0.0
10305,Country_00479,I Will Stand,Kenny Chesney,Country,0.2857,1.4333,0.0,0.0,0.0,0.0,0.0
10306,Country_00480,I'll Be Home For Christmas,Kenny Chesney,Country,0.4828,1.4464,0.0,0.0,0.0,0.0,0.0
10307,Country_00481,I'm A Small Town,Kenny Chesney,Country,0.4815,1.458,0.0,0.0,0.0,0.0,0.0
10308,Country_00482,I'm Alive,Kenny Chesney,Country,0.4348,1.5138,0.0,0.0,0.0,0.0,0.0
10309,Country_00483,In A Small Town,Kenny Chesney,Country,0.1429,1.4632,0.0,0.0,0.0,0.0,0.0
10310,Country_00484,In This Boat Alone,Kenny Chesney,Country,0.4524,1.5063,0.0,0.0,0.0,0.0,0.0
10311,Country_00485,Island Boy,Kenny Chesney,Country,0.55,1.5279,0.0,0.0,0.0,0.0,0.0
10312,Country_00486,It's Never Easy To Say Goodbye,Kenny Chesney,Country,0.6304,1.7802,0.0,0.0,0.0,0.0,0.0
10313,Country_00487,It's That Time Of Day,Kenny Chesney,Country,0.6863,1.3709,0.0,0.0,0.0,0.0,0.0
10314,Country_00488,Just A Kid,Kenny Chesney,Country,0.2703,1.4649,0.0,0.0,0.0,0.0,0.0
10315,Country_00489,Just Not Today,Kenny Chesney,Country,0.3125,1.5871,0.0,0.0,0.0,0.0,0.0
10316,Country_00490,Just Put A Ribbon In Your Hair,Kenny Chesney,Country,0.4333,1.6383,0.0,0.0,0.0,0.0,0.0
10317,Country_00491,Key Lime Pie,Kenny Chesney,Country,0.5,1.2265,0.0,0.0,0.0,0.0,0.0
10318,Country_00492,Life Is Good,Kenny Chesney,Country,0.6757,1.381,0.0,0.0,0.0,0.0,0.0
10319,Country_00493,Lindy,Kenny Chesney,Country,0.5588,1.7581,0.0,0.0,0.0,0.0,0.0
10320,Country_00494,Love To Lay Ya Down,Kenny Chesney,Country,0.6061,1.3119,0.0,0.0,0.0,0.0,0.0
10321,Country_00495,Marley,Kenny Chesney,Country,0.6667,1.7847,0.0,0.0,0.0,0.0,0.0
10322,Country_00496,My Poor Old Heart,Kenny Chesney,Country,0.4667,1.4484,0.0,0.0,0.0,0.0,0.0
10323,Country_00497,O Little Town Of Bethlehem,Kenny Chesney,Country,0.4,1.5267,0.0,0.0,0.0,0.0,0.0
10324,Country_00498,Only Time Will Tell,Kenny Chesney,Country,0.6,1.4389,0.0,0.0,0.0,0.0,0.0
10325,Country_00499,Outta Here,Kenny Chesney,Country,0.2143,1.6083,0.0,0.0,0.0,0.0,0.0
10326,Country_00500,Pirate Flag,Kenny Chesney,Country,0.5,1.603,0.0,0.0,0.0,0.0,0.0
10327,Country_00501,Please Come To Boston,Kenny Chesney,Country,0.1569,1.5448,0.0,0.0,0.0,0.0,0.0
10328,Country_00502,Pretty Paper,Kenny Chesney,Country,0.5,1.7323,0.0,0.0,0.0,0.0,0.0
10329,Country_00503,Reality,Kenny Chesney,Country,0.4242,1.8195,0.0,0.0,0.0,0.0,0.0
10330,Country_00504,Santa Claus Is Back In Town,Kenny Chesney,Country,0.5926,1.5545,0.0,0.0,0.0,0.0,0.0
10331,Country_00505,Scare Me,Kenny Chesney,Country,0.24,1.6269,0.0,0.0,0.0,0.0,0.0
10332,Country_00506,Seven Days,Kenny Chesney,Country,0.5,1.6193,0.0,0.0,0.0,0.0,0.0
10333,Country_00507,She Don't Know She's Beautiful,Kenny Chesney,Country,0.7143,1.4187,0.0,0.0,0.0,0.0,0.0
10334,Country_00508,She's Got It All,Kenny Chesney,Country,0.6364,1.6672,0.0,0.0,0.0,0.0,0.0
10335,Country_00509,Silver Bells,Kenny Chesney,Country,0.4667,1.475,0.0,0.0,0.0,0.0,0.0
10336,Country_00510,Some People Change,Kenny Chesney,Country,0.1818,1.4164,0.0,0.0,0.0,0.0,0.0
10337,Country_00511,Somebody Take Me Home,Kenny Chesney,Country,0.4595,1.582,0.0,0.0,0.0,0.0,0.0
10338,Country_00512,Someone Else's Hog,Kenny Chesney,Country,0.6667,1.5994,0.0,0.0,0.0,0.0,0.0
10339,Country_00513,Soul Of A Sailor,Kenny Chesney,Country,0.6364,1.3083,0.0,0.0,0.0,0.0,0.0
10340,Country_00514,Steamy Windows,Kenny Chesney,Country,0.4722,1.8032,0.0,0.0,0.0,0.0,0.0
10341,Country_00515,Tequila Loves Me,Kenny Chesney,Country,0.2069,1.6569,0.0,0.0,0.0,0.0,0.0
10342,Country_00516,That's Why I'm Here,Kenny Chesney,Country,0.5,1.4561,0.0,0.0,0.0,0.0,0.0
10343,Country_00517,The Bigger The Fool (The Harder The Fall),Kenny Chesney,Country,0.4242,1.552,0.0,0.0,0.0,0.0,0.0
10344,Country_00518,Touchdown Tennessee,Kenny Chesney,Country,0.3529,1.6578,0.0,0.0,0.0,0.0,0.0
10345,Country_00519,Turn For The Worst,Kenny Chesney,Country,0.4667,1.2,0.0,0.0,0.0,0.0,0.0
10346,Country_00520,"Turn Out The Light And, Love Me Tonight",Kenny Chesney,Country,0.36,1.5533,0.0,0.0,0.0,0.0,0.0
10347,Country_00521,Welcome To The Fishbowl,Kenny Chesney,Country,0.3659,1.7407,0.0,0.0,0.0,0.0,0.0
10348,Country_00522,When I Close My Eyes,Kenny Chesney,Country,0.4286,1.5,0.0,0.0,0.0,0.0,0.0
10349,Country_00523,When She Calls Me Baby,Kenny Chesney,Country,0.4,1.2897,0.0,0.0,0.0,0.0,0.0
10350,Country_00524,While He Still Knows Who I Am,Kenny Chesney,Country,0.6562,1.1767,0.0,0.0,0.0,0.0,0.0
10351,Country_00525,Wife And Kids,Kenny Chesney,Country,0.1935,1.6984,0.0,0.0,0.0,0.0,0.0
39824,Country_00526,A Chance,Kenny Chesney,Country,0.5,1.6176,0.0,0.0,0.0,0.0,0.0
39825,Country_00527,A Woman Knows,Kenny Chesney,Country,0.5,1.4675,0.0,0.0,0.0,0.0,0.0
39826,Country_00528,Ain't Back Yet,Kenny Chesney,Country,0.3824,1.4029,0.0,0.0,0.0,0.0,0.0
39827,Country_00529,Ain't That Love,Kenny Chesney,Country,0.5682,1.3549,0.0,0.0,0.0,0.0,0.0
39828,Country_00530,All I Need To Know,Kenny Chesney,Country,0.56,1.2386,0.0,0.0,0.0,0.0,0.0
39829,Country_00531,All I Want For Christmas Is A Real Good Tan,Kenny Chesney,Country,0.5,1.4781,0.0,0.0,0.0,0.0,0.0
39830,Country_00532,Always Gonna Be You,Kenny Chesney,Country,0.1778,1.5233,0.0,0.0,0.0,0.0,0.0
39831,Country_00533,Another Friday Night,Kenny Chesney,Country,0.64,1.5494,0.0,0.0,0.0,0.0,0.0
39832,Country_00534,Anything But Mine,Kenny Chesney,Country,0.3889,1.522,0.0,0.0,0.0,0.0,0.0
39833,Country_00535,Away In A Manger,Kenny Chesney,Country,0.5,1.4403,0.0,0.0,0.0,0.0,0.0
39834,Country_00536,Back In My Arms Again,Kenny Chesney,Country,0.5556,1.3793,0.0,0.0,0.0,0.0,0.0
39835,Country_00537,Baptism,Kenny Chesney,Country,0.4074,1.3969,0.0,0.0,0.0,0.0,0.0
39836,Country_00538,Be As You Are,Kenny Chesney,Country,0.4688,1.3929,0.0,0.0,0.0,0.0,0.0
39837,Country_00539,Because Of Your Love,Kenny Chesney,Country,0.1111,1.5444,0.0,0.0,0.0,0.0,0.0
39838,Country_00540,Beer Can Chicken,Kenny Chesney,Country,0.5122,1.5909,0.0,0.0,0.0,0.0,0.0
39839,Country_00541,Beer In Mexico,Kenny Chesney,Country,0.4054,1.502,0.0,0.0,0.0,0.0,0.0
39840,Country_00542,Being Drunk's A Lot Like Loving You,Kenny Chesney,Country,0.4667,1.4839,0.0,0.0,0.0,0.0,0.0
39841,Country_00543,Better As A Memory,Kenny Chesney,Country,0.0556,1.5038,0.0,0.0,0.0,0.0,0.0
39842,Country_00544,Between Midnight And Daylight,Kenny Chesney,Country,0.5294,1.8919,0.0,0.0,0.0,0.0,0.0
39843,Country_00545,Big Star,Kenny Chesney,Country,0.3261,1.54,0.0,0.0,0.0,0.0,0.0
39844,Country_00546,Boston,Kenny Chesney,Country,0.641,1.5861,0.0,0.0,0.0,0.0,0.0
39845,Country_00547,"Brandy, You're A Fine Girl",Kenny Chesney,Country,0.2667,2.0177,0.0,0.0,0.0,0.0,0.0
39846,Country_00548,California,Kenny Chesney,Country,0.4688,1.9002,0.0,0.0,0.0,0.0,0.0
39847,Country_00549,Christmas In Dixie,Kenny Chesney,Country,0.2667,2.2178,0.0,0.0,0.0,0.0,0.0
39848,Country_00550,Coastal,Kenny Chesney,Country,0.0667,1.5085,0.0,0.0,0.0,0.0,0.0
39849,Country_00551,Coconut Tree,Kenny Chesney,Country,0.5789,1.504,0.0,0.0,0.0,0.0,0.0
39850,Country_00552,Dancin' For The Groceries,Kenny Chesney,Country,0.2895,1.6003,0.0,0.0,0.0,0.0,0.0
39851,Country_00553,Demons,Kenny Chesney,Country,0.4348,1.7732,0.0,0.0,0.0,0.0,0.0
39852,Country_00554,Don't Blink,Kenny Chesney,Country,0.1333,1.4332,0.0,0.0,0.0,0.0,0.0
39853,Country_00555,Don't It,Kenny Chesney,Country,0.3684,1.5818,0.0,0.0,0.0,0.0,0.0
39854,Country_00556,Down The Road,Kenny Chesney,Country,0.3846,1.3513,0.0,0.0,0.0,0.0,0.0
39855,Country_00557,Dreams,Kenny Chesney,Country,0.3784,1.8369,0.0,0.0,0.0,0.0,0.0
39856,Country_00558,Drink It Up,Kenny Chesney,Country,0.5758,1.5078,0.0,0.0,0.0,0.0,0.0
39857,Country_00559,El Cerrito Place,Kenny Chesney,Country,0.4571,1.686,0.0,0.0,0.0,0.0,0.0
39858,Country_00560,Everybody Wants To Go To Heaven,Kenny Chesney,Country,0.3243,1.5892,0.0,0.0,0.0,0.0,0.0
39859,Country_00561,Everywhere We Go,Kenny Chesney,Country,0.5862,1.8441,0.0,0.0,0.0,0.0,0.0
39860,Country_00562,Fall In Love,Kenny Chesney,Country,0.6538,1.2962,0.0,0.0,0.0,0.0,0.0
39861,Country_00563,Feel Like A Rock Star,Kenny Chesney,Country,0.5319,1.2879,0.0,0.0,0.0,0.0,0.0
39862,Country_00564,Finally Friday,Kenny Chesney,Country,0.4286,1.6948,0.0,0.0,0.0,0.0,0.0
39863,Country_00565,Flip Flop Summer,Kenny Chesney,Country,0.5625,1.4705,0.0,0.0,0.0,0.0,0.0
39864,Country_00566,For The First Time,Kenny Chesney,Country,0.1667,1.5078,0.0,0.0,0.0,0.0,0.0
39865,Country_00567,Freedom,Kenny Chesney,Country,0.1429,1.5762,0.0,0.0,0.0,0.0,0.0
39866,Country_00568,French Kissing Life,Kenny Chesney,Country,0.4583,1.516,0.0,0.0,0.0,0.0,0.0
39867,Country_00569,"From Hillbilly Heaven, To Honky Tonk Hell",Kenny Chesney,Country,0.34,1.699,0.0,0.0,0.0,0.0,0.0
39868,Country_00570,Got A Little Crazy,Kenny Chesney,Country,0.625,1.4062,0.0,0.0,0.0,0.0,0.0
39869,Country_00571,Honey Would You Stand By Me,Kenny Chesney,Country,0.5,1.3689,0.0,0.0,0.0,0.0,0.0
39870,Country_00572,How Forever Feels,Kenny Chesney,Country,0.3846,1.5708,0.0,0.0,0.0,0.0,0.0
39871,Country_00573,I Can't Go There,Kenny Chesney,Country,0.3061,1.5418,0.0,0.0,0.0,0.0,0.0
39872,Country_00574,I Finally Found Somebody,Kenny Chesney,Country,0.7931,1.6837,0.0,0.0,0.0,0.0,0.0
39873,Country_00575,I Go Back,Kenny Chesney,Country,0.375,1.4576,0.0,0.0,0.0,0.0,0.0
39874,Country_00576,I Lost It,Kenny Chesney,Country,0.0833,1.4009,0.0,0.0,0.0,0.0,0.0
39875,Country_00577,I Might Get Over You,Kenny Chesney,Country,0.7,1.3792,0.0,0.0,0.0,0.0,0.0
39876,Country_00578,I Remember,Kenny Chesney,Country,0.1923,1.6885,0.0,0.0,0.0,0.0,0.0
39877,Country_00579,If This Bus Could Talk,Kenny Chesney,Country,0.2037,1.5534,0.0,0.0,0.0,0.0,0.0
39878,Country_00580,Jingle Bells,Kenny Chesney,Country,0.6,1.3787,0.0,0.0,0.0,0.0,0.0
39879,Country_00581,Keg In The Closet,Kenny Chesney,Country,0.4595,1.4588,0.0,0.0,0.0,0.0,0.0
39880,Country_00582,Key's In The Conch Shell,Kenny Chesney,Country,0.2381,1.3294,0.0,0.0,0.0,0.0,0.0
39881,Country_00583,"Kiss Me, Kiss Me, Kiss Me",Kenny Chesney,Country,0.5,1.2802,0.0,0.0,0.0,0.0,0.0
39882,Country_00584,Life On A Rock,Kenny Chesney,Country,0.4,1.3153,0.0,0.0,0.0,0.0,0.0
39883,Country_00585,Like Me,Kenny Chesney,Country,0.5111,1.7933,0.0,0.0,0.0,0.0,0.0
39884,Country_00586,Live A Little,Kenny Chesney,Country,0.4062,1.3965,0.0,0.0,0.0,0.0,0.0
39885,Country_00587,Live Those Songs,Kenny Chesney,Country,0.4286,1.5911,0.0,0.0,0.0,0.0,0.0
39886,Country_00588,"Lonely, Needin' Lovin'",Kenny Chesney,Country,0.5429,1.687,0.0,0.0,0.0,0.0,0.0
39887,Country_00589,Magic,Kenny Chesney,Country,0.7742,1.9198,0.0,0.0,0.0,0.0,0.0
39888,Country_00590,Makes Me Wonder,Kenny Chesney,Country,0.4643,1.6798,0.0,0.0,0.0,0.0,0.0
39889,Country_00591,Me And You,Kenny Chesney,Country,0.5484,1.5591,0.0,0.0,0.0,0.0,0.0
39890,Country_00592,Must Be Something I Missed,Kenny Chesney,Country,0.7647,1.5132,0.0,0.0,0.0,0.0,0.0
39891,Country_00593,Never Gonna Feel That Way Again,Kenny Chesney,Country,0.3878,1.4603,0.0,0.0,0.0,0.0,0.0
39892,Country_00594,Never Wanted Nothing More,Kenny Chesney,Country,0.3654,1.4032,0.0,0.0,0.0,0.0,0.0
39893,Country_00595,"No Shoes, No Shirt, No Problems",Kenny Chesney,Country,0.3636,1.3258,0.0,0.0,0.0,0.0,0.0
39894,Country_00596,No Small Miracle,Kenny Chesney,Country,0.1667,1.6913,0.0,0.0,0.0,0.0,0.0
39895,Country_00597,Noise,Kenny Chesney,Country,0.4444,1.665,0.0,0.0,0.0,0.0,0.0
39896,Country_00598,"Nowhere To Go, Nowhere To Be",Kenny Chesney,Country,0.1111,1.6716,0.0,0.0,0.0,0.0,0.0
39897,Country_00599,Old Bird Dog,Kenny Chesney,Country,0.4483,1.3348,0.0,0.0,0.0,0.0,0.0
39898,Country_00600,Old Blue Chair,Kenny Chesney,Country,0.3871,1.3869,0.0,0.0,0.0,0.0,0.0
39899,Country_00601,One Step Up,Kenny Chesney,Country,0.0938,1.5297,0.0,0.0,0.0,0.0,0.0
39900,Country_00602,Out Last Night,Kenny Chesney,Country,0.3333,1.5905,0.0,0.0,0.0,0.0,0.0
39901,Country_00603,"Paris, Tennessee",Kenny Chesney,Country,0.2609,1.6659,0.0,0.0,0.0,0.0,0.0
39902,Country_00604,Save It For A Rainy Day,Kenny Chesney,Country,0.566,1.4016,0.0,0.0,0.0,0.0,0.0
39903,Country_00605,She Always Says It First,Kenny Chesney,Country,0.3846,1.3968,0.0,0.0,0.0,0.0,0.0
39904,Country_00606,She Gets That Way,Kenny Chesney,Country,0.4706,1.2853,0.0,0.0,0.0,0.0,0.0
39905,Country_00607,Sherry's Living In Paradise,Kenny Chesney,Country,0.6154,1.8494,0.0,0.0,0.0,0.0,0.0
39906,Country_00608,Shiftwork,Kenny Chesney,Country,0.587,1.5769,0.0,0.0,0.0,0.0,0.0
39907,Country_00609,Silent Night,Kenny Chesney,Country,0.7742,1.5199,0.0,0.0,0.0,0.0,0.0
39908,Country_00610,Sing 'Em Good My Friend,Kenny Chesney,Country,0.4286,1.3922,0.0,0.0,0.0,0.0,0.0
39909,Country_00611,Small Y'all,Kenny Chesney,Country,0.2778,1.3665,0.0,0.0,0.0,0.0,0.0
39910,Country_00612,Somewhere In The Sun,Kenny Chesney,Country,0.6,1.6221,0.0,0.0,0.0,0.0,0.0
39911,Country_00613,Somewhere With You,Kenny Chesney,Country,0.5435,1.7474,0.0,0.0,0.0,0.0,0.0
39912,Country_00614,Spirit Of A Storm,Kenny Chesney,Country,0.1905,1.4206,0.0,0.0,0.0,0.0,0.0
39913,Country_00615,Spread The Love,Kenny Chesney,Country,0.4906,1.3332,0.0,0.0,0.0,0.0,0.0
39914,Country_00616,Summertime,Kenny Chesney,Country,0.5208,1.6285,0.0,0.0,0.0,0.0,0.0
39915,Country_00617,Team Of Destiny,Kenny Chesney,Country,0.5526,1.8127,0.0,0.0,0.0,0.0,0.0
39916,Country_00618,Thank God For Kids,Kenny Chesney,Country,0.3929,1.4077,0.0,0.0,0.0,0.0,0.0
39917,Country_00619,That Lucky Old Sun (Just Rolls Around Heaven All Day),Kenny Chesney,Country,0.6857,1.419,0.0,0.0,0.0,0.0,0.0
39918,Country_00620,The Big Revival,Kenny Chesney,Country,0.24,1.8004,0.0,0.0,0.0,0.0,0.0
39919,Country_00621,The Boys Of Fall,Kenny Chesney,Country,0.7045,1.2925,0.0,0.0,0.0,0.0,0.0
39921,Country_00622,The Life,Kenny Chesney,Country,0.1429,1.4096,0.0,0.0,0.0,0.0,0.0
39922,Country_00623,The Road And The Radio,Kenny Chesney,Country,0.6857,1.5798,0.0,0.0,0.0,0.0,0.0
39923,Country_00624,The Tin Man,Kenny Chesney,Country,0.52,1.4467,0.0,0.0,0.0,0.0,0.0
39924,Country_00625,The Woman With You,Kenny Chesney,Country,0.359,1.5385,0.0,0.0,0.0,0.0,0.0
39925,Country_00626,There Goes My Life,Kenny Chesney,Country,0.2571,1.4882,0.0,0.0,0.0,0.0,0.0
39926,Country_00627,Til It's Gone,Kenny Chesney,Country,0.587,1.3586,0.0,0.0,0.0,0.0,0.0
39927,Country_00628,Time Flies,Kenny Chesney,Country,0.5818,1.5809,0.0,0.0,0.0,0.0,0.0
39928,Country_00629,Way Down Here,Kenny Chesney,Country,0.4412,1.3225,0.0,0.0,0.0,0.0,0.0
39929,Country_00630,What I Need To Do,Kenny Chesney,Country,0.4,1.4636,0.0,0.0,0.0,0.0,0.0
39930,Country_00631,Whatever It Takes,Kenny Chesney,Country,0.5172,1.7651,0.0,0.0,0.0,0.0,0.0
39931,Country_00632,When I See This Bar,Kenny Chesney,Country,0.3958,1.367,0.0,0.0,0.0,0.0,0.0
39932,Country_00633,When I Think About Leaving,Kenny Chesney,Country,0.1463,1.4227,0.0,0.0,0.0,0.0,0.0
39933,Country_00634,When The Sun Goes Down,Kenny Chesney,Country,0.1739,1.492,0.0,0.0,0.0,0.0,0.0
39934,Country_00635,Where I Grew Up,Kenny Chesney,Country,0.1176,1.3237,0.0,0.0,0.0,0.0,0.0
39935,Country_00636,White Lightnin',Kenny Chesney,Country,0.1786,1.6257,0.0,0.0,0.0,0.0,0.0
39936,Country_00637,Who You'd Be Today,Kenny Chesney,Country,0.6061,1.5364,0.0,0.0,0.0,0.0,0.0
39937,Country_00638,Wild Child,Kenny Chesney,Country,0.5435,1.3684,0.0,0.0,0.0,0.0,0.0
39939,Country_00639,You And Tequila,Kenny Chesney,Country,0.3929,1.65,0.0,0.0,0.0,0.0,0.0
39940,Country_00640,You Had Me From Hello,Kenny Chesney,Country,0.5185,1.5534,0.0,0.0,0.0,0.0,0.0
39941,Country_00641,"You Win, I Win, We Lose",Kenny Chesney,Country,0.5484,1.4516,0.0,0.0,0.0,0.0,0.0
39942,Country_00642,Young,Kenny Chesney,Country,0.4615,1.4487,0.0,0.0,0.0,0.0,0.0
19304,Country_00643,Ain't That Just Like A Dream,Tim McGraw,Country,0.5882,1.3482,0.0,0.0,0.0,0.0,0.0
19305,Country_00644,Ain't That The Way It Always Ends,Tim McGraw,Country,0.2258,1.3581,0.0,0.0,0.0,0.0,0.0
19306,Country_00645,Angry All The Time,Tim McGraw,Country,0.2593,1.3907,0.0,0.0,0.0,0.0,0.0
19307,Country_00646,Back When,Tim McGraw,Country,0.5645,1.3626,0.0,0.0,0.0,0.0,0.0
19308,Country_00647,Beautiful People,Tim McGraw,Country,0.4286,1.7944,0.0,0.0,0.0,0.0,0.0
19309,Country_00648,Between The River And Me,Tim McGraw,Country,0.2619,1.3766,0.0,0.0,0.0,0.0,0.0
19310,Country_00649,Blank Sheet Of Paper,Tim McGraw,Country,0.4,1.4844,0.0,0.0,0.0,0.0,0.0
19312,Country_00650,Can't Be Really Gone,Tim McGraw,Country,0.3448,1.3949,0.0,0.0,0.0,0.0,0.0
19313,Country_00651,Carry On,Tim McGraw,Country,0.5294,1.5812,0.0,0.0,0.0,0.0,0.0
19314,Country_00652,Comfort Me,Tim McGraw,Country,0.2941,1.5561,0.0,0.0,0.0,0.0,0.0
19315,Country_00653,Comin' Home,Tim McGraw,Country,0.3514,1.494,0.0,0.0,0.0,0.0,0.0
19316,Country_00654,Damn Country Music,Tim McGraw,Country,0.2973,1.4023,0.0,0.0,0.0,0.0,0.0
19317,Country_00655,Felt Good On My Lips,Tim McGraw,Country,0.4103,1.3775,0.0,0.0,0.0,0.0,0.0
19318,Country_00656,Give It To Me Strait,Tim McGraw,Country,0.4545,1.35,0.0,0.0,0.0,0.0,0.0
19319,Country_00657,Highway Don't Care,Tim McGraw,Country,0.4706,1.4094,0.0,0.0,0.0,0.0,0.0
19320,Country_00658,Home,Tim McGraw,Country,0.2069,1.6517,0.0,0.0,0.0,0.0,0.0
19321,Country_00659,How Bad Do You Want It,Tim McGraw,Country,0.1944,1.5264,0.0,0.0,0.0,0.0,0.0
19322,Country_00660,I Didn't Ask And She Didn't Say,Tim McGraw,Country,0.1667,1.5117,0.0,0.0,0.0,0.0,0.0
19323,Country_00661,I Didn't Know It At The Time,Tim McGraw,Country,0.3929,1.167,0.0,0.0,0.0,0.0,0.0
19324,Country_00662,I Do But I Don't,Tim McGraw,Country,0.2593,1.3194,0.0,0.0,0.0,0.0,0.0
19325,Country_00663,"I Like It, I Love It",Tim McGraw,Country,0.4138,1.2659,0.0,0.0,0.0,0.0,0.0
19326,Country_00664,It's Your World,Tim McGraw,Country,0.561,1.4999,0.0,0.0,0.0,0.0,0.0
19327,Country_00665,Me And Tennessee,Tim McGraw,Country,0.537,1.6183,0.0,0.0,0.0,0.0,0.0
19328,Country_00666,My Little Girl,Tim McGraw,Country,0.1034,1.5109,0.0,0.0,0.0,0.0,0.0
19330,Country_00667,My Old Friend,Tim McGraw,Country,0.3333,1.5869,0.0,0.0,0.0,0.0,0.0
19332,Country_00668,Senorita Margarita,Tim McGraw,Country,0.5625,1.824,0.0,0.0,0.0,0.0,0.0
19333,Country_00669,Shotgun Rider,Tim McGraw,Country,0.2,1.5331,0.0,0.0,0.0,0.0,0.0
19334,Country_00670,Sleep Tonight,Tim McGraw,Country,0.2174,1.3681,0.0,0.0,0.0,0.0,0.0
19335,Country_00671,Suspicions,Tim McGraw,Country,0.6,1.7088,0.0,0.0,0.0,0.0,0.0
19336,Country_00672,That's Why God Made Mexico,Tim McGraw,Country,0.3103,1.4542,0.0,0.0,0.0,0.0,0.0
19337,Country_00673,The Great Divide,Tim McGraw,Country,0.5294,1.4485,0.0,0.0,0.0,0.0,0.0
19338,Country_00674,Things Change,Tim McGraw,Country,0.1026,1.5218,0.0,0.0,0.0,0.0,0.0
19339,Country_00675,Tinted Windows,Tim McGraw,Country,0.3,1.5856,0.0,0.0,0.0,0.0,0.0
19340,Country_00676,Touchdown Jesus,Tim McGraw,Country,0.5814,1.7671,0.0,0.0,0.0,0.0,0.0
19341,Country_00677,Two Lanes Of Freedom,Tim McGraw,Country,0.5161,1.4154,0.0,0.0,0.0,0.0,0.0
19342,Country_00678,Two Steppin Mind,Tim McGraw,Country,0.52,1.5303,0.0,0.0,0.0,0.0,0.0
19343,Country_00679,Welcome To The Club,Tim McGraw,Country,0.5714,1.669,0.0,0.0,0.0,0.0,0.0
19344,Country_00680,What She Left Behind,Tim McGraw,Country,0.5217,1.383,0.0,0.0,0.0,0.0,0.0
19345,Country_00681,When The Stars Go Blue,Tim McGraw,Country,0.3182,1.7462,0.0,0.0,0.0,0.0,0.0
19346,Country_00682,Whiskey And You,Tim McGraw,Country,0.1739,1.6659,0.0,0.0,0.0,0.0,0.0
19347,Country_00683,Who Are They,Tim McGraw,Country,0.1351,1.6083,0.0,0.0,0.0,0.0,0.0
19348,Country_00684,Why We Said Goodbye,Tim McGraw,Country,0.1379,1.6296,0.0,0.0,0.0,0.0,0.0
53168,Country_00685,40 Days And 40 Nights,Tim McGraw,Country,0.5143,1.5063,0.0,0.0,0.0,0.0,0.0
53169,Country_00686,A Place In The Sun,Tim McGraw,Country,0.6061,1.598,0.0,0.0,0.0,0.0,0.0
53170,Country_00687,Ain't No Angels,Tim McGraw,Country,0.619,1.5802,0.0,0.0,0.0,0.0,0.0
53171,Country_00688,All I Want Is A Life,Tim McGraw,Country,0.48,1.3387,0.0,0.0,0.0,0.0,0.0
53172,Country_00689,All We Ever Find,Tim McGraw,Country,0.3333,1.666,0.0,0.0,0.0,0.0,0.0
53173,Country_00690,Angel Boy,Tim McGraw,Country,0.6364,1.269,0.0,0.0,0.0,0.0,0.0
53174,Country_00691,Annie I Owe You A Dance,Tim McGraw,Country,0.15,1.5394,0.0,0.0,0.0,0.0,0.0
53175,Country_00692,Cowboy In Me,Tim McGraw,Country,0.5385,1.5077,0.0,0.0,0.0,0.0,0.0
53176,Country_00693,Die By My Own Hand,Tim McGraw,Country,0.6857,1.4977,0.0,0.0,0.0,0.0,0.0
53177,Country_00694,Do You Want Fries With That,Tim McGraw,Country,0.3617,1.257,0.0,0.0,0.0,0.0,0.0
53178,Country_00695,Don't Mention Memphis,Tim McGraw,Country,0.4091,1.603,0.0,0.0,0.0,0.0,0.0
53179,Country_00696,Don't Take The Girl,Tim McGraw,Country,0.0408,1.3466,0.0,0.0,0.0,0.0,0.0
53180,Country_00697,Down On The Farm,Tim McGraw,Country,0.0833,1.3764,0.0,0.0,0.0,0.0,0.0
53181,Country_00698,Drugs Or Jesus,Tim McGraw,Country,0.4483,1.7848,0.0,0.0,0.0,0.0,0.0
53182,Country_00699,Everybody Hates Me,Tim McGraw,Country,0.4242,1.6914,0.0,0.0,0.0,0.0,0.0
53183,Country_00700,Everywhere,Tim McGraw,Country,0.1017,1.8176,0.0,0.0,0.0,0.0,0.0
53184,Country_00701,Eyes Of A Woman,Tim McGraw,Country,0.3939,1.4611,0.0,0.0,0.0,0.0,0.0
53185,Country_00702,For A Little While,Tim McGraw,Country,0.3704,1.4205,0.0,0.0,0.0,0.0,0.0
53186,Country_00703,Forever Seventeen,Tim McGraw,Country,0.6111,1.8241,0.0,0.0,0.0,0.0,0.0
53187,Country_00704,Forget About Us,Tim McGraw,Country,0.1316,1.3171,0.0,0.0,0.0,0.0,0.0
53188,Country_00705,Friend Of A Friend,Tim McGraw,Country,0.5333,1.5039,0.0,0.0,0.0,0.0,0.0
53189,Country_00706,Good Girls,Tim McGraw,Country,0.4634,1.3366,0.0,0.0,0.0,0.0,0.0
53190,Country_00707,Grown Men Don't Cry,Tim McGraw,Country,0.1923,1.5104,0.0,0.0,0.0,0.0,0.0
53191,Country_00708,Halo,Tim McGraw,Country,0.5429,1.331,0.0,0.0,0.0,0.0,0.0
53192,Country_00709,Hard On The Ticker,Tim McGraw,Country,0.3725,1.8111,0.0,0.0,0.0,0.0,0.0
53193,Country_00710,Hey Now,Tim McGraw,Country,0.5833,1.3851,0.0,0.0,0.0,0.0,0.0
53194,Country_00711,I Keep It Under My Hat,Tim McGraw,Country,0.3704,1.542,0.0,0.0,0.0,0.0,0.0
53195,Country_00712,I Know How To Love You Well,Tim McGraw,Country,0.1,1.3492,0.0,0.0,0.0,0.0,0.0
53196,Country_00713,I Need You,Tim McGraw,Country,0.6286,1.3745,0.0,0.0,0.0,0.0,0.0
53197,Country_00714,If I Died Today,Tim McGraw,Country,0.5,1.5113,0.0,0.0,0.0,0.0,0.0
53198,Country_00715,If You're Reading This,Tim McGraw,Country,0.3889,1.5015,0.0,0.0,0.0,0.0,0.0
53200,Country_00716,I'm Only Jesus,Tim McGraw,Country,0.35,1.5044,0.0,0.0,0.0,0.0,0.0
53201,Country_00717,Indian Outlaw,Tim McGraw,Country,0.125,1.6042,0.0,0.0,0.0,0.0,0.0
53202,Country_00718,It Doesn't Get Any Countrier Than This,Tim McGraw,Country,0.5714,1.3608,0.0,0.0,0.0,0.0,0.0
53203,Country_00719,It's Your Love,Tim McGraw,Country,0.6346,1.532,0.0,0.0,0.0,0.0,0.0
53204,Country_00720,I've Got Friends That Do,Tim McGraw,Country,0.4286,1.4512,0.0,0.0,0.0,0.0,0.0
53205,Country_00721,Just Be Your Tear,Tim McGraw,Country,0.5,1.5558,0.0,0.0,0.0,0.0,0.0
53206,Country_00722,Just To See You Smile,Tim McGraw,Country,0.08,1.5933,0.0,0.0,0.0,0.0,0.0
53207,Country_00723,Kill Myself,Tim McGraw,Country,0.5806,1.4355,0.0,0.0,0.0,0.0,0.0
53208,Country_00724,Kristofferson,Tim McGraw,Country,0.4545,1.6465,0.0,0.0,0.0,0.0,0.0
53209,Country_00725,Let It Go,Tim McGraw,Country,0.5758,1.2617,0.0,0.0,0.0,0.0,0.0
53210,Country_00726,Let Me Love It Out Of You,Tim McGraw,Country,0.72,1.3517,0.0,0.0,0.0,0.0,0.0
53211,Country_00727,Let Me Love You,Tim McGraw,Country,0.58,1.3247,0.0,0.0,0.0,0.0,0.0
53212,Country_00728,Live Like You Were Dying,Tim McGraw,Country,0.4516,1.5356,0.0,0.0,0.0,0.0,0.0
53213,Country_00729,Lookin' For That Girl,Tim McGraw,Country,0.5797,1.5542,0.0,0.0,0.0,0.0,0.0
53214,Country_00730,Love You Goodbye,Tim McGraw,Country,0.0364,1.5197,0.0,0.0,0.0,0.0,0.0
53215,Country_00731,Mary And Joseph,Tim McGraw,Country,0.0588,1.4914,0.0,0.0,0.0,0.0,0.0
53216,Country_00732,Maybe We Should Just Sleep On It,Tim McGraw,Country,0.4,1.4917,0.0,0.0,0.0,0.0,0.0
53217,Country_00733,Meanwhile Back At Mama's,Tim McGraw,Country,0.3478,1.5033,0.0,0.0,0.0,0.0,0.0
53218,Country_00734,Mexicoma,Tim McGraw,Country,0.7442,1.8857,0.0,0.0,0.0,0.0,0.0
53219,Country_00735,Milk Cow Blues,Tim McGraw,Country,0.2174,1.2822,0.0,0.0,0.0,0.0,0.0
53220,Country_00736,Mr. Whoever You Are,Tim McGraw,Country,0.4255,1.3567,0.0,0.0,0.0,0.0,0.0
53221,Country_00737,My Best Friend,Tim McGraw,Country,0.6667,1.4806,0.0,0.0,0.0,0.0,0.0
53222,Country_00738,Nashville Without You,Tim McGraw,Country,0.3667,1.6072,0.0,0.0,0.0,0.0,0.0
53223,Country_00739,Not A Moment Too Soon,Tim McGraw,Country,0.619,1.4929,0.0,0.0,0.0,0.0,0.0
53224,Country_00740,Old Town New,Tim McGraw,Country,0.3043,1.44,0.0,0.0,0.0,0.0,0.0
53225,Country_00741,One Of These Days,Tim McGraw,Country,0.2979,1.5163,0.0,0.0,0.0,0.0,0.0
53226,Country_00742,One Of Those Nights,Tim McGraw,Country,0.2368,1.4855,0.0,0.0,0.0,0.0,0.0
53227,Country_00743,Open Season On My Heart,Tim McGraw,Country,0.1923,1.4853,0.0,0.0,0.0,0.0,0.0
53228,Country_00744,Over And Over,Tim McGraw,Country,0.7282,1.4038,0.0,0.0,0.0,0.0,0.0
53229,Country_00745,Please Remember Me,Tim McGraw,Country,0.4706,1.5397,0.0,0.0,0.0,0.0,0.0
53230,Country_00746,Real Good Man,Tim McGraw,Country,0.0714,1.3944,0.0,0.0,0.0,0.0,0.0
53231,Country_00747,Red Rag Top,Tim McGraw,Country,0.1628,1.4244,0.0,0.0,0.0,0.0,0.0
53232,Country_00748,Refried Dreams,Tim McGraw,Country,0.5897,1.6521,0.0,0.0,0.0,0.0,0.0
53233,Country_00749,Renegade,Tim McGraw,Country,0.2917,1.5972,0.0,0.0,0.0,0.0,0.0
53234,Country_00750,Set This Circus Down,Tim McGraw,Country,0.5172,1.8572,0.0,0.0,0.0,0.0,0.0
53235,Country_00751,Seventeen,Tim McGraw,Country,0.6341,2.035,0.0,0.0,0.0,0.0,0.0
53236,Country_00752,She Never Lets It Go To Her Heart,Tim McGraw,Country,0.3125,1.5385,0.0,0.0,0.0,0.0,0.0
53237,Country_00753,She'll Have You Back,Tim McGraw,Country,0.6216,1.3437,0.0,0.0,0.0,0.0,0.0
53238,Country_00754,She's My Kind Of Rain,Tim McGraw,Country,0.3,1.4165,0.0,0.0,0.0,0.0,0.0
53239,Country_00755,Sing Me Home,Tim McGraw,Country,0.0833,1.5,0.0,0.0,0.0,0.0,0.0
53240,Country_00756,Some Things Never Change,Tim McGraw,Country,0.1111,1.5093,0.0,0.0,0.0,0.0,0.0
53241,Country_00757,Somebody Must Be Prayin' For Me,Tim McGraw,Country,0.2286,1.6852,0.0,0.0,0.0,0.0,0.0
53242,Country_00758,Something Like That,Tim McGraw,Country,0.375,1.6158,0.0,0.0,0.0,0.0,0.0
53243,Country_00759,Something's Broken,Tim McGraw,Country,0.3448,1.5448,0.0,0.0,0.0,0.0,0.0
53244,Country_00760,Southern Girl,Tim McGraw,Country,0.7667,1.4589,0.0,0.0,0.0,0.0,0.0
53245,Country_00761,Southern Voice,Tim McGraw,Country,0.4464,1.7893,0.0,0.0,0.0,0.0,0.0
53246,Country_00762,Take Me Away From Here,Tim McGraw,Country,0.6176,1.6652,0.0,0.0,0.0,0.0,0.0
53247,Country_00763,Tears In The Rain,Tim McGraw,Country,0.68,1.2377,0.0,0.0,0.0,0.0,0.0
53248,Country_00764,Telluride,Tim McGraw,Country,0.129,1.8225,0.0,0.0,0.0,0.0,0.0
53249,Country_00765,That's Just Me,Tim McGraw,Country,0.5938,1.2011,0.0,0.0,0.0,0.0,0.0
53250,Country_00766,The One That Got Away,Tim McGraw,Country,0.4808,1.9024,0.0,0.0,0.0,0.0,0.0
53251,Country_00767,The Only Thing That I Have Left,Tim McGraw,Country,0.2727,1.3843,0.0,0.0,0.0,0.0,0.0
53252,Country_00768,The Trouble With Never,Tim McGraw,Country,0.6154,1.4197,0.0,0.0,0.0,0.0,0.0
53253,Country_00769,Tickin' Away,Tim McGraw,Country,0.6111,1.7045,0.0,0.0,0.0,0.0,0.0
53254,Country_00770,Tiny Dancer,Tim McGraw,Country,0.1176,1.6363,0.0,0.0,0.0,0.0,0.0
53255,Country_00771,Top Of The World,Tim McGraw,Country,0.8,1.4956,0.0,0.0,0.0,0.0,0.0
53256,Country_00772,Truck Yeah,Tim McGraw,Country,0.5217,1.272,0.0,0.0,0.0,0.0,0.0
53257,Country_00773,Unbroken,Tim McGraw,Country,0.619,1.5403,0.0,0.0,0.0,0.0,0.0
53258,Country_00774,Walk Like A Man,Tim McGraw,Country,0.1714,1.3182,0.0,0.0,0.0,0.0,0.0
53259,Country_00775,Watch The Wind Blow By,Tim McGraw,Country,0.1538,1.4115,0.0,0.0,0.0,0.0,0.0
53260,Country_00776,What Room Was The Holiday In,Tim McGraw,Country,0.5417,1.5104,0.0,0.0,0.0,0.0,0.0
53261,Country_00777,When She Wakes Up (And Finds Me Gone),Tim McGraw,Country,0.4074,1.2918,0.0,0.0,0.0,0.0,0.0
53262,Country_00778,Where The Green Grass Grows,Tim McGraw,Country,0.5263,1.3947,0.0,0.0,0.0,0.0,0.0
53263,Country_00779,Wherever The Trail May Lead,Tim McGraw,Country,0.2222,1.3801,0.0,0.0,0.0,0.0,0.0
53264,Country_00780,Wouldn't Want It Any Other Way,Tim McGraw,Country,0.3548,1.3565,0.0,0.0,0.0,0.0,0.0
53265,Country_00781,You Don't Love Me Anymore,Tim McGraw,Country,0.3947,1.6118,0.0,0.0,0.0,0.0,0.0
53266,Country_00782,You Get Used To Somebody,Tim McGraw,Country,0.4231,1.7628,0.0,0.0,0.0,0.0,0.0
53267,Country_00783,You Got The Wrong Man,Tim McGraw,Country,0.75,1.5042,0.0,0.0,0.0,0.0,0.0
53268,Country_00784,You Had To Be There,Tim McGraw,Country,0.3667,1.3229,0.0,0.0,0.0,0.0,0.0
53269,Country_00785,You Just Get Better All The Time,Tim McGraw,Country,0.1905,1.3738,0.0,0.0,0.0,0.0,0.0
53270,Country_00786,You Turn Me On,Tim McGraw,Country,0.1364,1.5504,0.0,0.0,0.0,0.0,0.0
10204,Country_00787,All For You,Keith Urban,Country,0.4412,1.4168,0.0,0.0,0.0,0.0,0.0
10206,Country_00788,Black Leather Jacket,Keith Urban,Country,0.0625,1.4644,0.0,0.0,0.0,0.0,0.0
10207,Country_00789,Don't Go,Keith Urban,Country,0.0625,1.5631,0.0,0.0,0.0,0.0,0.0
10208,Country_00790,Future Plans,Keith Urban,Country,0.2667,1.666,0.0,0.0,0.0,0.0,0.0
10209,Country_00791,Good Morning Beautiful,Keith Urban,Country,0.4783,1.6138,0.0,0.0,0.0,0.0,0.0
10210,Country_00792,I Can't Stop Loving You,Keith Urban,Country,0.4118,1.475,0.0,0.0,0.0,0.0,0.0
10211,Country_00793,I Wanna Be Your Everything,Keith Urban,Country,0.5143,1.4252,0.0,0.0,0.0,0.0,0.0
10212,Country_00794,Jeans On,Keith Urban,Country,0.6154,1.224,0.0,0.0,0.0,0.0,0.0
10213,Country_00795,"John Cougar, John Deere, John 3:16",Keith Urban,Country,0.2564,1.7933,0.0,0.0,0.0,0.0,0.0
10214,Country_00796,Just Some Love,Keith Urban,Country,0.2963,1.4519,0.0,0.0,0.0,0.0,0.0
10215,Country_00797,Kiss A Girl,Keith Urban,Country,0.5,1.4323,0.0,0.0,0.0,0.0,0.0
10216,Country_00798,Live To Love Another Day,Keith Urban,Country,0.375,1.4054,0.0,0.0,0.0,0.0,0.0
10217,Country_00799,Making Memories Of Us,Keith Urban,Country,0.2,1.4053,0.0,0.0,0.0,0.0,0.0
10218,Country_00800,My Last Name,Keith Urban,Country,0.0741,1.5716,0.0,0.0,0.0,0.0,0.0
10219,Country_00801,Out On My Own,Keith Urban,Country,0.3056,1.7699,0.0,0.0,0.0,0.0,0.0
10220,Country_00802,Red Camaro,Keith Urban,Country,0.3158,1.6368,0.0,0.0,0.0,0.0,0.0
10221,Country_00803,Right On Back To You,Keith Urban,Country,0.4776,1.4169,0.0,0.0,0.0,0.0,0.0
10222,Country_00804,Romeo's Tune,Keith Urban,Country,0.4595,1.472,0.0,0.0,0.0,0.0,0.0
10223,Country_00805,Shame,Keith Urban,Country,0.4857,1.8119,0.0,0.0,0.0,0.0,0.0
10224,Country_00806,She's Gotta Be,Keith Urban,Country,0.0741,1.6297,0.0,0.0,0.0,0.0,0.0
10225,Country_00807,Stupid Boy,Keith Urban,Country,0.4242,1.4563,0.0,0.0,0.0,0.0,0.0
10226,Country_00808,Walkin' The Country,Keith Urban,Country,0.36,1.358,0.0,0.0,0.0,0.0,0.0
10227,Country_00809,Whenever I Run,Keith Urban,Country,0.3947,1.3905,0.0,0.0,0.0,0.0,0.0
10228,Country_00810,Where The Blacktop Ends,Keith Urban,Country,0.6486,1.2475,0.0,0.0,0.0,0.0,0.0
10229,Country_00811,Without You,Keith Urban,Country,0.3125,1.5629,0.0,0.0,0.0,0.0,0.0
10230,Country_00812,You Look Good In My Shirt,Keith Urban,Country,0.1923,1.4378,0.0,0.0,0.0,0.0,0.0
10232,Country_00813,You'll Think Of Me,Keith Urban,Country,0.4727,1.4263,0.0,0.0,0.0,0.0,0.0
39554,Country_00814,A Little Luck Of Our Own,Keith Urban,Country,0.2,1.5,0.0,0.0,0.0,0.0,0.0
39555,Country_00815,Arms Of Mary,Keith Urban,Country,0.3529,1.4176,0.0,0.0,0.0,0.0,0.0
39556,Country_00816,Blue Stranger,Keith Urban,Country,0.3333,1.5481,0.0,0.0,0.0,0.0,0.0
39557,Country_00817,Break On Me,Keith Urban,Country,0.6078,1.3459,0.0,0.0,0.0,0.0,0.0
39558,Country_00818,But For The Grace Of God,Keith Urban,Country,0.4762,1.5302,0.0,0.0,0.0,0.0,0.0
39559,Country_00819,Come Back To Me,Keith Urban,Country,0.1667,1.3922,0.0,0.0,0.0,0.0,0.0
39560,Country_00820,Cop Car,Keith Urban,Country,0.6341,1.5342,0.0,0.0,0.0,0.0,0.0
39561,Country_00821,Country Comfort,Keith Urban,Country,0.0833,1.569,0.0,0.0,0.0,0.0,0.0
39562,Country_00822,Days Go By,Keith Urban,Country,0.4462,1.3597,0.0,0.0,0.0,0.0,0.0
39563,Country_00823,Desiree,Keith Urban,Country,0.2581,1.5591,0.0,0.0,0.0,0.0,0.0
39564,Country_00824,Don't Shut Me Out,Keith Urban,Country,0.4,1.6895,0.0,0.0,0.0,0.0,0.0
39565,Country_00825,Even The Stars Fall 4 U,Keith Urban,Country,0.5909,1.3451,0.0,0.0,0.0,0.0,0.0
39566,Country_00826,Faster Car,Keith Urban,Country,0.2222,1.4503,0.0,0.0,0.0,0.0,0.0
39567,Country_00827,Freedom's Finally Mine,Keith Urban,Country,0.2414,1.6589,0.0,0.0,0.0,0.0,0.0
39568,Country_00828,Georgia Woods,Keith Urban,Country,0.2,1.5621,0.0,0.0,0.0,0.0,0.0
39569,Country_00829,Ghost In This Guitar,Keith Urban,Country,0.0714,1.5405,0.0,0.0,0.0,0.0,0.0
39570,Country_00830,God Made Woman,Keith Urban,Country,0.1,1.5617,0.0,0.0,0.0,0.0,0.0
39571,Country_00831,God's Been Good To Me,Keith Urban,Country,0.0952,1.696,0.0,0.0,0.0,0.0,0.0
39572,Country_00832,Good Thing,Keith Urban,Country,0.44,1.5247,0.0,0.0,0.0,0.0,0.0
39573,Country_00833,Got It Bad,Keith Urban,Country,0.5526,1.4395,0.0,0.0,0.0,0.0,0.0
39574,Country_00834,Hank Don't Fail Me Now,Keith Urban,Country,0.3077,1.4257,0.0,0.0,0.0,0.0,0.0
39575,Country_00835,Heart Like Mine,Keith Urban,Country,0.069,1.4291,0.0,0.0,0.0,0.0,0.0
39576,Country_00836,Hit The Ground Running,Keith Urban,Country,0.4412,1.2683,0.0,0.0,0.0,0.0,0.0
39577,Country_00837,Hold On To Your Dreams,Keith Urban,Country,0.4286,1.5447,0.0,0.0,0.0,0.0,0.0
39578,Country_00838,Homespun Love,Keith Urban,Country,0.0769,1.5462,0.0,0.0,0.0,0.0,0.0
39579,Country_00839,I Could Fly,Keith Urban,Country,0.5098,1.247,0.0,0.0,0.0,0.0,0.0
39580,Country_00840,I Made It Through Today,Keith Urban,Country,0.5517,1.4897,0.0,0.0,0.0,0.0,0.0
39581,Country_00841,I Thought You Knew,Keith Urban,Country,0.56,1.4927,0.0,0.0,0.0,0.0,0.0
39582,Country_00842,I Told You So,Keith Urban,Country,0.5,1.5425,0.0,0.0,0.0,0.0,0.0
39583,Country_00843,I Wanna Be Your Man (Forever),Keith Urban,Country,0.1111,1.6286,0.0,0.0,0.0,0.0,0.0
39584,Country_00844,If Ever I Could Love,Keith Urban,Country,0.2444,1.4843,0.0,0.0,0.0,0.0,0.0
39585,Country_00845,If You Wanna Stay,Keith Urban,Country,0.5,1.344,0.0,0.0,0.0,0.0,0.0
39586,Country_00846,I'm In,Keith Urban,Country,0.4,1.3731,0.0,0.0,0.0,0.0,0.0
39587,Country_00847,It's A Love Thing,Keith Urban,Country,0.3261,1.288,0.0,0.0,0.0,0.0,0.0
39588,Country_00848,Long Hot Summer,Keith Urban,Country,0.1714,1.4373,0.0,0.0,0.0,0.0,0.0
39589,Country_00849,Love We Got Goin',Keith Urban,Country,0.0909,1.4992,0.0,0.0,0.0,0.0,0.0
39590,Country_00850,Love's Poster Child,Keith Urban,Country,0.6176,1.3917,0.0,0.0,0.0,0.0,0.0
39591,Country_00851,Lovin' On The Side,Keith Urban,Country,0.2414,1.6103,0.0,0.0,0.0,0.0,0.0
39592,Country_00852,Man Of The House,Keith Urban,Country,0.0769,1.5314,0.0,0.0,0.0,0.0,0.0
39593,Country_00853,My Heart Is Open,Keith Urban,Country,0.3429,1.5664,0.0,0.0,0.0,0.0,0.0
39594,Country_00854,Nobody Drinks Alone,Keith Urban,Country,0.24,1.6733,0.0,0.0,0.0,0.0,0.0
39595,Country_00855,One Chord Song (Hidden Track),Keith Urban,Country,0.1429,1.4476,0.0,0.0,0.0,0.0,0.0
39596,Country_00856,Only You,Keith Urban,Country,0.4074,1.1507,0.0,0.0,0.0,0.0,0.0
39597,Country_00857,Only You Can Love Me This Way,Keith Urban,Country,0.2,1.6533,0.0,0.0,0.0,0.0,0.0
39598,Country_00858,Put You In A Song,Keith Urban,Country,0.35,1.3453,0.0,0.0,0.0,0.0,0.0
39599,Country_00859,Raining On Sunday,Keith Urban,Country,0.5,1.6077,0.0,0.0,0.0,0.0,0.0
39600,Country_00860,Raise 'Em Up,Keith Urban,Country,0.25,1.421,0.0,0.0,0.0,0.0,0.0
39601,Country_00861,She's My 11,Keith Urban,Country,0.32,1.3634,0.0,0.0,0.0,0.0,0.0
39602,Country_00862,Shine,Keith Urban,Country,0.525,1.4569,0.0,0.0,0.0,0.0,0.0
39603,Country_00863,Some Days You Gotta Dance,Keith Urban,Country,0.2308,1.4526,0.0,0.0,0.0,0.0,0.0
39604,Country_00864,Somebody Like You,Keith Urban,Country,0.2162,1.5926,0.0,0.0,0.0,0.0,0.0
39605,Country_00865,Sometimes Angels Can't Fly,Keith Urban,Country,0.1923,1.6628,0.0,0.0,0.0,0.0,0.0
39606,Country_00866,Somewhere In My Car,Keith Urban,Country,0.6364,1.5747,0.0,0.0,0.0,0.0,0.0
39607,Country_00867,Song For Dad,Keith Urban,Country,0.3922,1.6384,0.0,0.0,0.0,0.0,0.0
39608,Country_00868,Standing Right In Front Of You,Keith Urban,Country,0.1633,1.451,0.0,0.0,0.0,0.0,0.0
39609,Country_00869,Stuck In The Middle,Keith Urban,Country,0.697,1.4042,0.0,0.0,0.0,0.0,0.0
39610,Country_00870,Sweet Thing,Keith Urban,Country,0.5106,1.366,0.0,0.0,0.0,0.0,0.0
39611,Country_00871,Tangled Up In Love,Keith Urban,Country,0.25,1.5391,0.0,0.0,0.0,0.0,0.0
39612,Country_00872,Thank You,Keith Urban,Country,0.2639,1.3829,0.0,0.0,0.0,0.0,0.0
39613,Country_00873,The River,Keith Urban,Country,0.1053,1.5509,0.0,0.0,0.0,0.0,0.0
39616,Country_00874,Til' Summer Comes Around,Keith Urban,Country,0.3889,1.641,0.0,0.0,0.0,0.0,0.0
39618,Country_00875,Tu Compania,Keith Urban,Country,0.4333,1.5194,0.0,0.0,0.0,0.0,0.0
39619,Country_00876,Used To The Pain,Keith Urban,Country,0.087,1.608,0.0,0.0,0.0,0.0,0.0
39620,Country_00877,Wasted Time,Keith Urban,Country,0.4118,1.4107,0.0,0.0,0.0,0.0,0.0
39621,Country_00878,We Were Us,Keith Urban,Country,0.1562,1.5773,0.0,0.0,0.0,0.0,0.0
39623,Country_00879,What Love Is That Way,Keith Urban,Country,0.5312,1.3354,0.0,0.0,0.0,0.0,0.0
39624,Country_00880,Who Wouldn't Wanna Be Me,Keith Urban,Country,0.6,1.5815,0.0,0.0,0.0,0.0,0.0
39625,Country_00881,Why's It Feel So Long,Keith Urban,Country,0.4407,1.3198,0.0,0.0,0.0,0.0,0.0
39626,Country_00882,Won't Let You Down,Keith Urban,Country,0.4048,1.4587,0.0,0.0,0.0,0.0,0.0
39627,Country_00883,Yesterday,Keith Urban,Country,0.0769,1.7365,0.0,0.0,0.0,0.0,0.0
39628,Country_00884,You Gonna Fly,Keith Urban,Country,0.4681,1.4185,0.0,0.0,0.0,0.0,0.0
39629,Country_00885,You (Or Somebody Like You),Keith Urban,Country,0.1026,1.8783,0.0,0.0,0.0,0.0,0.0
39630,Country_00886,Your Everything,Keith Urban,Country,0.4706,1.473,0.0,0.0,0.0,0.0,0.0
39631,Country_00887,Your The Only One,Keith Urban,Country,0.6889,1.7419,0.0,0.0,0.0,0.0,0.0
39632,Country_00888,You're My Better Half,Keith Urban,Country,0.5682,1.5729,0.0,0.0,0.0,0.0,0.0
39633,Country_00889,You're Not Alone Tonight,Keith Urban,Country,0.1034,1.6345,0.0,0.0,0.0,0.0,0.0
39634,Country_00890,You're Not My God,Keith Urban,Country,0.4898,1.5959,0.0,0.0,0.0,0.0,0.0
6712,Country_00891,4 Minus 3 Equals Zero,George Strait,Country,0.375,1.6229,0.0,0.0,0.0,0.0,0.0
6713,Country_00892,80 Proof Bottle Of Tear Stopper,George Strait,Country,0.6,1.6169,0.0,0.0,0.0,0.0,0.0
6714,Country_00893,A Better Rain,George Strait,Country,0.4545,1.4374,0.0,0.0,0.0,0.0,0.0
6715,Country_00894,A Fire I Can't Put Out,George Strait,Country,0.4,1.4787,0.0,0.0,0.0,0.0,0.0
6716,Country_00895,A Heart Like Hers,George Strait,Country,0.0952,1.4016,0.0,0.0,0.0,0.0,0.0
6717,Country_00896,A Little Heaven's Rubbing Off On Me,George Strait,Country,0.2,1.6278,0.0,0.0,0.0,0.0,0.0
6718,Country_00897,All I Want For Christmas (Is My Two Front Teeth),George Strait,Country,0.84,1.3335,0.0,0.0,0.0,0.0,0.0
6719,Country_00898,All My Ex's Live In Texas,George Strait,Country,0.2759,1.8632,0.0,0.0,0.0,0.0,0.0
6720,Country_00899,All Of Me (Loves All Of You),George Strait,Country,0.6667,1.7,0.0,0.0,0.0,0.0,0.0
6721,Country_00900,Am I Blue,George Strait,Country,0.3846,1.3167,0.0,0.0,0.0,0.0,0.0
6722,Country_00901,"Angel, Angelina",George Strait,Country,0.6842,1.5921,0.0,0.0,0.0,0.0,0.0
6723,Country_00902,Baby Blue,George Strait,Country,0.625,1.4164,0.0,0.0,0.0,0.0,0.0
6724,Country_00903,Baby Your Baby,George Strait,Country,0.1111,1.463,0.0,0.0,0.0,0.0,0.0
6725,Country_00904,Baby's Gotten Good At Goodbye,George Strait,Country,0.4839,1.3793,0.0,0.0,0.0,0.0,0.0
6726,Country_00905,Beyond The Blue Neon,George Strait,Country,0.2,1.3206,0.0,0.0,0.0,0.0,0.0
6727,Country_00906,Big Ball's In Cowtown,George Strait,Country,0.375,1.3875,0.0,0.0,0.0,0.0,0.0
6728,Country_00907,Breath You Take,George Strait,Country,0.525,1.3035,0.0,0.0,0.0,0.0,0.0
6729,Country_00908,Brothers Of The Highway,George Strait,Country,0.1765,1.6567,0.0,0.0,0.0,0.0,0.0
6731,Country_00909,Christmas Cookies,George Strait,Country,0.4211,1.5482,0.0,0.0,0.0,0.0,0.0
6732,Country_00910,Come On Joe,George Strait,Country,0.0645,1.5344,0.0,0.0,0.0,0.0,0.0
6733,Country_00911,Cowboys Like Us,George Strait,Country,0.0952,1.4551,0.0,0.0,0.0,0.0,0.0
6734,Country_00912,Deep Water,George Strait,Country,0.1111,1.4046,0.0,0.0,0.0,0.0,0.0
6735,Country_00913,Desperately,George Strait,Country,0.3846,1.7132,0.0,0.0,0.0,0.0,0.0
6736,Country_00914,Do The Right Thing,George Strait,Country,0.5238,1.232,0.0,0.0,0.0,0.0,0.0
6737,Country_00915,Does Fort Worth Ever Cross Your Mind,George Strait,Country,0.6111,1.494,0.0,0.0,0.0,0.0,0.0
6738,Country_00916,Don't Make Me Come Over There And Love You,George Strait,Country,0.6429,1.503,0.0,0.0,0.0,0.0,0.0
6739,Country_00917,Don't Mind If I Do,George Strait,Country,0.6897,1.3075,0.0,0.0,0.0,0.0,0.0
6740,Country_00918,Don't Tell Me You're Not In Love,George Strait,Country,0.5294,1.2882,0.0,0.0,0.0,0.0,0.0
6741,Country_00919,Down Louisiana Way,George Strait,Country,0.6207,1.4782,0.0,0.0,0.0,0.0,0.0
6742,Country_00920,"Easy Come, Easy Go",George Strait,Country,0.2222,1.4881,0.0,0.0,0.0,0.0,0.0
6743,Country_00921,Everytime You Throw Dirt On Her (You Lose A Little Ground),George Strait,Country,0.7111,1.4481,0.0,0.0,0.0,0.0,0.0
6744,Country_00922,Famous Last Words Of A Fool,George Strait,Country,0.4483,1.3443,0.0,0.0,0.0,0.0,0.0
6745,Country_00923,Faults And All,George Strait,Country,0.0952,1.1635,0.0,0.0,0.0,0.0,0.0
6746,Country_00924,Fifteen Years Going Up,George Strait,Country,0.5,1.4191,0.0,0.0,0.0,0.0,0.0
6747,Country_00925,Fool Hearted Memory,George Strait,Country,0.0769,1.4917,0.0,0.0,0.0,0.0,0.0
6748,Country_00926,"For Christ's Sake, It's Christmas",George Strait,Country,0.7619,1.6159,0.0,0.0,0.0,0.0,0.0
6749,Country_00927,Four Down And Twelve Across,George Strait,Country,0.2941,1.5696,0.0,0.0,0.0,0.0,0.0
6751,Country_00928,Give It All We Got Tonight,George Strait,Country,0.5312,1.5172,0.0,0.0,0.0,0.0,0.0
6752,Country_00929,Give It Away,George Strait,Country,0.4,1.4963,0.0,0.0,0.0,0.0,0.0
6754,Country_00930,Go On,George Strait,Country,0.25,1.3451,0.0,0.0,0.0,0.0,0.0
6755,Country_00931,Heartland,George Strait,Country,0.1538,1.3718,0.0,0.0,0.0,0.0,0.0
6756,Country_00932,Heaven Must Be Wondering Where You Are,George Strait,Country,0.6316,1.714,0.0,0.0,0.0,0.0,0.0
6757,Country_00933,Holding My Own,George Strait,Country,0.4839,1.4667,0.0,0.0,0.0,0.0,0.0
6759,Country_00934,Honky Tonk Crazy,George Strait,Country,0.3846,1.4145,0.0,0.0,0.0,0.0,0.0
6760,Country_00935,Honky Tonk Downstairs,George Strait,Country,0.7222,1.5065,0.0,0.0,0.0,0.0,0.0
6761,Country_00936,Honky Tonk Saturday Night,George Strait,Country,0.5,1.6907,0.0,0.0,0.0,0.0,0.0
6762,Country_00937,House Of Cash,George Strait,Country,0.1818,1.522,0.0,0.0,0.0,0.0,0.0
6763,Country_00938,I Can't See Texas From Here,George Strait,Country,0.1176,1.5045,0.0,0.0,0.0,0.0,0.0
6764,Country_00939,I Cross My Heart,George Strait,Country,0.2727,1.4714,0.0,0.0,0.0,0.0,0.0
6765,Country_00940,I Found Jesus On The Jailhouse Floor,George Strait,Country,0.4667,1.4589,0.0,0.0,0.0,0.0,0.0
6766,Country_00941,I Just Can't Go On Dying Like This,George Strait,Country,0.56,1.456,0.0,0.0,0.0,0.0,0.0
6767,Country_00942,If You Ain't Lovin' (You Ain't Livin'),George Strait,Country,0.2333,1.5989,0.0,0.0,0.0,0.0,0.0
6768,Country_00943,I'll Always Remember You,George Strait,Country,0.1892,1.4719,0.0,0.0,0.0,0.0,0.0
6769,Country_00944,Is It Already Time,George Strait,Country,0.7143,1.6847,0.0,0.0,0.0,0.0,0.0
6770,Country_00945,Just Look At Me,George Strait,Country,0.6429,1.3155,0.0,0.0,0.0,0.0,0.0
6771,Country_00946,Looking Out My Window Through The Pain,George Strait,Country,0.3,1.6152,0.0,0.0,0.0,0.0,0.0
6773,Country_00947,Maria,George Strait,Country,0.2,1.5567,0.0,0.0,0.0,0.0,0.0
6774,Country_00948,Milk Cow Blues,George Strait,Country,0.1,1.31,0.0,0.0,0.0,0.0,0.0
6775,Country_00949,No One But You,George Strait,Country,0.5,1.4798,0.0,0.0,0.0,0.0,0.0
6776,Country_00950,Nobody In His Right Mind Would've Left Her,George Strait,Country,0.08,1.4767,0.0,0.0,0.0,0.0,0.0
6777,Country_00951,"Oh Me, Oh My Sweet Baby",George Strait,Country,0.6429,1.3221,0.0,0.0,0.0,0.0,0.0
6778,Country_00952,"Oh, What A Perfect Day",George Strait,Country,0.5,1.4139,0.0,0.0,0.0,0.0,0.0
6779,Country_00953,Old Time Christmas,George Strait,Country,0.2069,1.6345,0.0,0.0,0.0,0.0,0.0
6780,Country_00954,One Foot In Front Of The Other,George Strait,Country,0.25,1.6662,0.0,0.0,0.0,0.0,0.0
6781,Country_00955,"Out Of Sight, Out Of Mind",George Strait,Country,0.3125,1.3875,0.0,0.0,0.0,0.0,0.0
6782,Country_00956,Overnight Success,George Strait,Country,0.25,1.5962,0.0,0.0,0.0,0.0,0.0
33834,Country_00957,A Real Good Place To Start,George Strait,Country,0.5667,1.4421,0.0,0.0,0.0,0.0,0.0
33835,Country_00958,Ace In The Hole,George Strait,Country,0.7308,1.5389,0.0,0.0,0.0,0.0,0.0
33836,Country_00959,Adalida,George Strait,Country,0.1429,1.7318,0.0,0.0,0.0,0.0,0.0
33837,Country_00960,Always Never The Same,George Strait,Country,0.5,2.0167,0.0,0.0,0.0,0.0,0.0
33838,Country_00961,Amarillo By Morning,George Strait,Country,0.5385,2.0801,0.0,0.0,0.0,0.0,0.0
33839,Country_00962,Any Old Love Won't Do,George Strait,Country,0.7273,1.0859,0.0,0.0,0.0,0.0,0.0
33840,Country_00963,As Far As It Goes,George Strait,Country,0.2083,1.3969,0.0,0.0,0.0,0.0,0.0
33841,Country_00964,Away In A Manger,George Strait,Country,0.625,1.5198,0.0,0.0,0.0,0.0,0.0
33842,Country_00965,Back To Bein' Me,George Strait,Country,1.0,1.1274,0.0,0.0,0.0,0.0,0.0
33844,Country_00966,Blame It On Mexico,George Strait,Country,0.3478,1.5751,0.0,0.0,0.0,0.0,0.0
33845,Country_00967,Blue Clear Sky,George Strait,Country,0.5714,1.4185,0.0,0.0,0.0,0.0,0.0
33846,Country_00968,Blue Is Not A Word,George Strait,Country,0.8636,1.3439,0.0,0.0,0.0,0.0,0.0
33847,Country_00969,Blue Melodies,George Strait,Country,0.1053,1.3439,0.0,0.0,0.0,0.0,0.0
33848,Country_00970,By The Light Of A Burning Bridge,George Strait,Country,0.6111,1.5487,0.0,0.0,0.0,0.0,0.0
33849,Country_00971,Carrying Your Love With Me,George Strait,Country,0.1,1.6242,0.0,0.0,0.0,0.0,0.0
33850,Country_00972,Check Yes Or No,George Strait,Country,0.0833,1.4609,0.0,0.0,0.0,0.0,0.0
33851,Country_00973,Cow Town,George Strait,Country,0.8261,1.4833,0.0,0.0,0.0,0.0,0.0
33852,Country_00974,Dance Time In Texas,George Strait,Country,0.6667,1.4714,0.0,0.0,0.0,0.0,0.0
33853,Country_00975,Deep In The Heart Of Texas,George Strait,Country,0.5,1.375,0.0,0.0,0.0,0.0,0.0
33854,Country_00976,Down And Out,George Strait,Country,0.5882,1.3714,0.0,0.0,0.0,0.0,0.0
33855,Country_00977,Drinking Champagne,George Strait,Country,0.7778,1.64,0.0,0.0,0.0,0.0,0.0
33856,Country_00978,Every Time It Rains,George Strait,Country,0.4839,1.5542,0.0,0.0,0.0,0.0,0.0
33857,Country_00979,Gone As A Girl Can Get,George Strait,Country,0.5909,1.4727,0.0,0.0,0.0,0.0,0.0
33859,Country_00980,Good Time Charley's,George Strait,Country,0.4091,1.4525,0.0,0.0,0.0,0.0,0.0
33860,Country_00981,Haven't You Heard,George Strait,Country,0.6667,1.5333,0.0,0.0,0.0,0.0,0.0
33861,Country_00982,He Must Have Really Hurt You Bad,George Strait,Country,0.2593,1.3628,0.0,0.0,0.0,0.0,0.0
33862,Country_00983,Heartbroke,George Strait,Country,0.375,1.6953,0.0,0.0,0.0,0.0,0.0
33863,Country_00984,Heaven Is Missing An Angel,George Strait,Country,0.64,1.5907,0.0,0.0,0.0,0.0,0.0
33864,Country_00985,Her Goodbye Hit Me In The Heart,George Strait,Country,0.5238,1.1262,0.0,0.0,0.0,0.0,0.0
33865,Country_00986,Her Only Bad Habit Is Me,George Strait,Country,0.72,1.55,0.0,0.0,0.0,0.0,0.0
33866,Country_00987,Here For A Good Time,George Strait,Country,0.4138,1.3343,0.0,0.0,0.0,0.0,0.0
33867,Country_00988,Here We Go Again,George Strait,Country,0.5263,1.2096,0.0,0.0,0.0,0.0,0.0
33868,Country_00989,Hollywood Squares,George Strait,Country,0.4706,1.6824,0.0,0.0,0.0,0.0,0.0
33869,Country_00990,Home Improvement,George Strait,Country,0.6364,1.4919,0.0,0.0,0.0,0.0,0.0
33870,Country_00991,Honk If You Honky Tonk,George Strait,Country,0.1852,1.386,0.0,0.0,0.0,0.0,0.0
33871,Country_00992,Honkytonkville,George Strait,Country,0.2222,1.8167,0.0,0.0,0.0,0.0,0.0
33872,Country_00993,Hot Burning Flames,George Strait,Country,0.561,1.4045,0.0,0.0,0.0,0.0,0.0
33873,Country_00994,House Across The Bay,George Strait,Country,0.4839,1.6581,0.0,0.0,0.0,0.0,0.0
33874,Country_00995,How Bout Them Cowgirls,George Strait,Country,0.2162,1.4306,0.0,0.0,0.0,0.0,0.0
33875,Country_00996,I Aint' Her Cowboy Anymore,George Strait,Country,0.1429,1.565,0.0,0.0,0.0,0.0,0.0
33876,Country_00997,I Ain't Never Seen No One Like You,George Strait,Country,0.5556,1.5259,0.0,0.0,0.0,0.0,0.0
33877,Country_00998,I Believe,George Strait,Country,0.5484,1.8876,0.0,0.0,0.0,0.0,0.0
33878,Country_00999,I Can Still Make Cheyenne,George Strait,Country,0.619,1.4566,0.0,0.0,0.0,0.0,0.0
33879,Country_01000,I Get Along With You,George Strait,Country,0.3077,1.5215,0.0,0.0,0.0,0.0,0.0
33880,Country_01001,I Got A Car,George Strait,Country,0.3023,1.3861,0.0,0.0,0.0,0.0,0.0
33881,Country_01002,I Hate Everything,George Strait,Country,0.3902,1.4789,0.0,0.0,0.0,0.0,0.0
33882,Country_01003,I Know What I Want For Christmas,George Strait,Country,0.1538,1.4583,0.0,0.0,0.0,0.0,0.0
33883,Country_01004,I Look At You,George Strait,Country,0.7391,1.2241,0.0,0.0,0.0,0.0,0.0
33885,Country_01005,I Need Someone Like Me,George Strait,Country,0.7368,1.5061,0.0,0.0,0.0,0.0,0.0
33886,Country_01006,I Saw God Today,George Strait,Country,0.1471,1.5802,0.0,0.0,0.0,0.0,0.0
33887,Country_01007,I Should Have Watched That First Step,George Strait,Country,0.5294,1.4196,0.0,0.0,0.0,0.0,0.0
33888,Country_01008,I Thought I Heard My Heart Sing,George Strait,Country,0.7429,1.3305,0.0,0.0,0.0,0.0,0.0
33889,Country_01009,I Thought I Heard You Calling My Name,George Strait,Country,0.1765,1.4824,0.0,0.0,0.0,0.0,0.0
33890,Country_01010,I Wasn't Fooling Around,George Strait,Country,0.7857,1.7024,0.0,0.0,0.0,0.0,0.0
33891,Country_01011,I'd Just As Soon Go,George Strait,Country,0.5294,1.3289,0.0,0.0,0.0,0.0,0.0
33892,Country_01012,I'd Like To Have That One Back,George Strait,Country,0.2857,1.3827,0.0,0.0,0.0,0.0,0.0
33893,Country_01013,If I Know Me,George Strait,Country,0.4706,1.3475,0.0,0.0,0.0,0.0,0.0
33894,Country_01014,If It's Gonna Rain,George Strait,Country,0.2069,1.1994,0.0,0.0,0.0,0.0,0.0
33895,Country_01015,If The Whole World Was A Honky Tonk,George Strait,Country,0.5682,1.5663,0.0,0.0,0.0,0.0,0.0
33896,Country_01016,If You Can Do Anything Else,George Strait,Country,0.5745,1.5292,0.0,0.0,0.0,0.0,0.0
33897,Country_01017,If You're Thinking You Want A Stranger,George Strait,Country,0.3333,1.6201,0.0,0.0,0.0,0.0,0.0
33898,Country_01018,I'll Always Be Loving You,George Strait,Country,0.2143,1.5464,0.0,0.0,0.0,0.0,0.0
33899,Country_01019,I'm All Behind You Know,George Strait,Country,0.5652,1.5295,0.0,0.0,0.0,0.0,0.0
33900,Country_01020,I'm Never Gonna Let You Go,George Strait,Country,0.4545,1.4424,0.0,0.0,0.0,0.0,0.0
33901,Country_01021,In Too Deep,George Strait,Country,0.1786,1.2776,0.0,0.0,0.0,0.0,0.0
33902,Country_01022,Is It That Time Again,George Strait,Country,0.5,1.5757,0.0,0.0,0.0,0.0,0.0
33903,Country_01023,It Ain't Cool To Be Crazy About You,George Strait,Country,0.1111,1.4137,0.0,0.0,0.0,0.0,0.0
33904,Country_01024,It Just Comes Natural,George Strait,Country,0.5667,1.4617,0.0,0.0,0.0,0.0,0.0
33905,Country_01025,It Was Me,George Strait,Country,0.2,1.5055,0.0,0.0,0.0,0.0,0.0
33906,Country_01026,It's Alright With Me,George Strait,Country,0.6279,1.404,0.0,0.0,0.0,0.0,0.0
33907,Country_01027,It's Too Late Now,George Strait,Country,0.0909,1.471,0.0,0.0,0.0,0.0,0.0
33908,Country_01028,I've Come To Expect It From You,George Strait,Country,0.3056,1.3806,0.0,0.0,0.0,0.0,0.0
33909,Country_01029,I've Convinced Everybody But Me,George Strait,Country,0.6296,1.7549,0.0,0.0,0.0,0.0,0.0
33910,Country_01030,I've Got A Funny Feeling,George Strait,Country,0.5357,1.7224,0.0,0.0,0.0,0.0,0.0
33911,Country_01031,I've Seen That Look On Me,George Strait,Country,0.2667,1.5,0.0,0.0,0.0,0.0,0.0
33912,Country_01032,Jingle Bell Rock,George Strait,Country,0.2069,1.4511,0.0,0.0,0.0,0.0,0.0
33913,Country_01033,Joy To The World,George Strait,Country,0.4,1.5587,0.0,0.0,0.0,0.0,0.0
33914,Country_01034,King Of The Mountain,George Strait,Country,0.6111,1.3254,0.0,0.0,0.0,0.0,0.0
33915,Country_01035,Last In Love,George Strait,Country,0.1538,1.4203,0.0,0.0,0.0,0.0,0.0
33916,Country_01036,Last Time The First Time,George Strait,Country,0.7059,1.1412,0.0,0.0,0.0,0.0,0.0
33917,Country_01037,Lead On,George Strait,Country,0.5185,1.3981,0.0,0.0,0.0,0.0,0.0
33918,Country_01038,"Leavin's Been Comin' (For A Long, Long Time)",George Strait,Country,0.2778,1.6639,0.0,0.0,0.0,0.0,0.0
33919,Country_01039,Lefty's Gone,George Strait,Country,0.55,1.4242,0.0,0.0,0.0,0.0,0.0
33920,Country_01040,"Let It Snow, Let It Snow, Let It Snow",George Strait,Country,0.1875,1.3802,0.0,0.0,0.0,0.0,0.0
33921,Country_01041,Let's Fall To Pieces Together,George Strait,Country,0.1333,1.54,0.0,0.0,0.0,0.0,0.0
33922,Country_01042,Let's Get Down To It,George Strait,Country,0.5,1.2726,0.0,0.0,0.0,0.0,0.0
33923,Country_01043,Living And Living Well,George Strait,Country,0.5122,1.711,0.0,0.0,0.0,0.0,0.0
33924,Country_01044,Lone Star Blues,George Strait,Country,0.1111,1.4393,0.0,0.0,0.0,0.0,0.0
33925,Country_01045,Lonesome Rodeo Cowboy,George Strait,Country,0.1176,1.4961,0.0,0.0,0.0,0.0,0.0
33926,Country_01046,Look Who's Back From Town,George Strait,Country,0.4444,1.6639,0.0,0.0,0.0,0.0,0.0
33927,Country_01047,Love Comes From The Other Side Of Town,George Strait,Country,0.5882,1.431,0.0,0.0,0.0,0.0,0.0
33928,Country_01048,Love Is Everything,George Strait,Country,0.3077,1.8404,0.0,0.0,0.0,0.0,0.0
33929,Country_01049,Lovebug,George Strait,Country,0.68,1.6456,0.0,0.0,0.0,0.0,0.0
33930,Country_01050,Lover In Disguise,George Strait,Country,0.24,1.6747,0.0,0.0,0.0,0.0,0.0
33931,Country_01051,Make Her Fall In Love With Me Song,George Strait,Country,0.3889,2.3257,0.0,0.0,0.0,0.0,0.0
33932,Country_01052,Marina Del Rey,George Strait,Country,0.2593,1.6975,0.0,0.0,0.0,0.0,0.0
33933,Country_01053,Meanwhile,George Strait,Country,0.1538,1.7167,0.0,0.0,0.0,0.0,0.0
33935,Country_01054,Merry Christmas (Wherever You Are),George Strait,Country,0.4091,1.8144,0.0,0.0,0.0,0.0,0.0
33936,Country_01055,Middle Of Nowhere,George Strait,Country,0.3214,1.7179,0.0,0.0,0.0,0.0,0.0
33938,Country_01056,My Heart Won't Wander Very Far From You,George Strait,Country,0.2857,1.4301,0.0,0.0,0.0,0.0,0.0
33939,Country_01057,My Infinite Love,George Strait,Country,0.4706,1.7382,0.0,0.0,0.0,0.0,0.0
33940,Country_01058,My Old Flame Is Burnin' Another Honky Tonk Down,George Strait,Country,0.5882,1.7902,0.0,0.0,0.0,0.0,0.0
33941,Country_01059,Need I Say More,George Strait,Country,0.7667,1.6344,0.0,0.0,0.0,0.0,0.0
33942,Country_01060,Neon Row,George Strait,Country,0.5714,1.5233,0.0,0.0,0.0,0.0,0.0
33943,Country_01061,Nobody Has To Get Hurt,George Strait,Country,0.6667,1.2907,0.0,0.0,0.0,0.0,0.0
33944,Country_01062,Noel Leon,George Strait,Country,0.0909,1.4892,0.0,0.0,0.0,0.0,0.0
33945,Country_01063,O Christmas Tree,George Strait,Country,0.5,1.5948,0.0,0.0,0.0,0.0,0.0
33946,Country_01064,Ocean Front Property,George Strait,Country,0.3,1.4251,0.0,0.0,0.0,0.0,0.0
33947,Country_01065,One Of You,George Strait,Country,0.4,1.4878,0.0,0.0,0.0,0.0,0.0
33948,Country_01066,One Step At A Time,George Strait,Country,0.5652,1.4406,0.0,0.0,0.0,0.0,0.0
33949,Country_01067,Our Paths May Never Cross,George Strait,Country,0.4,1.4433,0.0,0.0,0.0,0.0,0.0
33950,Country_01068,Overnight Male,George Strait,Country,0.2778,1.4676,0.0,0.0,0.0,0.0,0.0
17209,Country_01069,A Christmas Letter,Reba Mcentire,Country,0.2727,1.4952,0.0,0.0,0.0,0.0,0.0
17210,Country_01070,A Cowboy Like You,Reba Mcentire,Country,0.1,1.445,0.0,0.0,0.0,0.0,0.0
17211,Country_01071,But Why,Reba Mcentire,Country,0.2308,1.4981,0.0,0.0,0.0,0.0,0.0
17212,Country_01072,Buying Her Roses,Reba Mcentire,Country,0.0741,1.342,0.0,0.0,0.0,0.0,0.0
17213,Country_01073,Can't Even Get The Blues,Reba Mcentire,Country,0.0769,1.584,0.0,0.0,0.0,0.0,0.0
17214,Country_01074,Cathy's Clown,Reba Mcentire,Country,0.1667,1.3826,0.0,0.0,0.0,0.0,0.0
17215,Country_01075,Congratulations,Reba Mcentire,Country,0.2812,2.2552,0.0,0.0,0.0,0.0,0.0
17216,Country_01076,Consider Me Gone,Reba Mcentire,Country,0.4571,1.5985,0.0,0.0,0.0,0.0,0.0
17217,Country_01077,Do Right By Me,Reba Mcentire,Country,0.1,1.48,0.0,0.0,0.0,0.0,0.0
17218,Country_01078,Does He Love You,Reba Mcentire,Country,0.32,1.5898,0.0,0.0,0.0,0.0,0.0
17219,Country_01079,Does The Wind Still Blow In Oklahoma,Reba Mcentire,Country,0.0606,1.5617,0.0,0.0,0.0,0.0,0.0
17220,Country_01080,Don't Forget Your Way Home,Reba Mcentire,Country,0.2857,1.3619,0.0,0.0,0.0,0.0,0.0
17221,Country_01081,"Don't Say Goodnight, Say Good Morning",Reba Mcentire,Country,0.0833,1.4098,0.0,0.0,0.0,0.0,0.0
17222,Country_01082,Don't You Believe Him,Reba Mcentire,Country,0.1429,1.544,0.0,0.0,0.0,0.0,0.0
17224,Country_01083,Every Other Weekend,Reba Mcentire,Country,0.1458,1.7634,0.0,0.0,0.0,0.0,0.0
17225,Country_01084,Every Second Someone Breaks A Heart,Reba Mcentire,Country,0.0889,1.7107,0.0,0.0,0.0,0.0,0.0
17226,Country_01085,Everyday People,Reba Mcentire,Country,0.375,1.7437,0.0,0.0,0.0,0.0,0.0
17227,Country_01086,Everything But My Heart,Reba Mcentire,Country,0.625,1.6067,0.0,0.0,0.0,0.0,0.0
17228,Country_01087,Everything That You Want,Reba Mcentire,Country,0.3226,1.7124,0.0,0.0,0.0,0.0,0.0
17229,Country_01088,Five Hundred Miles Away From Home,Reba Mcentire,Country,0.4074,1.4696,0.0,0.0,0.0,0.0,0.0
17230,Country_01089,Gonna Love Ya (Till The Cows Come Home),Reba Mcentire,Country,0.2381,1.3813,0.0,0.0,0.0,0.0,0.0
17231,Country_01090,Happy Birthday Jesus (I'll Open This One For You),Reba Mcentire,Country,0.3125,1.6282,0.0,0.0,0.0,0.0,0.0
17232,Country_01091,He Gets That From Me,Reba Mcentire,Country,0.1429,1.3971,0.0,0.0,0.0,0.0,0.0
17233,Country_01092,Heart Hush,Reba Mcentire,Country,0.08,1.488,0.0,0.0,0.0,0.0,0.0
17234,Country_01093,I Can See Forever In Your Eyes,Reba Mcentire,Country,0.1739,1.3409,0.0,0.0,0.0,0.0,0.0
17235,Country_01094,I Know How He Feels,Reba Mcentire,Country,0.08,1.3187,0.0,0.0,0.0,0.0,0.0
17236,Country_01095,I'd Say You,Reba Mcentire,Country,0.6667,1.4094,0.0,0.0,0.0,0.0,0.0
17237,Country_01096,If I Could Live Your Life,Reba Mcentire,Country,0.4839,1.4032,0.0,0.0,0.0,0.0,0.0
17238,Country_01097,If I Could Only Be Like You,Reba Mcentire,Country,0.6471,1.4204,0.0,0.0,0.0,0.0,0.0
17239,Country_01098,If I Fell,Reba Mcentire,Country,0.5185,1.1574,0.0,0.0,0.0,0.0,0.0
17240,Country_01099,If I Had Any Sense Left At All,Reba Mcentire,Country,0.5,1.4091,0.0,0.0,0.0,0.0,0.0
17241,Country_01100,If You Only Knew,Reba Mcentire,Country,0.2,1.4869,0.0,0.0,0.0,0.0,0.0
17242,Country_01101,I'll Believe It When I Feel It,Reba Mcentire,Country,0.2857,1.7111,0.0,0.0,0.0,0.0,0.0
17243,Country_01102,I'm A Survivor,Reba Mcentire,Country,0.3529,1.5623,0.0,0.0,0.0,0.0,0.0
17244,Country_01103,I'm A Woman,Reba Mcentire,Country,0.25,1.3644,0.0,0.0,0.0,0.0,0.0
17245,Country_01104,I'm Gettin' Over You,Reba Mcentire,Country,0.25,1.6829,0.0,0.0,0.0,0.0,0.0
17246,Country_01105,I'm Gonna Take That Mountain,Reba Mcentire,Country,0.5,1.5139,0.0,0.0,0.0,0.0,0.0
17247,Country_01106,I'm Not Your Girl,Reba Mcentire,Country,0.5172,1.3736,0.0,0.0,0.0,0.0,0.0
17248,Country_01107,Indelibly Blue,Reba Mcentire,Country,0.1875,1.6745,0.0,0.0,0.0,0.0,0.0
17249,Country_01108,Invisible,Reba Mcentire,Country,0.3889,2.2287,0.0,0.0,0.0,0.0,0.0
17250,Country_01109,Invitation To The Blues,Reba Mcentire,Country,0.5238,1.6897,0.0,0.0,0.0,0.0,0.0
17251,Country_01110,Is It Really Love,Reba Mcentire,Country,0.55,1.49,0.0,0.0,0.0,0.0,0.0
17252,Country_01111,It Always Rains On Saturday,Reba Mcentire,Country,0.1481,1.5642,0.0,0.0,0.0,0.0,0.0
17253,Country_01112,I've Never Stopped Dreaming Of You,Reba Mcentire,Country,0.2308,1.7166,0.0,0.0,0.0,0.0,0.0
17254,Country_01113,I've Waited All My Life For You,Reba Mcentire,Country,0.1923,1.62,0.0,0.0,0.0,0.0,0.0
17255,Country_01114,Just Across The Rio Grande,Reba Mcentire,Country,0.1429,1.6319,0.0,0.0,0.0,0.0,0.0
17256,Country_01115,Long Distance Lover,Reba Mcentire,Country,0.2667,1.4028,0.0,0.0,0.0,0.0,0.0
17257,Country_01116,Lookin' For A New Love Story,Reba Mcentire,Country,0.5455,1.6194,0.0,0.0,0.0,0.0,0.0
17259,Country_01117,Love Is Never Easy,Reba Mcentire,Country,0.1667,1.5938,0.0,0.0,0.0,0.0,0.0
17260,Country_01118,Love Will Find Its Way To You,Reba Mcentire,Country,0.6809,1.563,0.0,0.0,0.0,0.0,0.0
17261,Country_01119,My Mind Is On You,Reba Mcentire,Country,0.1458,1.5625,0.0,0.0,0.0,0.0,0.0
17262,Country_01120,New Fool At An Old Game,Reba Mcentire,Country,0.1818,1.2848,0.0,0.0,0.0,0.0,0.0
17263,Country_01121,Nickel Dreams,Reba Mcentire,Country,0.069,1.542,0.0,0.0,0.0,0.0,0.0
17264,Country_01122,Night Life,Reba Mcentire,Country,0.7222,1.3139,0.0,0.0,0.0,0.0,0.0
17265,Country_01123,Nobody Dies From A Broken Heart,Reba Mcentire,Country,0.1786,1.5458,0.0,0.0,0.0,0.0,0.0
17266,Country_01124,On This Day,Reba Mcentire,Country,0.5625,1.4153,0.0,0.0,0.0,0.0,0.0
17267,Country_01125,Once You've Learned To Be Lonely,Reba Mcentire,Country,0.6341,1.7801,0.0,0.0,0.0,0.0,0.0
17269,Country_01126,One Honest Heart,Reba Mcentire,Country,0.0952,1.5524,0.0,0.0,0.0,0.0,0.0
17270,Country_01127,One Last Good Hand,Reba Mcentire,Country,0.0741,1.469,0.0,0.0,0.0,0.0,0.0
50386,Country_01128,A Little Want To,Reba Mcentire,Country,0.6383,1.6592,0.0,0.0,0.0,0.0,0.0
50387,Country_01129,A New Love,Reba Mcentire,Country,0.2895,1.2998,0.0,0.0,0.0,0.0,0.0
50388,Country_01130,All Dressed Up (With Nowhere To Go),Reba Mcentire,Country,0.5,1.697,0.0,0.0,0.0,0.0,0.0
50389,Country_01131,All Of You,Reba Mcentire,Country,0.4681,1.5378,0.0,0.0,0.0,0.0,0.0
50390,Country_01132,All The Soldiers Are Dead,Reba Mcentire,Country,0.1613,1.5177,0.0,0.0,0.0,0.0,0.0
50391,Country_01133,All The Women I Am,Reba Mcentire,Country,0.2759,1.5058,0.0,0.0,0.0,0.0,0.0
50392,Country_01134,All This Time,Reba Mcentire,Country,0.1111,1.3083,0.0,0.0,0.0,0.0,0.0
50393,Country_01135,Am I The Only One Who Cares,Reba Mcentire,Country,0.1081,1.6042,0.0,0.0,0.0,0.0,0.0
50394,Country_01136,And Still,Reba Mcentire,Country,0.4,1.2947,0.0,0.0,0.0,0.0,0.0
50395,Country_01137,Angel In Your Arms,Reba Mcentire,Country,0.4865,1.5681,0.0,0.0,0.0,0.0,0.0
50397,Country_01138,Away In A Manger,Reba Mcentire,Country,0.1,1.4167,0.0,0.0,0.0,0.0,0.0
50398,Country_01139,Baby's Gone Blues,Reba Mcentire,Country,0.3478,1.4543,0.0,0.0,0.0,0.0,0.0
50399,Country_01140,Back Before The War,Reba Mcentire,Country,0.3226,1.6667,0.0,0.0,0.0,0.0,0.0
50400,Country_01141,Bad For My Own Good,Reba Mcentire,Country,0.24,1.366,0.0,0.0,0.0,0.0,0.0
50402,Country_01142,Big Blue Sky,Reba Mcentire,Country,0.4167,1.4864,0.0,0.0,0.0,0.0,0.0
50403,Country_01143,Bobby,Reba Mcentire,Country,0.1667,1.4622,0.0,0.0,0.0,0.0,0.0
50404,Country_01144,Break Each Other's Hearts Again,Reba Mcentire,Country,0.0769,1.3901,0.0,0.0,0.0,0.0,0.0
50406,Country_01145,Can't Stop Now,Reba Mcentire,Country,0.5217,1.3826,0.0,0.0,0.0,0.0,0.0
50407,Country_01146,Climb That Mountain High,Reba Mcentire,Country,0.25,1.5561,0.0,0.0,0.0,0.0,0.0
50408,Country_01147,Close To Crazy,Reba Mcentire,Country,0.2308,1.5247,0.0,0.0,0.0,0.0,0.0
50409,Country_01148,cry,Reba Mcentire,Country,0.2609,1.2518,0.0,0.0,0.0,0.0,0.0
50410,Country_01149,Daddy,Reba Mcentire,Country,0.0909,1.493,0.0,0.0,0.0,0.0,0.0
50411,Country_01150,Don't Touch Me There,Reba Mcentire,Country,0.3636,1.3874,0.0,0.0,0.0,0.0,0.0
50412,Country_01151,Empty Arms,Reba Mcentire,Country,0.4,1.3152,0.0,0.0,0.0,0.0,0.0
50413,Country_01152,Everything I'll Ever Own,Reba Mcentire,Country,0.0667,1.7322,0.0,0.0,0.0,0.0,0.0
50414,Country_01153,Everytime You Touch Her,Reba Mcentire,Country,0.4839,1.6425,0.0,0.0,0.0,0.0,0.0
50415,Country_01154,Face To Face,Reba Mcentire,Country,0.4359,1.3562,0.0,0.0,0.0,0.0,0.0
50416,Country_01155,Faith In Love,Reba Mcentire,Country,0.2381,1.5151,0.0,0.0,0.0,0.0,0.0
50417,Country_01156,Fallin' Out Of Love,Reba Mcentire,Country,0.1818,1.5868,0.0,0.0,0.0,0.0,0.0
50418,Country_01157,Fancy,Reba Mcentire,Country,0.0641,1.5386,0.0,0.0,0.0,0.0,0.0
50419,Country_01158,For Herself,Reba Mcentire,Country,0.1154,1.4799,0.0,0.0,0.0,0.0,0.0
50420,Country_01159,For My Broken Heart,Reba Mcentire,Country,0.1429,1.4374,0.0,0.0,0.0,0.0,0.0
50421,Country_01160,Forever Love,Reba Mcentire,Country,0.6667,1.7217,0.0,0.0,0.0,0.0,0.0
50425,Country_01161,Good Friends,Reba Mcentire,Country,0.2143,1.444,0.0,0.0,0.0,0.0,0.0
50426,Country_01162,Have I Got A Deal For You,Reba Mcentire,Country,0.2222,1.413,0.0,0.0,0.0,0.0,0.0
50427,Country_01163,He Broke Your Memory Last Night,Reba Mcentire,Country,0.3889,1.6278,0.0,0.0,0.0,0.0,0.0
50428,Country_01164,He Wants To Get Married,Reba Mcentire,Country,0.1538,1.6767,0.0,0.0,0.0,0.0,0.0
50429,Country_01165,Heart,Reba Mcentire,Country,0.1176,1.6314,0.0,0.0,0.0,0.0,0.0
50430,Country_01166,He's In Dallas,Reba Mcentire,Country,0.3,1.6785,0.0,0.0,0.0,0.0,0.0
50431,Country_01167,He's Only Everything,Reba Mcentire,Country,0.2105,1.5053,0.0,0.0,0.0,0.0,0.0
50432,Country_01168,Hold On,Reba Mcentire,Country,0.1304,1.4906,0.0,0.0,0.0,0.0,0.0
50433,Country_01169,How Blue,Reba Mcentire,Country,0.4118,1.4265,0.0,0.0,0.0,0.0,0.0
50434,Country_01170,How Does It Feel To Be Free,Reba Mcentire,Country,0.52,1.378,0.0,0.0,0.0,0.0,0.0
50435,Country_01171,How Was I To Know,Reba Mcentire,Country,0.5,1.3923,0.0,0.0,0.0,0.0,0.0
50436,Country_01172,I Don't Need Nothin' You Ain't Got,Reba Mcentire,Country,0.4333,1.5844,0.0,0.0,0.0,0.0,0.0
50437,Country_01173,I Don't Think Love Ought To Be That Way,Reba Mcentire,Country,0.6098,1.1657,0.0,0.0,0.0,0.0,0.0
50438,Country_01174,I Don't Wanna Be A One Night Stand,Reba Mcentire,Country,0.6667,1.3222,0.0,0.0,0.0,0.0,0.0
50439,Country_01175,I Don't Want To Be Alone,Reba Mcentire,Country,0.25,1.6411,0.0,0.0,0.0,0.0,0.0
50440,Country_01176,I Don't Want To Mention Any Names,Reba Mcentire,Country,0.0833,1.4725,0.0,0.0,0.0,0.0,0.0
50441,Country_01177,I Got Lost In His Arms,Reba Mcentire,Country,0.875,1.2396,0.0,0.0,0.0,0.0,0.0
50442,Country_01178,I Heard Her Cryin',Reba Mcentire,Country,0.1143,1.4629,0.0,0.0,0.0,0.0,0.0
50443,Country_01179,I Keep On Lovin' You,Reba Mcentire,Country,0.5789,1.4487,0.0,0.0,0.0,0.0,0.0
50444,Country_01180,I Know I'll Have A Better Day Tomorrow,Reba Mcentire,Country,0.25,1.4469,0.0,0.0,0.0,0.0,0.0
50445,Country_01181,I Like It That Way,Reba Mcentire,Country,0.1818,1.4091,0.0,0.0,0.0,0.0,0.0
50446,Country_01182,I Sacrificed More Than You'll Ever Lose,Reba Mcentire,Country,0.1304,1.521,0.0,0.0,0.0,0.0,0.0
50448,Country_01183,I Want A Cowboy,Reba Mcentire,Country,0.5161,1.4682,0.0,0.0,0.0,0.0,0.0
50449,Country_01184,I Want To Hear It From You,Reba Mcentire,Country,0.4,1.2792,0.0,0.0,0.0,0.0,0.0
50450,Country_01185,I Was Glad To Give My Everything To You,Reba Mcentire,Country,0.25,1.5893,0.0,0.0,0.0,0.0,0.0
50451,Country_01186,I Wish That I Could Tell You,Reba Mcentire,Country,0.4483,1.3845,0.0,0.0,0.0,0.0,0.0
50452,Country_01187,I Won't Stand In Line,Reba Mcentire,Country,0.3824,1.3382,0.0,0.0,0.0,0.0,0.0
50453,Country_01188,I Wouldn't Go That Far,Reba Mcentire,Country,0.28,1.5033,0.0,0.0,0.0,0.0,0.0
50454,Country_01189,I Wouldn't Know,Reba Mcentire,Country,0.7,1.564,0.0,0.0,0.0,0.0,0.0
50455,Country_01190,I Wouldn't Wanna Be You,Reba Mcentire,Country,0.2174,1.4457,0.0,0.0,0.0,0.0,0.0
50456,Country_01191,I'd Rather Ride Around With You,Reba Mcentire,Country,0.2857,1.4467,0.0,0.0,0.0,0.0,0.0
50457,Country_01192,If I Had Only Known,Reba Mcentire,Country,0.303,1.3364,0.0,0.0,0.0,0.0,0.0
50458,Country_01193,If I Were A Boy,Reba Mcentire,Country,0.2414,1.4862,0.0,0.0,0.0,0.0,0.0
50459,Country_01194,If Only,Reba Mcentire,Country,0.1304,1.7273,0.0,0.0,0.0,0.0,0.0
50460,Country_01195,If You See Him,Reba Mcentire,Country,0.1176,1.194,0.0,0.0,0.0,0.0,0.0
50461,Country_01196,I'll Be,Reba Mcentire,Country,0.6078,1.432,0.0,0.0,0.0,0.0,0.0
50462,Country_01197,I'll Be Home For Christmas,Reba Mcentire,Country,0.2353,1.449,0.0,0.0,0.0,0.0,0.0
50464,Country_01198,I'll Have What She's Havin',Reba Mcentire,Country,0.4146,1.4358,0.0,0.0,0.0,0.0,0.0
50465,Country_01199,I'll Still Be Loving You,Reba Mcentire,Country,0.5484,1.4355,0.0,0.0,0.0,0.0,0.0
50466,Country_01200,I'll Take Your Heart,Reba Mcentire,Country,0.28,1.2746,0.0,0.0,0.0,0.0,0.0
50467,Country_01201,I'm In Love All Over,Reba Mcentire,Country,0.7636,1.4164,0.0,0.0,0.0,0.0,0.0
50468,Country_01202,I'm Not That Lonely Yet,Reba Mcentire,Country,0.2105,1.5132,0.0,0.0,0.0,0.0,0.0
50469,Country_01203,Is There Life Out There,Reba Mcentire,Country,0.1333,1.5872,0.0,0.0,0.0,0.0,0.0
50470,Country_01204,Islands In The Stream,Reba Mcentire,Country,0.4545,1.573,0.0,0.0,0.0,0.0,0.0
50471,Country_01205,It Don't Matter,Reba Mcentire,Country,0.3333,1.6083,0.0,0.0,0.0,0.0,0.0
50472,Country_01206,It's Another Silent Night,Reba Mcentire,Country,0.08,1.43,0.0,0.0,0.0,0.0,0.0
50473,Country_01207,It's Gotta Be Love,Reba Mcentire,Country,0.4286,1.3071,0.0,0.0,0.0,0.0,0.0
50474,Country_01208,It's Not Over,Reba Mcentire,Country,0.4348,1.375,0.0,0.0,0.0,0.0,0.0
50475,Country_01209,It's Your Call,Reba Mcentire,Country,0.0909,1.5476,0.0,0.0,0.0,0.0,0.0
50476,Country_01210,I've Seen Better Days,Reba Mcentire,Country,0.2083,1.5333,0.0,0.0,0.0,0.0,0.0
50477,Country_01211,I've Still Got The Love We Made,Reba Mcentire,Country,0.1111,1.4386,0.0,0.0,0.0,0.0,0.0
50478,Country_01212,Jolene,Reba Mcentire,Country,0.675,2.1063,0.0,0.0,0.0,0.0,0.0
50479,Country_01213,Just A Little Love,Reba Mcentire,Country,0.3214,1.5804,0.0,0.0,0.0,0.0,0.0
50480,Country_01214,Just Looking For Him,Reba Mcentire,Country,0.1071,1.6208,0.0,0.0,0.0,0.0,0.0
50481,Country_01215,Just When I'd Stopped Lovin' You,Reba Mcentire,Country,0.439,1.533,0.0,0.0,0.0,0.0,0.0
50482,Country_01216,"Last Night, Ev'ry Night",Reba Mcentire,Country,0.1364,1.4294,0.0,0.0,0.0,0.0,0.0
50483,Country_01217,Let The Music Lift You Up,Reba Mcentire,Country,0.5,1.4318,0.0,0.0,0.0,0.0,0.0
50484,Country_01218,Lighter Shade Of Blue,Reba Mcentire,Country,0.25,1.5875,0.0,0.0,0.0,0.0,0.0
50485,Country_01219,Little Girl,Reba Mcentire,Country,0.0769,1.3813,0.0,0.0,0.0,0.0,0.0
50486,Country_01220,Little Rock,Reba Mcentire,Country,0.0769,1.4263,0.0,0.0,0.0,0.0,0.0
50488,Country_01221,Love Isn't Love,Reba Mcentire,Country,0.1,1.5855,0.0,0.0,0.0,0.0,0.0
50489,Country_01222,Love Needs A Holiday,Reba Mcentire,Country,0.4792,1.3726,0.0,0.0,0.0,0.0,0.0
50490,Country_01223,Love Revival,Reba Mcentire,Country,0.3721,1.621,0.0,0.0,0.0,0.0,0.0
50491,Country_01224,"Lovin You, Lovin Me",Reba Mcentire,Country,0.6667,1.7299,0.0,0.0,0.0,0.0,0.0
50492,Country_01225,Maggie Creek Road,Reba Mcentire,Country,0.0857,1.4946,0.0,0.0,0.0,0.0,0.0
50493,Country_01226,Make Me Feel Like A Woman Wants To Feel,Reba Mcentire,Country,0.2941,1.3353,0.0,0.0,0.0,0.0,0.0
50494,Country_01227,"Mary, Did You Know?",Reba Mcentire,Country,0.2903,1.3844,0.0,0.0,0.0,0.0,0.0
50495,Country_01228,Misty Blue,Reba Mcentire,Country,0.8333,1.2222,0.0,0.0,0.0,0.0,0.0
50496,Country_01229,Moving Oleta,Reba Mcentire,Country,0.1765,1.289,0.0,0.0,0.0,0.0,0.0
50497,Country_01230,Muddy Mississippi,Reba Mcentire,Country,0.1935,1.5769,0.0,0.0,0.0,0.0,0.0
50498,Country_01231,My Sister,Reba Mcentire,Country,0.0789,1.4171,0.0,0.0,0.0,0.0,0.0
50499,Country_01232,My Turn,Reba Mcentire,Country,0.7778,1.419,0.0,0.0,0.0,0.0,0.0
50500,Country_01233,Myself Without You,Reba Mcentire,Country,0.5,1.4733,0.0,0.0,0.0,0.0,0.0
50502,Country_01234,No Such Thing,Reba Mcentire,Country,0.1739,1.4362,0.0,0.0,0.0,0.0,0.0
50503,Country_01235,Nothing To Lose,Reba Mcentire,Country,0.5122,1.55,0.0,0.0,0.0,0.0,0.0
50504,Country_01236,Now And Then,Reba Mcentire,Country,0.1,1.3475,0.0,0.0,0.0,0.0,0.0
50505,Country_01237,O Holy Night,Reba Mcentire,Country,0.44,1.3687,0.0,0.0,0.0,0.0,0.0
50507,Country_01238,On My Own,Reba Mcentire,Country,0.3659,1.5294,0.0,0.0,0.0,0.0,0.0
50508,Country_01239,"One Child, One Day",Reba Mcentire,Country,0.1818,1.7515,0.0,0.0,0.0,0.0,0.0
50509,Country_01240,One Promise Too Late,Reba Mcentire,Country,0.2105,1.6157,0.0,0.0,0.0,0.0,0.0
50510,Country_01241,One Thin Dime,Reba Mcentire,Country,0.2903,1.5043,0.0,0.0,0.0,0.0,0.0
20802,Country_01242,A Little Left Over,Vince Gill,Country,0.0952,1.5119,0.0,0.0,0.0,0.0,0.0
20803,Country_01243,Baby Please Don't Go,Vince Gill,Country,0.5294,1.3832,0.0,0.0,0.0,0.0,0.0
20804,Country_01244,Baby That's Tough,Vince Gill,Country,0.5,1.2875,0.0,0.0,0.0,0.0,0.0
20805,Country_01245,Girl,Vince Gill,Country,0.6923,1.4103,0.0,0.0,0.0,0.0,0.0
20806,Country_01246,Hey God,Vince Gill,Country,0.1176,1.4099,0.0,0.0,0.0,0.0,0.0
20807,Country_01247,How Lonely Looks,Vince Gill,Country,0.5714,1.5393,0.0,0.0,0.0,0.0,0.0
20808,Country_01248,I Still Believe In You,Vince Gill,Country,0.5,1.6517,0.0,0.0,0.0,0.0,0.0
20809,Country_01249,I Will Always Love You,Vince Gill,Country,0.24,1.3986,0.0,0.0,0.0,0.0,0.0
20811,Country_01250,It Doesn't Matter Anymore,Vince Gill,Country,0.5556,1.6403,0.0,0.0,0.0,0.0,0.0
20812,Country_01251,It Won't Be The Same This Year,Vince Gill,Country,0.4583,1.628,0.0,0.0,0.0,0.0,0.0
20813,Country_01252,I've Been Hearing Things About You,Vince Gill,Country,0.16,1.6801,0.0,0.0,0.0,0.0,0.0
20814,Country_01253,Jenny Dreamed Of Trains,Vince Gill,Country,0.3846,1.591,0.0,0.0,0.0,0.0,0.0
20815,Country_01254,Let Her In,Vince Gill,Country,0.5833,1.2835,0.0,0.0,0.0,0.0,0.0
20816,Country_01255,Let's Do Something,Vince Gill,Country,0.6667,1.538,0.0,0.0,0.0,0.0,0.0
20818,Country_01256,Little Brother,Vince Gill,Country,0.3235,1.623,0.0,0.0,0.0,0.0,0.0
20819,Country_01257,Little Things,Vince Gill,Country,0.25,1.4884,0.0,0.0,0.0,0.0,0.0
20821,Country_01258,Livin' The Way I Do,Vince Gill,Country,0.2727,1.4932,0.0,0.0,0.0,0.0,0.0
20822,Country_01259,Liza Jane,Vince Gill,Country,0.7,1.403,0.0,0.0,0.0,0.0,0.0
20823,Country_01260,Look At Us,Vince Gill,Country,0.4074,1.2994,0.0,0.0,0.0,0.0,0.0
20824,Country_01261,Look What Love's Revealing,Vince Gill,Country,0.3,1.9035,0.0,0.0,0.0,0.0,0.0
20826,Country_01262,Never Alone,Vince Gill,Country,0.6471,1.7382,0.0,0.0,0.0,0.0,0.0
20827,Country_01263,Next Big Thing,Vince Gill,Country,0.1613,1.5812,0.0,0.0,0.0,0.0,0.0
20828,Country_01264,Nothin' For A Broken Heart,Vince Gill,Country,0.2667,1.5496,0.0,0.0,0.0,0.0,0.0
20829,Country_01265,Oh Carolina,Vince Gill,Country,0.1053,1.5833,0.0,0.0,0.0,0.0,0.0
20830,Country_01266,One,Vince Gill,Country,0.1053,1.7904,0.0,0.0,0.0,0.0,0.0
20831,Country_01267,One Bright Star,Vince Gill,Country,0.4286,1.3587,0.0,0.0,0.0,0.0,0.0
20832,Country_01268,Ridin' The Rodeo,Vince Gill,Country,0.5714,1.5365,0.0,0.0,0.0,0.0,0.0
20833,Country_01269,Rita Ballou,Vince Gill,Country,0.5,1.6464,0.0,0.0,0.0,0.0,0.0
20834,Country_01270,Say Hello,Vince Gill,Country,0.5882,1.3078,0.0,0.0,0.0,0.0,0.0
20835,Country_01271,She Never Makes Me Cry,Vince Gill,Country,0.3478,1.5661,0.0,0.0,0.0,0.0,0.0
20836,Country_01272,Something's Missing,Vince Gill,Country,0.3793,1.6845,0.0,0.0,0.0,0.0,0.0
20837,Country_01273,Take This Country Back,Vince Gill,Country,0.5429,1.5367,0.0,0.0,0.0,0.0,0.0
20839,Country_01274,The Only Love,Vince Gill,Country,0.5758,1.3144,0.0,0.0,0.0,0.0,0.0
20840,Country_01275,The Rhythm Of The Pourin' Rain,Vince Gill,Country,0.6667,1.5796,0.0,0.0,0.0,0.0,0.0
20841,Country_01276,The Rock Of Your Love,Vince Gill,Country,0.5455,1.3561,0.0,0.0,0.0,0.0,0.0
20842,Country_01277,The Sight Of Me Without You,Vince Gill,Country,0.375,1.8615,0.0,0.0,0.0,0.0,0.0
20843,Country_01278,The Sun's Gonna Shine On You,Vince Gill,Country,0.5,1.43,0.0,0.0,0.0,0.0,0.0
20844,Country_01279,There's Not Much Love Here Anymore,Vince Gill,Country,0.1538,1.4551,0.0,0.0,0.0,0.0,0.0
20845,Country_01280,These Days,Vince Gill,Country,0.6364,1.2955,0.0,0.0,0.0,0.0,0.0
20846,Country_01281,This Memory Of You,Vince Gill,Country,0.3684,1.8491,0.0,0.0,0.0,0.0,0.0
20847,Country_01282,This Old Guitar And Me,Vince Gill,Country,0.0625,1.5965,0.0,0.0,0.0,0.0,0.0
20848,Country_01283,'til The Best Comes Along,Vince Gill,Country,0.3333,1.4667,0.0,0.0,0.0,0.0,0.0
20849,Country_01284,Til The Season Comes Around Again,Vince Gill,Country,0.6154,1.4282,0.0,0.0,0.0,0.0,0.0
20850,Country_01285,Tryin' To Get Over You,Vince Gill,Country,0.5,1.4427,0.0,0.0,0.0,0.0,0.0
20853,Country_01286,We Won't Dance,Vince Gill,Country,0.7,1.4279,0.0,0.0,0.0,0.0,0.0
20854,Country_01287,What If I Say Goodbye,Vince Gill,Country,0.6818,1.4045,0.0,0.0,0.0,0.0,0.0
20855,Country_01288,What They All Call Love,Vince Gill,Country,0.1333,1.5222,0.0,0.0,0.0,0.0,0.0
20856,Country_01289,When I Call Your Name,Vince Gill,Country,0.4706,1.6755,0.0,0.0,0.0,0.0,0.0
20857,Country_01290,When I Look Into Your Heart,Vince Gill,Country,0.4706,1.6618,0.0,0.0,0.0,0.0,0.0
20858,Country_01291,When Love Finds You,Vince Gill,Country,0.25,1.4827,0.0,0.0,0.0,0.0,0.0
20859,Country_01292,Winter Wonderland,Vince Gill,Country,0.1429,1.6524,0.0,0.0,0.0,0.0,0.0
20860,Country_01293,With You,Vince Gill,Country,0.5227,1.4681,0.0,0.0,0.0,0.0,0.0
20861,Country_01294,Without You,Vince Gill,Country,0.2353,1.5397,0.0,0.0,0.0,0.0,0.0
20862,Country_01295,Workin' On A Big Chill,Vince Gill,Country,0.5455,1.4864,0.0,0.0,0.0,0.0,0.0
20863,Country_01296,Worlds Apart,Vince Gill,Country,0.1429,1.627,0.0,0.0,0.0,0.0,0.0
20864,Country_01297,You Ain't Foolin' Nobody,Vince Gill,Country,0.4583,1.6104,0.0,0.0,0.0,0.0,0.0
20865,Country_01298,You And You Alone,Vince Gill,Country,0.4,1.6473,0.0,0.0,0.0,0.0,0.0
20866,Country_01299,You Better Think Twice,Vince Gill,Country,0.3333,1.5097,0.0,0.0,0.0,0.0,0.0
55106,Country_01300,A Cradle In Bethlehem,Vince Gill,Country,0.5,1.7958,0.0,0.0,0.0,0.0,0.0
55108,Country_01301,A River Like You,Vince Gill,Country,0.5676,1.5359,0.0,0.0,0.0,0.0,0.0
55109,Country_01302,Ace Up Your Pretty Sleeve,Vince Gill,Country,0.5,1.4667,0.0,0.0,0.0,0.0,0.0
55110,Country_01303,Ain't It Always That Way,Vince Gill,Country,0.5385,1.3202,0.0,0.0,0.0,0.0,0.0
55111,Country_01304,All Prayed Up,Vince Gill,Country,0.6923,1.4721,0.0,0.0,0.0,0.0,0.0
55112,Country_01305,All Those Years,Vince Gill,Country,0.2105,1.4724,0.0,0.0,0.0,0.0,0.0
55113,Country_01306,Almost Home,Vince Gill,Country,0.3043,1.5544,0.0,0.0,0.0,0.0,0.0
55114,Country_01307,Bet It All On You,Vince Gill,Country,0.678,1.2428,0.0,0.0,0.0,0.0,0.0
55115,Country_01308,Blue Christmas,Vince Gill,Country,1.0,1.4604,0.0,0.0,0.0,0.0,0.0
55116,Country_01309,Cinderella,Vince Gill,Country,0.4651,1.7243,0.0,0.0,0.0,0.0,0.0
55117,Country_01310,Cold Gray Light Of Gone,Vince Gill,Country,0.619,1.5079,0.0,0.0,0.0,0.0,0.0
55118,Country_01311,Colder Than Winter,Vince Gill,Country,0.5833,1.4826,0.0,0.0,0.0,0.0,0.0
55119,Country_01312,Cowboy Up,Vince Gill,Country,0.1111,1.6298,0.0,0.0,0.0,0.0,0.0
55120,Country_01313,Do You Hear What I Hear,Vince Gill,Country,0.5952,1.6444,0.0,0.0,0.0,0.0,0.0
55121,Country_01314,Don't Come Cryin' To Me,Vince Gill,Country,0.6923,1.3615,0.0,0.0,0.0,0.0,0.0
55122,Country_01315,Don't Let Our Love Start Slippin' Away,Vince Gill,Country,0.4,1.5956,0.0,0.0,0.0,0.0,0.0
55123,Country_01316,Don't Pretend With Me,Vince Gill,Country,0.4091,1.575,0.0,0.0,0.0,0.0,0.0
55124,Country_01317,Don't Say That You Love Me,Vince Gill,Country,0.25,1.5188,0.0,0.0,0.0,0.0,0.0
55125,Country_01318,Down To New Orleans,Vince Gill,Country,0.25,1.3271,0.0,0.0,0.0,0.0,0.0
55126,Country_01319,Everybody's Sweetheart,Vince Gill,Country,0.1562,1.6812,0.0,0.0,0.0,0.0,0.0
55127,Country_01320,Everything And Nothing,Vince Gill,Country,0.56,1.6247,0.0,0.0,0.0,0.0,0.0
55128,Country_01321,Faint Of Heart,Vince Gill,Country,0.7727,1.3106,0.0,0.0,0.0,0.0,0.0
55129,Country_01322,Feels Like Love,Vince Gill,Country,0.1579,1.5236,0.0,0.0,0.0,0.0,0.0
55130,Country_01323,For The Last Time,Vince Gill,Country,0.1333,1.6222,0.0,0.0,0.0,0.0,0.0
55131,Country_01324,From Where I Stand,Vince Gill,Country,0.1111,1.2772,0.0,0.0,0.0,0.0,0.0
55132,Country_01325,Give Me The Highway,Vince Gill,Country,0.7647,1.5402,0.0,0.0,0.0,0.0,0.0
55134,Country_01326,Go Rest High On That Mountain,Vince Gill,Country,0.4706,1.4275,0.0,0.0,0.0,0.0,0.0
55135,Country_01327,High Lonesome Sound,Vince Gill,Country,0.1538,1.6385,0.0,0.0,0.0,0.0,0.0
55136,Country_01328,I Can't Let Go,Vince Gill,Country,0.5556,1.296,0.0,0.0,0.0,0.0,0.0
55137,Country_01329,I Never Really Knew You,Vince Gill,Country,0.1538,1.528,0.0,0.0,0.0,0.0,0.0
55138,Country_01330,I Quit,Vince Gill,Country,0.1053,1.3965,0.0,0.0,0.0,0.0,0.0
55139,Country_01331,If I Can Make Mississippi,Vince Gill,Country,0.5294,1.7275,0.0,0.0,0.0,0.0,0.0
55140,Country_01332,If I Didn't Have You In My World,Vince Gill,Country,0.6,1.4083,0.0,0.0,0.0,0.0,0.0
55141,Country_01333,If I Had My Way,Vince Gill,Country,0.4762,1.4683,0.0,0.0,0.0,0.0,0.0
55143,Country_01334,If There's Anything I Can Do,Vince Gill,Country,0.25,1.7146,0.0,0.0,0.0,0.0,0.0
55144,Country_01335,If You Ever Have Forever In Mind,Vince Gill,Country,0.2857,1.5929,0.0,0.0,0.0,0.0,0.0
55145,Country_01336,I'll Take Texas,Vince Gill,Country,0.5625,1.6302,0.0,0.0,0.0,0.0,0.0
55146,Country_01337,In These Last Few Days,Vince Gill,Country,0.1111,1.4062,0.0,0.0,0.0,0.0,0.0
55147,Country_01338,Let It Snow Let It Snow Let It Snow,Vince Gill,Country,0.125,1.3562,0.0,0.0,0.0,0.0,0.0
55148,Country_01339,Let There Be Peace On Earth,Vince Gill,Country,0.3125,1.6042,0.0,0.0,0.0,0.0,0.0
55149,Country_01340,Losing Your Love,Vince Gill,Country,0.2,1.4206,0.0,0.0,0.0,0.0,0.0
55150,Country_01341,Love Never Broke Anyone's Heart,Vince Gill,Country,0.4,1.6333,0.0,0.0,0.0,0.0,0.0
55151,Country_01342,Loving You Makes Me A Better Man,Vince Gill,Country,0.2273,1.407,0.0,0.0,0.0,0.0,0.0
55153,Country_01343,Molly Brown,Vince Gill,Country,0.1892,1.509,0.0,0.0,0.0,0.0,0.0
55154,Country_01344,Never Knew Lonely,Vince Gill,Country,0.55,1.5575,0.0,0.0,0.0,0.0,0.0
55155,Country_01345,No Easy Way,Vince Gill,Country,0.6,1.3175,0.0,0.0,0.0,0.0,0.0
55156,Country_01346,No Future In The Past,Vince Gill,Country,0.6,1.5682,0.0,0.0,0.0,0.0,0.0
55157,Country_01347,Nothin' Left To Say,Vince Gill,Country,0.2222,1.5401,0.0,0.0,0.0,0.0,0.0
55158,Country_01348,Nothing Like A Woman,Vince Gill,Country,0.7097,1.7032,0.0,0.0,0.0,0.0,0.0
55161,Country_01349,Oklahoma Borderline,Vince Gill,Country,0.4,1.6548,0.0,0.0,0.0,0.0,0.0
55162,Country_01350,Oklahoma Swing,Vince Gill,Country,0.44,1.6464,0.0,0.0,0.0,0.0,0.0
55163,Country_01351,Old Time Fiddle,Vince Gill,Country,0.5952,1.5167,0.0,0.0,0.0,0.0,0.0
55164,Country_01352,One Dance With You,Vince Gill,Country,0.6667,1.6843,0.0,0.0,0.0,0.0,0.0
55165,Country_01353,One More Last Chance,Vince Gill,Country,0.4688,1.3042,0.0,0.0,0.0,0.0,0.0
55166,Country_01354,Out Of My Mind,Vince Gill,Country,0.5294,1.3535,0.0,0.0,0.0,0.0,0.0
55167,Country_01355,Pocket Full Of Gold,Vince Gill,Country,0.0833,1.4333,0.0,0.0,0.0,0.0,0.0
55168,Country_01356,Pretty Little Adriana,Vince Gill,Country,0.1176,1.6471,0.0,0.0,0.0,0.0,0.0
55169,Country_01357,Pretty Words,Vince Gill,Country,0.5714,1.4131,0.0,0.0,0.0,0.0,0.0
55170,Country_01358,Radio,Vince Gill,Country,0.5833,1.5002,0.0,0.0,0.0,0.0,0.0
55171,Country_01359,Real Lady's Man,Vince Gill,Country,0.1667,1.7605,0.0,0.0,0.0,0.0,0.0
55172,Country_01360,Real Mean Bottle,Vince Gill,Country,0.5,1.4488,0.0,0.0,0.0,0.0,0.0
55173,Country_01361,Santa Claus Is Coming To Town,Vince Gill,Country,0.2105,1.6479,0.0,0.0,0.0,0.0,0.0
55174,Country_01362,She Don't Know,Vince Gill,Country,0.1765,1.4098,0.0,0.0,0.0,0.0,0.0
55175,Country_01363,Shoot Straight From Your Heart,Vince Gill,Country,0.2,1.4433,0.0,0.0,0.0,0.0,0.0
55176,Country_01364,Sight For Sore Eyes,Vince Gill,Country,0.5833,1.3583,0.0,0.0,0.0,0.0,0.0
55178,Country_01365,Smilin' Song,Vince Gill,Country,0.5484,1.4829,0.0,0.0,0.0,0.0,0.0
55179,Country_01366,Some Things Never Get Old,Vince Gill,Country,0.1154,1.5673,0.0,0.0,0.0,0.0,0.0
55180,Country_01367,Son Of A Ramblin' Man,Vince Gill,Country,0.5556,1.3114,0.0,0.0,0.0,0.0,0.0
55181,Country_01368,South Side Of Dixie,Vince Gill,Country,0.2857,1.5759,0.0,0.0,0.0,0.0,0.0
55182,Country_01369,Sparkle,Vince Gill,Country,0.3333,1.7428,0.0,0.0,0.0,0.0,0.0
55183,Country_01370,Sweet Augusta Darlin',Vince Gill,Country,0.5385,1.6058,0.0,0.0,0.0,0.0,0.0
55184,Country_01371,Sweet Little Corrina,Vince Gill,Country,0.6,1.4529,0.0,0.0,0.0,0.0,0.0
55185,Country_01372,Sweet Thing,Vince Gill,Country,0.3939,1.3915,0.0,0.0,0.0,0.0,0.0
55186,Country_01373,Take Your Memory With You,Vince Gill,Country,0.5,1.4861,0.0,0.0,0.0,0.0,0.0
55188,Country_01374,Tell Me One More Time About Jesus,Vince Gill,Country,0.3103,1.6138,0.0,0.0,0.0,0.0,0.0
55189,Country_01375,That Friend Of Mine,Vince Gill,Country,0.6111,1.2694,0.0,0.0,0.0,0.0,0.0
55190,Country_01376,The Heart Won't Lie,Vince Gill,Country,0.3448,1.5287,0.0,0.0,0.0,0.0,0.0
55191,Country_01377,The Hills Of Caroline,Vince Gill,Country,0.2727,1.7894,0.0,0.0,0.0,0.0,0.0
55192,Country_01378,The Key To Life,Vince Gill,Country,0.1818,1.4692,0.0,0.0,0.0,0.0,0.0
55193,Country_01379,The Luckiest Guy In The World,Vince Gill,Country,0.2609,1.4025,0.0,0.0,0.0,0.0,0.0
55195,Country_01380,The Strings That Tie You Down,Vince Gill,Country,0.25,1.3542,0.0,0.0,0.0,0.0,0.0
55196,Country_01381,This New Heartache,Vince Gill,Country,0.2222,1.5188,0.0,0.0,0.0,0.0,0.0
55197,Country_01382,Time To Carry On,Vince Gill,Country,0.5556,1.7469,0.0,0.0,0.0,0.0,0.0
55198,Country_01383,True Love,Vince Gill,Country,0.3077,1.4853,0.0,0.0,0.0,0.0,0.0
55199,Country_01384,Turn Me Loose,Vince Gill,Country,0.1739,1.3451,0.0,0.0,0.0,0.0,0.0
55202,Country_01385,Way Back Home,Vince Gill,Country,0.5385,1.5144,0.0,0.0,0.0,0.0,0.0
55203,Country_01386,We Could Have Been,Vince Gill,Country,0.5517,1.4299,0.0,0.0,0.0,0.0,0.0
55204,Country_01387,What Child Is This,Vince Gill,Country,0.5833,1.4097,0.0,0.0,0.0,0.0,0.0
55205,Country_01388,What The Cowgirls Do,Vince Gill,Country,0.5,1.5867,0.0,0.0,0.0,0.0,0.0
55206,Country_01389,What You Don't Say,Vince Gill,Country,0.7419,1.1624,0.0,0.0,0.0,0.0,0.0
55207,Country_01390,What You Give Away,Vince Gill,Country,0.6316,1.5004,0.0,0.0,0.0,0.0,0.0
55208,Country_01391,What's A Man To Do,Vince Gill,Country,0.1429,1.4667,0.0,0.0,0.0,0.0,0.0
55209,Country_01392,Which Way Will You Go,Vince Gill,Country,0.6087,1.3812,0.0,0.0,0.0,0.0,0.0
55210,Country_01393,White Christmas,Vince Gill,Country,0.6923,1.6731,0.0,0.0,0.0,0.0,0.0
55211,Country_01394,Young Man's Town,Vince Gill,Country,0.5357,1.2019,0.0,0.0,0.0,0.0,0.0
4187,RnB_00001,A Brand New Day,Diana Ross,RnB,0.8269,1.7481,0.0,0.0,0.0,0.0,0.0
4188,RnB_00002,A Dream Is A Wish Your Heart Makes,Diana Ross,RnB,0.4615,1.5321,0.0,0.0,0.0,0.0,0.0
4189,RnB_00003,A Simple Thing Like Cry,Diana Ross,RnB,0.6842,1.3026,0.0,0.0,0.0,0.0,0.0
4190,RnB_00004,After You,Diana Ross,RnB,0.7018,1.6433,0.0,0.0,0.0,0.0,0.0
4191,RnB_00005,Ain't No Mountain High Enough,Diana Ross,RnB,0.3333,1.4185,0.0,0.0,0.0,0.0,0.0
4192,RnB_00006,Ain't No Sad Song,Diana Ross,RnB,0.3043,1.3721,0.0,0.0,0.0,0.0,0.0
4193,RnB_00007,Ain't Nothin' But A Maybe,Diana Ross,RnB,0.6735,1.5442,0.0,0.0,0.0,0.0,0.0
4194,RnB_00008,All Night Lover,Diana Ross,RnB,0.6296,1.5006,0.0,0.0,0.0,0.0,0.0
4195,RnB_00009,All Of Me,Diana Ross,RnB,0.4211,1.2685,0.0,0.0,0.0,0.0,0.0
4196,RnB_00010,All Of You,Diana Ross,RnB,0.3125,1.4924,0.0,0.0,0.0,0.0,0.0
4197,RnB_00011,Always And Forever,Diana Ross,RnB,0.3704,1.6673,0.0,0.0,0.0,0.0,0.0
4199,RnB_00012,Anywhere You Run To,Diana Ross,RnB,0.8077,1.5756,0.0,0.0,0.0,0.0,0.0
4200,RnB_00013,Behind Closed Doors,Diana Ross,RnB,0.4118,1.3752,0.0,0.0,0.0,0.0,0.0
4201,RnB_00014,Can't Get Started With You,Diana Ross,RnB,0.5385,1.6577,0.0,0.0,0.0,0.0,0.0
4202,RnB_00015,Change Of Heart,Diana Ross,RnB,0.4681,1.5851,0.0,0.0,0.0,0.0,0.0
4203,RnB_00016,Confide In Me,Diana Ross,RnB,0.5294,1.7868,0.0,0.0,0.0,0.0,0.0
4204,RnB_00017,Don't Give Up On Each Other,Diana Ross,RnB,0.3061,1.5844,0.0,0.0,0.0,0.0,0.0
4205,RnB_00018,"Doobedood'ndoobe, Doobedood'ndoobe, Doobedood'ndoo",Diana Ross,RnB,0.614,2.2332,0.0,0.0,0.0,0.0,0.0
4206,RnB_00019,Endless Love,Diana Ross,RnB,0.1163,1.2946,0.0,0.0,0.0,0.0,0.0
4207,RnB_00020,Give Up,Diana Ross,RnB,0.623,1.3333,0.0,0.0,0.0,0.0,0.0
4208,RnB_00021,He Lives In You,Diana Ross,RnB,0.6389,1.9685,0.0,0.0,0.0,0.0,0.0
4209,RnB_00022,I Ain't Been Licked,Diana Ross,RnB,0.6167,1.3717,0.0,0.0,0.0,0.0,0.0
4210,RnB_00023,I Hear A Symphony,Diana Ross,RnB,0.069,1.5623,0.0,0.0,0.0,0.0,0.0
4211,RnB_00024,I Thought It Took A Little Time,Diana Ross,RnB,0.7692,1.6034,0.0,0.0,0.0,0.0,0.0
4212,RnB_00025,I Want You,Diana Ross,RnB,0.2059,1.1777,0.0,0.0,0.0,0.0,0.0
4213,RnB_00026,If We Hold On Together,Diana Ross,RnB,0.35,1.3986,0.0,0.0,0.0,0.0,0.0
4214,RnB_00027,I'll Settle For You,Diana Ross,RnB,0.4194,1.5613,0.0,0.0,0.0,0.0,0.0
4215,RnB_00028,Imagine,Diana Ross,RnB,0.4231,1.8513,0.0,0.0,0.0,0.0,0.0
4216,RnB_00029,In And Out Of Love,Diana Ross,RnB,0.3333,1.4012,0.0,0.0,0.0,0.0,0.0
4217,RnB_00030,In Your Arms,Diana Ross,RnB,0.6,1.5417,0.0,0.0,0.0,0.0,0.0
4218,RnB_00031,It's The Same Old Song,Diana Ross,RnB,0.4889,1.6811,0.0,0.0,0.0,0.0,0.0
4219,RnB_00032,Last Time I Saw Him,Diana Ross,RnB,0.4643,1.4515,0.0,0.0,0.0,0.0,0.0
4220,RnB_00033,Let It Snow! Let It Snow! Let It Snow!,Diana Ross,RnB,0.1875,1.375,0.0,0.0,0.0,0.0,0.0
4221,RnB_00034,Let Me Go The Right Way,Diana Ross,RnB,0.375,1.1624,0.0,0.0,0.0,0.0,0.0
4222,RnB_00035,Let Somebody Know,Diana Ross,RnB,0.5581,1.6729,0.0,0.0,0.0,0.0,0.0
4223,RnB_00036,Let's Do It,Diana Ross,RnB,0.2683,1.598,0.0,0.0,0.0,0.0,0.0
4225,RnB_00037,Love Is Here And Now You're Gone,Diana Ross,RnB,0.5571,1.3655,0.0,0.0,0.0,0.0,0.0
4226,RnB_00038,Love Or Loneliness,Diana Ross,RnB,0.2807,1.6694,0.0,0.0,0.0,0.0,0.0
4227,RnB_00039,Love Story,Diana Ross,RnB,0.1935,1.4637,0.0,0.0,0.0,0.0,0.0
4228,RnB_00040,Love Will Make It Right,Diana Ross,RnB,0.4571,1.4286,0.0,0.0,0.0,0.0,0.0
4229,RnB_00041,More Today Than Yesterday,Diana Ross,RnB,0.5385,1.5352,0.0,0.0,0.0,0.0,0.0
4230,RnB_00042,My Man,Diana Ross,RnB,0.4,1.3039,0.0,0.0,0.0,0.0,0.0
29700,RnB_00043,A Breath Taking Guy,Diana Ross,RnB,0.4,1.7306,0.0,0.0,0.0,0.0,0.0
29701,RnB_00044,A Change Is Gonna Come,Diana Ross,RnB,0.3684,1.2851,0.0,0.0,0.0,0.0,0.0
29702,RnB_00045,A Hard Day's Night,Diana Ross,RnB,0.9024,1.2654,0.0,0.0,0.0,0.0,0.0
29703,RnB_00046,A Place In The Sun,Diana Ross,RnB,0.5429,1.5919,0.0,0.0,0.0,0.0,0.0
29704,RnB_00047,Ain't Nothing Like The Real Thing,Diana Ross,RnB,0.3611,1.4026,0.0,0.0,0.0,0.0,0.0
29705,RnB_00048,All For One,Diana Ross,RnB,0.3704,1.5767,0.0,0.0,0.0,0.0,0.0
29706,RnB_00049,All Of My Life,Diana Ross,RnB,0.8958,1.6035,0.0,0.0,0.0,0.0,0.0
29707,RnB_00050,And If You See Him,Diana Ross,RnB,0.3784,1.3086,0.0,0.0,0.0,0.0,0.0
29708,RnB_00051,Ave Maria,Diana Ross,RnB,0.4167,1.8799,0.0,0.0,0.0,0.0,0.0
29709,RnB_00052,Baby It's Love,Diana Ross,RnB,0.5,1.557,0.0,0.0,0.0,0.0,0.0
29710,RnB_00053,Baby It's Me,Diana Ross,RnB,0.7143,1.3967,0.0,0.0,0.0,0.0,0.0
29711,RnB_00054,Baby Love,Diana Ross,RnB,0.1154,1.3395,0.0,0.0,0.0,0.0,0.0
29712,RnB_00055,Back In My Arms Again,Diana Ross,RnB,0.3846,1.6004,0.0,0.0,0.0,0.0,0.0
29713,RnB_00056,Back To The Future,Diana Ross,RnB,0.6949,1.7599,0.0,0.0,0.0,0.0,0.0
29714,RnB_00057,Be A Lion,Diana Ross,RnB,0.3235,1.3971,0.0,0.0,0.0,0.0,0.0
29716,RnB_00058,Being In Love With You,Diana Ross,RnB,0.4717,1.6514,0.0,0.0,0.0,0.0,0.0
29717,RnB_00059,Believe In Yourself,Diana Ross,RnB,0.08,1.84,0.0,0.0,0.0,0.0,0.0
29719,RnB_00060,Brown Baby,Diana Ross,RnB,0.359,1.4872,0.0,0.0,0.0,0.0,0.0
29720,RnB_00061,But Beautiful,Diana Ross,RnB,0.6071,1.5893,0.0,0.0,0.0,0.0,0.0
29721,RnB_00062,Can I Go On?,Diana Ross,RnB,0.4783,1.5486,0.0,0.0,0.0,0.0,0.0
29722,RnB_00063,Can't Buy Me Love,Diana Ross,RnB,0.8286,1.3364,0.0,0.0,0.0,0.0,0.0
29723,RnB_00064,Can't It Wait Until Tomorrow,Diana Ross,RnB,0.5333,1.619,0.0,0.0,0.0,0.0,0.0
29724,RnB_00065,Can't Take My Eyes Off You,Diana Ross,RnB,0.2333,1.325,0.0,0.0,0.0,0.0,0.0
29725,RnB_00066,Carry On,Diana Ross,RnB,0.5833,1.5349,0.0,0.0,0.0,0.0,0.0
29726,RnB_00067,Chain Reaction,Diana Ross,RnB,0.2326,1.5407,0.0,0.0,0.0,0.0,0.0
29727,RnB_00068,Come In From The Rain,Diana Ross,RnB,0.4872,1.3598,0.0,0.0,0.0,0.0,0.0
29728,RnB_00069,Come See About Me,Diana Ross,RnB,0.3409,1.3981,0.0,0.0,0.0,0.0,0.0
29729,RnB_00070,Come Together,Diana Ross,RnB,0.3171,1.6032,0.0,0.0,0.0,0.0,0.0
29730,RnB_00071,Crazy Little Thing Called Love,Diana Ross,RnB,0.5588,1.3931,0.0,0.0,0.0,0.0,0.0
29731,RnB_00072,Crime Of Passion,Diana Ross,RnB,0.4386,1.4705,0.0,0.0,0.0,0.0,0.0
29732,RnB_00073,Cross My Heart,Diana Ross,RnB,0.5536,1.4378,0.0,0.0,0.0,0.0,0.0
29733,RnB_00074,Cryin' My Heart Out For You,Diana Ross,RnB,0.6066,1.4571,0.0,0.0,0.0,0.0,0.0
29734,RnB_00075,Dark Side Of The World,Diana Ross,RnB,0.5581,1.4025,0.0,0.0,0.0,0.0,0.0
29735,RnB_00076,Did You Read The Morning Paper?,Diana Ross,RnB,0.5429,1.5654,0.0,0.0,0.0,0.0,0.0
29736,RnB_00077,Dirty Looks,Diana Ross,RnB,0.6444,1.5647,0.0,0.0,0.0,0.0,0.0
29737,RnB_00078,Don't Explain,Diana Ross,RnB,0.25,1.3958,0.0,0.0,0.0,0.0,0.0
29738,RnB_00079,Don't Rain On My Parade,Diana Ross,RnB,0.0465,1.3663,0.0,0.0,0.0,0.0,0.0
29739,RnB_00080,Don't Stop,Diana Ross,RnB,0.5476,1.1278,0.0,0.0,0.0,0.0,0.0
29740,RnB_00081,Easy Living,Diana Ross,RnB,0.5714,1.5619,0.0,0.0,0.0,0.0,0.0
29741,RnB_00082,Every Day Is A New Day,Diana Ross,RnB,0.8361,1.5802,0.0,0.0,0.0,0.0,0.0
29742,RnB_00083,Everything Is Everything,Diana Ross,RnB,0.7234,2.0496,0.0,0.0,0.0,0.0,0.0
29743,RnB_00084,Experience,Diana Ross,RnB,0.193,1.7979,0.0,0.0,0.0,0.0,0.0
29744,RnB_00085,Family,Diana Ross,RnB,0.2667,1.7733,0.0,0.0,0.0,0.0,0.0
29745,RnB_00086,Fancy Passes,Diana Ross,RnB,0.0784,1.6267,0.0,0.0,0.0,0.0,0.0
29746,RnB_00087,Fine And Mellow,Diana Ross,RnB,0.7222,1.3806,0.0,0.0,0.0,0.0,0.0
29747,RnB_00088,Floy Joy,Diana Ross,RnB,0.5714,1.152,0.0,0.0,0.0,0.0,0.0
29748,RnB_00089,Fool For Your Love,Diana Ross,RnB,0.4167,1.5045,0.0,0.0,0.0,0.0,0.0
29749,RnB_00090,Forever Came Today,Diana Ross,RnB,0.4912,1.6754,0.0,0.0,0.0,0.0,0.0
29750,RnB_00091,Forever Young,Diana Ross,RnB,0.3714,1.5119,0.0,0.0,0.0,0.0,0.0
29751,RnB_00092,Free,Diana Ross,RnB,0.5217,1.5026,0.0,0.0,0.0,0.0,0.0
29752,RnB_00093,Friend To Friend,Diana Ross,RnB,0.1935,1.2667,0.0,0.0,0.0,0.0,0.0
29753,RnB_00094,Gettin' Ready For Love,Diana Ross,RnB,0.4889,1.3056,0.0,0.0,0.0,0.0,0.0
29754,RnB_00095,Gimme A Pigfoot And A Bottle Of Beer,Diana Ross,RnB,0.2581,1.3839,0.0,0.0,0.0,0.0,0.0
29756,RnB_00096,Glinda's Theme,Diana Ross,RnB,0.1333,1.5611,0.0,0.0,0.0,0.0,0.0
29757,RnB_00097,"Go, Tell It On The Mountain",Diana Ross,RnB,0.4444,1.5764,0.0,0.0,0.0,0.0,0.0
29758,RnB_00098,God Bless The Child,Diana Ross,RnB,0.4688,1.2104,0.0,0.0,0.0,0.0,0.0
29759,RnB_00099,Goin' Down For The Third Time,Diana Ross,RnB,0.4211,1.2117,0.0,0.0,0.0,0.0,0.0
29760,RnB_00100,Gone,Diana Ross,RnB,0.5962,1.3817,0.0,0.0,0.0,0.0,0.0
29761,RnB_00101,Good Morning Heartache,Diana Ross,RnB,0.1852,1.5296,0.0,0.0,0.0,0.0,0.0
29762,RnB_00102,Got To Be Free,Diana Ross,RnB,0.5366,1.3046,0.0,0.0,0.0,0.0,0.0
29763,RnB_00103,Had You Been Around,Diana Ross,RnB,0.8537,1.5348,0.0,0.0,0.0,0.0,0.0
29764,RnB_00104,He,Diana Ross,RnB,0.8485,1.6061,0.0,0.0,0.0,0.0,0.0
29765,RnB_00105,He's All I Got,Diana Ross,RnB,0.4348,1.5152,0.0,0.0,0.0,0.0,0.0
29766,RnB_00106,He's My Sunny Boy,Diana Ross,RnB,0.1071,1.7661,0.0,0.0,0.0,0.0,0.0
29767,RnB_00107,Hey Western Union Man,Diana Ross,RnB,0.4167,1.5744,0.0,0.0,0.0,0.0,0.0
29768,RnB_00108,His Eye Is On The Sparrow,Diana Ross,RnB,0.6087,1.5109,0.0,0.0,0.0,0.0,0.0
29770,RnB_00109,How About You,Diana Ross,RnB,0.303,1.2972,0.0,0.0,0.0,0.0,0.0
29771,RnB_00110,I Can't Give Back The Love I Feel For You,Diana Ross,RnB,0.5185,1.3185,0.0,0.0,0.0,0.0,0.0
29772,RnB_00111,I Cried For You,Diana Ross,RnB,0.875,1.1722,0.0,0.0,0.0,0.0,0.0
29773,RnB_00112,I Guess I'll Always Love You,Diana Ross,RnB,0.3333,1.3981,0.0,0.0,0.0,0.0,0.0
29774,RnB_00113,I Love You (Call Me),Diana Ross,RnB,0.3529,1.3424,0.0,0.0,0.0,0.0,0.0
29775,RnB_00114,I Love You (That's All That Really Matters),Diana Ross,RnB,0.3333,1.4067,0.0,0.0,0.0,0.0,0.0
29776,RnB_00115,I Need A Little Sugar In My Bowl,Diana Ross,RnB,0.0909,1.4216,0.0,0.0,0.0,0.0,0.0
29777,RnB_00116,I Second That Emotion,Diana Ross,RnB,0.2174,1.5694,0.0,0.0,0.0,0.0,0.0
29778,RnB_00117,I Thought That We Were Still In Love,Diana Ross,RnB,0.6667,1.4704,0.0,0.0,0.0,0.0,0.0
29780,RnB_00118,I Will,Diana Ross,RnB,0.5385,1.4487,0.0,0.0,0.0,0.0,0.0
29781,RnB_00119,I Will Survive,Diana Ross,RnB,0.6977,1.8591,0.0,0.0,0.0,0.0,0.0
29782,RnB_00120,I Won't Last A Day Without You,Diana Ross,RnB,0.3846,1.4581,0.0,0.0,0.0,0.0,0.0
29783,RnB_00121,I Wouldn't Change The Man He Is,Diana Ross,RnB,0.3571,1.5083,0.0,0.0,0.0,0.0,0.0
29784,RnB_00122,If You're Not Gonna Love Me Right,Diana Ross,RnB,0.5513,1.3621,0.0,0.0,0.0,0.0,0.0
29785,RnB_00123,I'll Try Something New,Diana Ross,RnB,0.3667,1.46,0.0,0.0,0.0,0.0,0.0
29786,RnB_00124,I'm A Winner,Diana Ross,RnB,0.4444,1.3873,0.0,0.0,0.0,0.0,0.0
29787,RnB_00125,I'm Coming Out,Diana Ross,RnB,0.1892,1.4617,0.0,0.0,0.0,0.0,0.0
29788,RnB_00126,I'm Gonna Let My Heart Do The Walking,Diana Ross,RnB,0.5455,1.3666,0.0,0.0,0.0,0.0,0.0
29789,RnB_00127,I'm Gonna Make You Love Me,Diana Ross,RnB,0.3462,1.2937,0.0,0.0,0.0,0.0,0.0
29790,RnB_00128,I'm In The World,Diana Ross,RnB,0.4286,1.2325,0.0,0.0,0.0,0.0,0.0
29791,RnB_00129,I'm Still Waiting,Diana Ross,RnB,0.3636,1.4348,0.0,0.0,0.0,0.0,0.0
29792,RnB_00130,I'm Watching You,Diana Ross,RnB,0.1707,1.5691,0.0,0.0,0.0,0.0,0.0
29793,RnB_00131,It's A Wonderful Life,Diana Ross,RnB,0.5714,1.8588,0.0,0.0,0.0,0.0,0.0
29794,RnB_00132,It's Hard For Me To Say,Diana Ross,RnB,0.2857,1.3476,0.0,0.0,0.0,0.0,0.0
29795,RnB_00133,It's My Turn,Diana Ross,RnB,0.5156,1.3151,0.0,0.0,0.0,0.0,0.0
29796,RnB_00134,It's Never Too Late,Diana Ross,RnB,0.6087,1.5944,0.0,0.0,0.0,0.0,0.0
29797,RnB_00135,It's Your Move,Diana Ross,RnB,0.7018,1.2088,0.0,0.0,0.0,0.0,0.0
29798,RnB_00136,I've Got A Crush On You,Diana Ross,RnB,0.2759,1.6667,0.0,0.0,0.0,0.0,0.0
29799,RnB_00137,Keep An Eye,Diana Ross,RnB,0.5085,1.3548,0.0,0.0,0.0,0.0,0.0
29800,RnB_00138,Keep It Right There,Diana Ross,RnB,0.7273,1.2658,0.0,0.0,0.0,0.0,0.0
29801,RnB_00139,Kiss Me Now,Diana Ross,RnB,0.6341,1.2955,0.0,0.0,0.0,0.0,0.0
29802,RnB_00140,Lets Make Every Moment Count,Diana Ross,RnB,0.1304,1.6181,0.0,0.0,0.0,0.0,0.0
29804,RnB_00141,Love Child,Diana Ross,RnB,0.2632,1.4584,0.0,0.0,0.0,0.0,0.0
29805,RnB_00142,Love Hangover,Diana Ross,RnB,0.359,1.2061,0.0,0.0,0.0,0.0,0.0
29806,RnB_00143,Love Is All That Matters,Diana Ross,RnB,0.5588,1.7142,0.0,0.0,0.0,0.0,0.0
29807,RnB_00144,Love Is Here To Stay,Diana Ross,RnB,0.9062,1.5781,0.0,0.0,0.0,0.0,0.0
29808,RnB_00145,Love Is Like An Itching In My Heart,Diana Ross,RnB,0.2059,1.5564,0.0,0.0,0.0,0.0,0.0
29809,RnB_00146,Love Lies,Diana Ross,RnB,0.3158,1.4086,0.0,0.0,0.0,0.0,0.0
29810,RnB_00147,Love Me,Diana Ross,RnB,0.6667,1.3748,0.0,0.0,0.0,0.0,0.0
29811,RnB_00148,Love On The Line,Diana Ross,RnB,0.4375,1.5696,0.0,0.0,0.0,0.0,0.0
29812,RnB_00149,Lovely Day,Diana Ross,RnB,0.7857,1.494,0.0,0.0,0.0,0.0,0.0
29813,RnB_00150,Lover Man,Diana Ross,RnB,0.7368,1.4728,0.0,0.0,0.0,0.0,0.0
29814,RnB_00151,Mean Ole Lion,Diana Ross,RnB,0.4286,1.311,0.0,0.0,0.0,0.0,0.0
29815,RnB_00152,"Mirror, Mirror",Diana Ross,RnB,0.3043,1.6216,0.0,0.0,0.0,0.0,0.0
29816,RnB_00153,Missing You,Diana Ross,RnB,0.3148,1.3873,0.0,0.0,0.0,0.0,0.0
29818,RnB_00154,"Mother You, Smother You",Diana Ross,RnB,0.3077,1.391,0.0,0.0,0.0,0.0,0.0
29819,RnB_00155,Mr. Lee,Diana Ross,RnB,0.8519,1.1262,0.0,0.0,0.0,0.0,0.0
29820,RnB_00156,Muscles,Diana Ross,RnB,0.6167,1.5537,0.0,0.0,0.0,0.0,0.0
29821,RnB_00157,My Old Piano,Diana Ross,RnB,0.7805,1.7764,0.0,0.0,0.0,0.0,0.0
29822,RnB_00158,My Place,Diana Ross,RnB,0.4878,1.574,0.0,0.0,0.0,0.0,0.0
2710,RnB_00159,100 Bottles,Chris Brown,RnB,0.6771,1.7694,0.0,0.0,0.0,0.0,0.0
2711,RnB_00160,2012,Chris Brown,RnB,0.3469,1.3531,0.0,0.0,0.0,0.0,0.0
2713,RnB_00161,4 Years Old,Chris Brown,RnB,0.5,1.5099,0.0,0.0,0.0,0.0,0.0
2714,RnB_00162,A Milli,Chris Brown,RnB,0.0822,1.5437,0.0,0.0,0.0,0.0,0.0
2715,RnB_00163,ABC's,Chris Brown,RnB,0.4324,1.432,0.0,0.0,0.0,0.0,0.0
2716,RnB_00164,Ain't No Way (You Won't Love Me),Chris Brown,RnB,0.1333,1.397,0.0,0.0,0.0,0.0,0.0
2717,RnB_00165,All About You,Chris Brown,RnB,0.7647,1.3794,0.0,0.0,0.0,0.0,0.0
2718,RnB_00166,All Back,Chris Brown,RnB,0.3556,1.35,0.0,0.0,0.0,0.0,0.0
2720,RnB_00167,Another You,Chris Brown,RnB,0.3725,1.5766,0.0,0.0,0.0,0.0,0.0
2721,RnB_00168,Back 2 Back,Chris Brown,RnB,0.3958,1.3652,0.0,0.0,0.0,0.0,0.0
2722,RnB_00169,Beg For It,Chris Brown,RnB,0.3621,1.2367,0.0,0.0,0.0,0.0,0.0
2723,RnB_00170,Better On The Other Side,Chris Brown,RnB,0.3333,1.5556,0.0,0.0,0.0,0.0,0.0
2724,RnB_00171,Biggest Fan,Chris Brown,RnB,0.4426,1.4202,0.0,0.0,0.0,0.0,0.0
2725,RnB_00172,Bitches,Chris Brown,RnB,0.4359,1.4546,0.0,0.0,0.0,0.0,0.0
2726,RnB_00173,Blue Jeans,Chris Brown,RnB,0.8222,1.4352,0.0,0.0,0.0,0.0,0.0
2727,RnB_00174,Blue Rose,Chris Brown,RnB,0.1176,1.5756,0.0,0.0,0.0,0.0,0.0
2728,RnB_00175,Boing,Chris Brown,RnB,0.5256,1.3254,0.0,0.0,0.0,0.0,0.0
2729,RnB_00176,Boombox,Chris Brown,RnB,0.7105,1.355,0.0,0.0,0.0,0.0,0.0
2730,RnB_00177,Cadillac,Chris Brown,RnB,0.5422,1.4626,0.0,0.0,0.0,0.0,0.0
2732,RnB_00178,Calypso,Chris Brown,RnB,0.0526,1.3167,0.0,0.0,0.0,0.0,0.0
2733,RnB_00179,Captive,Chris Brown,RnB,0.8361,1.7396,0.0,0.0,0.0,0.0,0.0
2734,RnB_00180,Changed Man,Chris Brown,RnB,0.7216,1.3395,0.0,0.0,0.0,0.0,0.0
2736,RnB_00181,Cinderella (Umbrella Remix),Chris Brown,RnB,0.4234,1.7924,0.0,0.0,0.0,0.0,0.0
2737,RnB_00182,Crawl,Chris Brown,RnB,0.4643,1.217,0.0,0.0,0.0,0.0,0.0
2738,RnB_00183,Crazy,Chris Brown,RnB,0.3846,1.3521,0.0,0.0,0.0,0.0,0.0
2739,RnB_00184,Cry No More,Chris Brown,RnB,0.5,1.3614,0.0,0.0,0.0,0.0,0.0
2740,RnB_00185,Damage,Chris Brown,RnB,0.3289,1.6231,0.0,0.0,0.0,0.0,0.0
2741,RnB_00186,Dangerous,Chris Brown,RnB,0.5968,1.7446,0.0,0.0,0.0,0.0,0.0
2742,RnB_00187,Do It,Chris Brown,RnB,0.6885,1.2625,0.0,0.0,0.0,0.0,0.0
2743,RnB_00188,Don't Panic Remix,Chris Brown,RnB,0.28,1.5321,0.0,0.0,0.0,0.0,0.0
2744,RnB_00189,Erased,Chris Brown,RnB,0.3623,1.7532,0.0,0.0,0.0,0.0,0.0
2745,RnB_00190,Fallen Angel,Chris Brown,RnB,0.1579,1.3931,0.0,0.0,0.0,0.0,0.0
2746,RnB_00191,Famous Girl,Chris Brown,RnB,0.3333,1.3603,0.0,0.0,0.0,0.0,0.0
2747,RnB_00192,Fine By Me,Chris Brown,RnB,0.8372,1.4956,0.0,0.0,0.0,0.0,0.0
2748,RnB_00193,Fine China,Chris Brown,RnB,0.4483,1.7728,0.0,0.0,0.0,0.0,0.0
2749,RnB_00194,Fire,Chris Brown,RnB,0.6129,1.4162,0.0,0.0,0.0,0.0,0.0
2751,RnB_00195,First Day Of Spring,Chris Brown,RnB,0.6286,1.5148,0.0,0.0,0.0,0.0,0.0
2752,RnB_00196,Five More Hours,Chris Brown,RnB,0.4242,1.3945,0.0,0.0,0.0,0.0,0.0
2753,RnB_00197,Flying Solo,Chris Brown,RnB,0.4862,1.6408,0.0,0.0,0.0,0.0,0.0
2754,RnB_00198,Fools With You,Chris Brown,RnB,0.6429,1.3612,0.0,0.0,0.0,0.0,0.0
2755,RnB_00199,For Ur Love,Chris Brown,RnB,0.6667,1.2,0.0,0.0,0.0,0.0,0.0
2756,RnB_00200,Forever,Chris Brown,RnB,0.0577,1.5905,0.0,0.0,0.0,0.0,0.0
2757,RnB_00201,Freaky I'm Iz,Chris Brown,RnB,0.5054,1.3622,0.0,0.0,0.0,0.0,0.0
2758,RnB_00202,Freeze,Chris Brown,RnB,0.3768,1.366,0.0,0.0,0.0,0.0,0.0
2759,RnB_00203,From My Heart,Chris Brown,RnB,0.2326,1.4528,0.0,0.0,0.0,0.0,0.0
2760,RnB_00204,Froze,Chris Brown,RnB,0.7097,1.6632,0.0,0.0,0.0,0.0,0.0
2761,RnB_00205,Gangsta Boo,Chris Brown,RnB,0.4756,1.3317,0.0,0.0,0.0,0.0,0.0
2762,RnB_00206,Get At Ya,Chris Brown,RnB,0.4921,1.346,0.0,0.0,0.0,0.0,0.0
2763,RnB_00207,Gettin' Money,Chris Brown,RnB,0.4211,1.3887,0.0,0.0,0.0,0.0,0.0
2764,RnB_00208,Ghetto Tales (I Know You Wanna See),Chris Brown,RnB,0.119,1.3971,0.0,0.0,0.0,0.0,0.0
2765,RnB_00209,Gimme That,Chris Brown,RnB,0.1463,1.3717,0.0,0.0,0.0,0.0,0.0
2766,RnB_00210,Girl You Loud,Chris Brown,RnB,0.1923,1.3194,0.0,0.0,0.0,0.0,0.0
2767,RnB_00211,Go Away,Chris Brown,RnB,0.5952,1.4862,0.0,0.0,0.0,0.0,0.0
2768,RnB_00212,God's Top Ten,Chris Brown,RnB,0.2105,1.4852,0.0,0.0,0.0,0.0,0.0
2769,RnB_00213,Golden Girl,Chris Brown,RnB,0.6618,1.3463,0.0,0.0,0.0,0.0,0.0
2771,RnB_00214,Gotta Be Ur Man,Chris Brown,RnB,0.625,1.2247,0.0,0.0,0.0,0.0,0.0
2772,RnB_00215,Graffiti,Chris Brown,RnB,0.5172,1.5748,0.0,0.0,0.0,0.0,0.0
2773,RnB_00216,Hands Up High,Chris Brown,RnB,0.6207,1.4389,0.0,0.0,0.0,0.0,0.0
2774,RnB_00217,Hang All The Mistletoe,Chris Brown,RnB,0.42,1.7868,0.0,0.0,0.0,0.0,0.0
2775,RnB_00218,Heart Ain't A Brain,Chris Brown,RnB,0.3492,1.4205,0.0,0.0,0.0,0.0,0.0
2776,RnB_00219,I Can Transform Ya,Chris Brown,RnB,0.4375,1.413,0.0,0.0,0.0,0.0,0.0
2777,RnB_00220,I Love Myself,Chris Brown,RnB,0.2564,1.4212,0.0,0.0,0.0,0.0,0.0
2778,RnB_00221,I Love You,Chris Brown,RnB,0.3929,1.3976,0.0,0.0,0.0,0.0,0.0
2779,RnB_00222,I Love You Team Breezy,Chris Brown,RnB,0.6,1.4553,0.0,0.0,0.0,0.0,0.0
2780,RnB_00223,I'm Afraid,Chris Brown,RnB,0.1053,1.5556,0.0,0.0,0.0,0.0,0.0
2781,RnB_00224,I.Y.A,Chris Brown,RnB,0.75,1.1815,0.0,0.0,0.0,0.0,0.0
2782,RnB_00225,Just Fine,Chris Brown,RnB,0.1944,1.4666,0.0,0.0,0.0,0.0,0.0
2783,RnB_00226,KAE,Chris Brown,RnB,0.6341,1.5371,0.0,0.0,0.0,0.0,0.0
2784,RnB_00227,Key 2 Your Heart,Chris Brown,RnB,0.5789,1.3115,0.0,0.0,0.0,0.0,0.0
2785,RnB_00228,Kiss Kiss,Chris Brown,RnB,0.6476,1.765,0.0,0.0,0.0,0.0,0.0
2786,RnB_00229,Last 2 Know,Chris Brown,RnB,0.5283,1.3299,0.0,0.0,0.0,0.0,0.0
2787,RnB_00230,Leave The Club,Chris Brown,RnB,0.3333,1.3932,0.0,0.0,0.0,0.0,0.0
2788,RnB_00231,Let The Blunt Go,Chris Brown,RnB,0.6667,1.3604,0.0,0.0,0.0,0.0,0.0
2789,RnB_00232,Life Itself,Chris Brown,RnB,0.4118,1.5322,0.0,0.0,0.0,0.0,0.0
2790,RnB_00233,Liquor,Chris Brown,RnB,0.4634,1.4497,0.0,0.0,0.0,0.0,0.0
2791,RnB_00234,Lottery,Chris Brown,RnB,0.6038,1.519,0.0,0.0,0.0,0.0,0.0
2792,RnB_00235,Love Music,Chris Brown,RnB,0.5926,1.5848,0.0,0.0,0.0,0.0,0.0
2793,RnB_00236,Main Chick,Chris Brown,RnB,0.4306,1.2468,0.0,0.0,0.0,0.0,0.0
2794,RnB_00237,Marry Go Round,Chris Brown,RnB,0.6301,1.3271,0.0,0.0,0.0,0.0,0.0
2795,RnB_00238,Matrix,Chris Brown,RnB,0.6,1.5207,0.0,0.0,0.0,0.0,0.0
2796,RnB_00239,Movie,Chris Brown,RnB,0.4894,1.3637,0.0,0.0,0.0,0.0,0.0
27501,RnB_00240,Add Me In,Chris Brown,RnB,0.1667,1.7546,0.0,0.0,0.0,0.0,0.0
27502,RnB_00241,Autumn Leaves,Chris Brown,RnB,0.2727,1.5122,0.0,0.0,0.0,0.0,0.0
27503,RnB_00242,AWOL,Chris Brown,RnB,0.1136,1.5171,0.0,0.0,0.0,0.0,0.0
27504,RnB_00243,Back Out,Chris Brown,RnB,0.4426,1.3306,0.0,0.0,0.0,0.0,0.0
27505,RnB_00244,Banjo,Chris Brown,RnB,0.2472,1.4611,0.0,0.0,0.0,0.0,0.0
27506,RnB_00245,Beautiful People,Chris Brown,RnB,0.7556,1.8026,0.0,0.0,0.0,0.0,0.0
27507,RnB_00246,Best Luv Song,Chris Brown,RnB,0.4583,1.2717,0.0,0.0,0.0,0.0,0.0
27508,RnB_00247,Better,Chris Brown,RnB,0.0588,1.5713,0.0,0.0,0.0,0.0,0.0
27509,RnB_00248,Between The Lines,Chris Brown,RnB,0.617,1.4358,0.0,0.0,0.0,0.0,0.0
27510,RnB_00249,Bitches N Marijuana,Chris Brown,RnB,0.4433,1.3876,0.0,0.0,0.0,0.0,0.0
27511,RnB_00250,Blind Folded,Chris Brown,RnB,0.5424,1.4976,0.0,0.0,0.0,0.0,0.0
27512,RnB_00251,Blood On My Hands,Chris Brown,RnB,0.6667,1.7167,0.0,0.0,0.0,0.0,0.0
27513,RnB_00252,Blow It In The Wind,Chris Brown,RnB,0.6056,1.3692,0.0,0.0,0.0,0.0,0.0
27514,RnB_00253,Body On Mine,Chris Brown,RnB,0.3,1.4677,0.0,0.0,0.0,0.0,0.0
27515,RnB_00254,Body Shots,Chris Brown,RnB,0.2222,1.445,0.0,0.0,0.0,0.0,0.0
27516,RnB_00255,Bomb,Chris Brown,RnB,0.3889,1.8456,0.0,0.0,0.0,0.0,0.0
27517,RnB_00256,Bombs Away,Chris Brown,RnB,0.5595,1.4432,0.0,0.0,0.0,0.0,0.0
27518,RnB_00257,Came To Do,Chris Brown,RnB,0.6118,1.3552,0.0,0.0,0.0,0.0,0.0
27519,RnB_00258,Can't Say No,Chris Brown,RnB,0.6092,1.2806,0.0,0.0,0.0,0.0,0.0
27520,RnB_00259,Day One,Chris Brown,RnB,0.6761,1.5665,0.0,0.0,0.0,0.0,0.0
27521,RnB_00260,Deuces,Chris Brown,RnB,0.15,1.4793,0.0,0.0,0.0,0.0,0.0
27522,RnB_00261,D.G.I.F.U.,Chris Brown,RnB,0.069,1.5342,0.0,0.0,0.0,0.0,0.0
27523,RnB_00262,Diagnosed With Love,Chris Brown,RnB,0.4783,1.6289,0.0,0.0,0.0,0.0,0.0
27524,RnB_00263,Discover,Chris Brown,RnB,0.2745,1.5279,0.0,0.0,0.0,0.0,0.0
27525,RnB_00264,Don't Judge Me,Chris Brown,RnB,0.4375,1.5682,0.0,0.0,0.0,0.0,0.0
27526,RnB_00265,Don't Think They Know,Chris Brown,RnB,0.6824,1.1671,0.0,0.0,0.0,0.0,0.0
27527,RnB_00266,Don't Wake Me Up,Chris Brown,RnB,0.6857,1.2654,0.0,0.0,0.0,0.0,0.0
27528,RnB_00267,Down,Chris Brown,RnB,0.2973,1.3704,0.0,0.0,0.0,0.0,0.0
27529,RnB_00268,Dreamer,Chris Brown,RnB,0.3636,1.5918,0.0,0.0,0.0,0.0,0.0
27530,RnB_00269,Drown In It,Chris Brown,RnB,0.493,1.2857,0.0,0.0,0.0,0.0,0.0
27531,RnB_00270,Electric Guitar,Chris Brown,RnB,0.4579,1.6964,0.0,0.0,0.0,0.0,0.0
27532,RnB_00271,Excuse Me Mama,Chris Brown,RnB,0.459,1.5503,0.0,0.0,0.0,0.0,0.0
27533,RnB_00272,Fallin Down,Chris Brown,RnB,0.8462,1.5928,0.0,0.0,0.0,0.0,0.0
27534,RnB_00273,Fatal Attraction,Chris Brown,RnB,0.5213,1.5239,0.0,0.0,0.0,0.0,0.0
27535,RnB_00274,Favorite Girl,Chris Brown,RnB,0.9032,1.8057,0.0,0.0,0.0,0.0,0.0
27536,RnB_00275,Heart To Heart,Chris Brown,RnB,0.7396,1.3271,0.0,0.0,0.0,0.0,0.0
27537,RnB_00276,Help Me,Chris Brown,RnB,0.5,1.4385,0.0,0.0,0.0,0.0,0.0
27538,RnB_00277,Holding On,Chris Brown,RnB,0.4545,1.6833,0.0,0.0,0.0,0.0,0.0
27539,RnB_00278,Hologram,Chris Brown,RnB,0.5057,1.5116,0.0,0.0,0.0,0.0,0.0
27540,RnB_00279,I Need This,Chris Brown,RnB,0.4918,1.1888,0.0,0.0,0.0,0.0,0.0
27541,RnB_00280,I Needed You,Chris Brown,RnB,0.6962,1.6109,0.0,0.0,0.0,0.0,0.0
27542,RnB_00281,I Wanna Be,Chris Brown,RnB,0.3175,1.3562,0.0,0.0,0.0,0.0,0.0
27543,RnB_00282,I'll Be Right Here,Chris Brown,RnB,0.68,1.3397,0.0,0.0,0.0,0.0,0.0
27544,RnB_00283,I'll Call Ya,Chris Brown,RnB,0.4,1.2617,0.0,0.0,0.0,0.0,0.0
27545,RnB_00284,I'll Go,Chris Brown,RnB,0.2955,1.2568,0.0,0.0,0.0,0.0,0.0
27546,RnB_00285,It's Yo Shit,Chris Brown,RnB,0.1538,1.4699,0.0,0.0,0.0,0.0,0.0
27547,RnB_00286,Little More (Royalty),Chris Brown,RnB,0.6098,1.4952,0.0,0.0,0.0,0.0,0.0
27548,RnB_00287,Lost In Ya Love,Chris Brown,RnB,0.1905,1.4939,0.0,0.0,0.0,0.0,0.0
27549,RnB_00288,Love Me No More,Chris Brown,RnB,0.4634,1.3866,0.0,0.0,0.0,0.0,0.0
27550,RnB_00289,Love Them Girls,Chris Brown,RnB,0.375,1.3899,0.0,0.0,0.0,0.0,0.0
27551,RnB_00290,Lucky Me,Chris Brown,RnB,0.6613,1.5677,0.0,0.0,0.0,0.0,0.0
27552,RnB_00291,Make Love (Royalty),Chris Brown,RnB,0.3143,1.3582,0.0,0.0,0.0,0.0,0.0
27553,RnB_00292,Mama,Chris Brown,RnB,0.1905,1.6837,0.0,0.0,0.0,0.0,0.0
27554,RnB_00293,Marvin's Room,Chris Brown,RnB,0.3158,1.4463,0.0,0.0,0.0,0.0,0.0
27555,RnB_00294,Mercy,Chris Brown,RnB,0.4634,1.7431,0.0,0.0,0.0,0.0,0.0
27556,RnB_00295,M.I.A.,Chris Brown,RnB,0.5306,1.4398,0.0,0.0,0.0,0.0,0.0
27557,RnB_00296,Missing You,Chris Brown,RnB,0.5465,1.3233,0.0,0.0,0.0,0.0,0.0
27558,RnB_00297,Mona Lisa,Chris Brown,RnB,0.3718,1.3978,0.0,0.0,0.0,0.0,0.0
20292,RnB_00298,Bad Girl,Usher,RnB,0.4028,1.408,0.0,0.0,0.0,0.0,0.0
20293,RnB_00299,Bedtime,Usher,RnB,0.1944,1.5719,0.0,0.0,0.0,0.0,0.0
20294,RnB_00300,Best Thing,Usher,RnB,0.0694,1.4814,0.0,0.0,0.0,0.0,0.0
20295,RnB_00301,Burn,Usher,RnB,0.4026,1.3052,0.0,0.0,0.0,0.0,0.0
20296,RnB_00302,Can You Help Me,Usher,RnB,0.4684,1.3328,0.0,0.0,0.0,0.0,0.0
20297,RnB_00303,Come Back,Usher,RnB,0.359,1.4716,0.0,0.0,0.0,0.0,0.0
20298,RnB_00304,Dive,Usher,RnB,0.4878,1.461,0.0,0.0,0.0,0.0,0.0
20299,RnB_00305,Dj Got Us Falling In Love,Usher,RnB,0.5085,1.37,0.0,0.0,0.0,0.0,0.0
20300,RnB_00306,Do It To Me,Usher,RnB,0.0882,1.5243,0.0,0.0,0.0,0.0,0.0
20301,RnB_00307,Doin The Most,Usher,RnB,0.2609,1.6295,0.0,0.0,0.0,0.0,0.0
20303,RnB_00308,Dot Com,Usher,RnB,0.3488,1.4636,0.0,0.0,0.0,0.0,0.0
20304,RnB_00309,Dreamin,Usher,RnB,0.7647,1.5275,0.0,0.0,0.0,0.0,0.0
20305,RnB_00310,Euphoria,Usher,RnB,0.5405,1.4978,0.0,0.0,0.0,0.0,0.0
20306,RnB_00311,Final Goodbye,Usher,RnB,0.2121,1.5124,0.0,0.0,0.0,0.0,0.0
20307,RnB_00312,FMW,Usher,RnB,0.434,1.3538,0.0,0.0,0.0,0.0,0.0
20308,RnB_00313,Follow Me,Usher,RnB,0.1837,1.3465,0.0,0.0,0.0,0.0,0.0
20309,RnB_00314,Foolin' Around,Usher,RnB,0.3059,1.3264,0.0,0.0,0.0,0.0,0.0
20310,RnB_00315,Good Ol' Ghetto,Usher,RnB,0.3133,1.3128,0.0,0.0,0.0,0.0,0.0
20311,RnB_00316,Guilty,Usher,RnB,0.3596,1.322,0.0,0.0,0.0,0.0,0.0
20312,RnB_00317,Hard II Love,Usher,RnB,0.4419,1.3786,0.0,0.0,0.0,0.0,0.0
20313,RnB_00318,Hottest Thing,Usher,RnB,0.4912,1.5506,0.0,0.0,0.0,0.0,0.0
20314,RnB_00319,How Do I Say,Usher,RnB,0.6078,1.4693,0.0,0.0,0.0,0.0,0.0
20315,RnB_00320,I'll Show You Love,Usher,RnB,0.5161,1.5291,0.0,0.0,0.0,0.0,0.0
20316,RnB_00321,Just Like Me,Usher,RnB,0.3286,1.2624,0.0,0.0,0.0,0.0,0.0
20317,RnB_00322,Lay You Down,Usher,RnB,0.3478,1.4833,0.0,0.0,0.0,0.0,0.0
20318,RnB_00323,Mars Vs. Venus,Usher,RnB,0.5694,1.5477,0.0,0.0,0.0,0.0,0.0
20320,RnB_00324,Missin U,Usher,RnB,0.5429,1.4965,0.0,0.0,0.0,0.0,0.0
20321,RnB_00325,Monstar,Usher,RnB,0.5116,1.5363,0.0,0.0,0.0,0.0,0.0
20322,RnB_00326,More,Usher,RnB,0.6,1.5021,0.0,0.0,0.0,0.0,0.0
20323,RnB_00327,Moving Mountains,Usher,RnB,0.5294,1.6422,0.0,0.0,0.0,0.0,0.0
20324,RnB_00328,My Baby Just Cares For Me,Usher,RnB,0.1489,1.5823,0.0,0.0,0.0,0.0,0.0
20325,RnB_00329,My Boo,Usher,RnB,0.5588,1.3829,0.0,0.0,0.0,0.0,0.0
20326,RnB_00330,My Way,Usher,RnB,0.2453,1.3636,0.0,0.0,0.0,0.0,0.0
20327,RnB_00331,Nice And Slow,Usher,RnB,0.1228,1.3655,0.0,0.0,0.0,0.0,0.0
20328,RnB_00332,Numb,Usher,RnB,0.5,1.2357,0.0,0.0,0.0,0.0,0.0
20329,RnB_00333,OMG,Usher,RnB,0.5479,1.2233,0.0,0.0,0.0,0.0,0.0
20330,RnB_00334,One Day You'll Be Mine,Usher,RnB,0.2632,1.6601,0.0,0.0,0.0,0.0,0.0
20331,RnB_00335,Papers,Usher,RnB,0.3857,1.4271,0.0,0.0,0.0,0.0,0.0
20332,RnB_00336,Paradise,Usher,RnB,0.359,1.8717,0.0,0.0,0.0,0.0,0.0
20333,RnB_00337,Party,Usher,RnB,0.3969,1.278,0.0,0.0,0.0,0.0,0.0
20334,RnB_00338,Pop Ya Collar,Usher,RnB,0.6053,1.3896,0.0,0.0,0.0,0.0,0.0
20335,RnB_00339,Prayer For You,Usher,RnB,0.2,1.4533,0.0,0.0,0.0,0.0,0.0
20336,RnB_00340,Red Light,Usher,RnB,0.2182,1.4591,0.0,0.0,0.0,0.0,0.0
20337,RnB_00341,Revolver,Usher,RnB,0.7826,1.5012,0.0,0.0,0.0,0.0,0.0
20338,RnB_00342,Rock Wit'cha,Usher,RnB,0.125,1.35,0.0,0.0,0.0,0.0,0.0
20339,RnB_00343,Roni,Usher,RnB,0.7358,1.578,0.0,0.0,0.0,0.0,0.0
20340,RnB_00344,Same Girl,Usher,RnB,0.137,1.2952,0.0,0.0,0.0,0.0,0.0
20341,RnB_00345,Scream,Usher,RnB,0.6571,1.4614,0.0,0.0,0.0,0.0,0.0
20342,RnB_00346,Separated,Usher,RnB,0.3214,1.286,0.0,0.0,0.0,0.0,0.0
20343,RnB_00347,Show Me,Usher,RnB,0.4286,1.2958,0.0,0.0,0.0,0.0,0.0
20344,RnB_00348,Simple Things,Usher,RnB,0.1061,1.3843,0.0,0.0,0.0,0.0,0.0
20345,RnB_00349,Slow Jam,Usher,RnB,0.4314,1.4393,0.0,0.0,0.0,0.0,0.0
20346,RnB_00350,Slow Love,Usher,RnB,0.2239,1.2268,0.0,0.0,0.0,0.0,0.0
20347,RnB_00351,Smile Again,Usher,RnB,0.1282,1.5096,0.0,0.0,0.0,0.0,0.0
20348,RnB_00352,So Many Girls,Usher,RnB,0.5185,1.4504,0.0,0.0,0.0,0.0,0.0
20349,RnB_00353,Superstar,Usher,RnB,0.186,1.7411,0.0,0.0,0.0,0.0,0.0
20350,RnB_00354,Superstar (Interlude),Usher,RnB,0.0909,1.6246,0.0,0.0,0.0,0.0,0.0
20351,RnB_00355,Sweet Lies,Usher,RnB,0.6237,1.4421,0.0,0.0,0.0,0.0,0.0
20352,RnB_00356,Take Your Hand,Usher,RnB,0.2059,1.4412,0.0,0.0,0.0,0.0,0.0
20353,RnB_00357,The Many Ways,Usher,RnB,0.0253,1.5031,0.0,0.0,0.0,0.0,0.0
20354,RnB_00358,U-Turn,Usher,RnB,0.0526,1.4297,0.0,0.0,0.0,0.0,0.0
20355,RnB_00359,What You Need,Usher,RnB,0.4318,1.2682,0.0,0.0,0.0,0.0,0.0
20356,RnB_00360,Whatever I Want,Usher,RnB,0.4651,1.6698,0.0,0.0,0.0,0.0,0.0
54661,RnB_00361,2nd Round,Usher,RnB,0.5128,1.278,0.0,0.0,0.0,0.0,0.0
54662,RnB_00362,All Falls Down,Usher,RnB,0.625,1.5529,0.0,0.0,0.0,0.0,0.0
54663,RnB_00363,Appetite,Usher,RnB,0.125,1.5721,0.0,0.0,0.0,0.0,0.0
54664,RnB_00364,Before I Met You,Usher,RnB,0.1458,1.5973,0.0,0.0,0.0,0.0,0.0
54665,RnB_00365,Bump,Usher,RnB,0.5309,1.3506,0.0,0.0,0.0,0.0,0.0
54666,RnB_00366,Call Me A Mack,Usher,RnB,0.0957,1.3941,0.0,0.0,0.0,0.0,0.0
54667,RnB_00367,Can T Let U Go,Usher,RnB,0.4316,1.2808,0.0,0.0,0.0,0.0,0.0
54668,RnB_00368,"Can't Stop, Won't Stop",Usher,RnB,0.5283,1.3015,0.0,0.0,0.0,0.0,0.0
54669,RnB_00369,Caught Up,Usher,RnB,0.5211,1.3554,0.0,0.0,0.0,0.0,0.0
54670,RnB_00370,Climax,Usher,RnB,0.2571,1.606,0.0,0.0,0.0,0.0,0.0
54672,RnB_00371,Crash,Usher,RnB,0.6889,1.3847,0.0,0.0,0.0,0.0,0.0
54673,RnB_00372,Crazy,Usher,RnB,0.1739,1.4565,0.0,0.0,0.0,0.0,0.0
54674,RnB_00373,Here I Stand,Usher,RnB,0.2857,1.5041,0.0,0.0,0.0,0.0,0.0
54675,RnB_00374,Hey Daddy (Daddy's Home),Usher,RnB,0.5273,1.2617,0.0,0.0,0.0,0.0,0.0
54676,RnB_00375,His Mistakes,Usher,RnB,0.2955,1.5873,0.0,0.0,0.0,0.0,0.0
54677,RnB_00376,Hot Toddy,Usher,RnB,0.3659,1.4122,0.0,0.0,0.0,0.0,0.0
54678,RnB_00377,I Care For U,Usher,RnB,0.431,1.3605,0.0,0.0,0.0,0.0,0.0
54679,RnB_00378,I Don't Know,Usher,RnB,0.5872,1.4307,0.0,0.0,0.0,0.0,0.0
54680,RnB_00379,I Will,Usher,RnB,0.3636,1.4854,0.0,0.0,0.0,0.0,0.0
54681,RnB_00380,If I Want To,Usher,RnB,0.4828,1.363,0.0,0.0,0.0,0.0,0.0
54682,RnB_00381,I.F.U.,Usher,RnB,0.4839,1.3815,0.0,0.0,0.0,0.0,0.0
54683,RnB_00382,I'll Make It Right,Usher,RnB,0.3684,1.3775,0.0,0.0,0.0,0.0,0.0
54684,RnB_00383,In This Club,Usher,RnB,0.1928,1.2741,0.0,0.0,0.0,0.0,0.0
54685,RnB_00384,It Is What It Is,Usher,RnB,0.3131,1.4268,0.0,0.0,0.0,0.0,0.0
54686,RnB_00385,Just A Friend,Usher,RnB,0.5942,1.1374,0.0,0.0,0.0,0.0,0.0
54687,RnB_00386,Lessons For The Lover,Usher,RnB,0.5122,1.5171,0.0,0.0,0.0,0.0,0.0
54688,RnB_00387,Let It Burn,Usher,RnB,0.4468,1.3278,0.0,0.0,0.0,0.0,0.0
54689,RnB_00388,Let Me,Usher,RnB,0.1379,1.4378,0.0,0.0,0.0,0.0,0.0
54690,RnB_00389,Lifetime,Usher,RnB,0.1364,1.6136,0.0,0.0,0.0,0.0,0.0
54691,RnB_00390,Lingerie,Usher,RnB,0.0984,1.3972,0.0,0.0,0.0,0.0,0.0
54692,RnB_00391,Love Em' All,Usher,RnB,0.62,1.1683,0.0,0.0,0.0,0.0,0.0
54693,RnB_00392,"Love In This Club, Pt. 2",Usher,RnB,0.2967,1.4266,0.0,0.0,0.0,0.0,0.0
54694,RnB_00393,Love Was Here,Usher,RnB,0.2308,1.28,0.0,0.0,0.0,0.0,0.0
54695,RnB_00394,Love You Gently,Usher,RnB,0.1558,1.4092,0.0,0.0,0.0,0.0,0.0
54696,RnB_00395,Make You A Believer,Usher,RnB,0.411,1.5678,0.0,0.0,0.0,0.0,0.0
54697,RnB_00396,Stronger,Usher,RnB,0.383,1.5805,0.0,0.0,0.0,0.0,0.0
54698,RnB_00397,Tell Me,Usher,RnB,0.5521,1.502,0.0,0.0,0.0,0.0,0.0
54699,RnB_00398,That's What It's Made For,Usher,RnB,0.3738,1.2392,0.0,0.0,0.0,0.0,0.0
54700,RnB_00399,There Goes My Baby,Usher,RnB,0.5256,1.4686,0.0,0.0,0.0,0.0,0.0
54701,RnB_00400,Think Of You,Usher,RnB,0.8136,1.2794,0.0,0.0,0.0,0.0,0.0
54702,RnB_00401,Throwback,Usher,RnB,0.3548,1.3646,0.0,0.0,0.0,0.0,0.0
54703,RnB_00402,Trading Places,Usher,RnB,0.2639,1.3907,0.0,0.0,0.0,0.0,0.0
54704,RnB_00403,TTP,Usher,RnB,0.5517,1.7009,0.0,0.0,0.0,0.0,0.0
54705,RnB_00404,Twork It Out,Usher,RnB,0.202,1.2996,0.0,0.0,0.0,0.0,0.0
54706,RnB_00405,U Dont Have To Call,Usher,RnB,0.4625,1.4684,0.0,0.0,0.0,0.0,0.0
54707,RnB_00406,U Remind Me,Usher,RnB,0.4848,1.4285,0.0,0.0,0.0,0.0,0.0
54708,RnB_00407,What Happened To U,Usher,RnB,0.5968,1.5852,0.0,0.0,0.0,0.0,0.0
54709,RnB_00408,Whispers,Usher,RnB,0.1,1.4158,0.0,0.0,0.0,0.0,0.0
54710,RnB_00409,Will Work For Love,Usher,RnB,0.5909,1.3923,0.0,0.0,0.0,0.0,0.0
54711,RnB_00410,Without U,Usher,RnB,0.24,1.5242,0.0,0.0,0.0,0.0,0.0
54712,RnB_00411,You Are The One,Usher,RnB,0.2632,1.4207,0.0,0.0,0.0,0.0,0.0
16694,RnB_00412,A Love Letter Christmas,R. Kelly,RnB,0.2167,1.5652,0.0,0.0,0.0,0.0,0.0
16695,RnB_00413,All Of My Days,R. Kelly,RnB,0.2429,1.507,0.0,0.0,0.0,0.0,0.0
16696,RnB_00414,All Rounds On Me,R. Kelly,RnB,0.5,1.4341,0.0,0.0,0.0,0.0,0.0
16697,RnB_00415,Already Home,R. Kelly,RnB,0.7528,1.4652,0.0,0.0,0.0,0.0,0.0
16699,RnB_00416,Angel,R. Kelly,RnB,0.4138,1.5477,0.0,0.0,0.0,0.0,0.0
16701,RnB_00417,"Baby, Baby, Baby, Baby, Baby",R. Kelly,RnB,0.1579,1.681,0.0,0.0,0.0,0.0,0.0
16702,RnB_00418,Back To The Way We Are,R. Kelly,RnB,0.2727,1.3626,0.0,0.0,0.0,0.0,0.0
16703,RnB_00419,Bad Man,R. Kelly,RnB,0.2319,1.3583,0.0,0.0,0.0,0.0,0.0
16704,RnB_00420,Bangin' The Headboard,R. Kelly,RnB,0.3333,1.4924,0.0,0.0,0.0,0.0,0.0
16705,RnB_00421,Be Careful,R. Kelly,RnB,0.5263,1.6385,0.0,0.0,0.0,0.0,0.0
16706,RnB_00422,Be Happy,R. Kelly,RnB,0.1176,1.5371,0.0,0.0,0.0,0.0,0.0
16707,RnB_00423,Beautiful In This Mirror,R. Kelly,RnB,0.3878,1.7857,0.0,0.0,0.0,0.0,0.0
16708,RnB_00424,Been Around The World,R. Kelly,RnB,0.2093,1.5288,0.0,0.0,0.0,0.0,0.0
16709,RnB_00425,Believe In Me,R. Kelly,RnB,0.4271,1.4835,0.0,0.0,0.0,0.0,0.0
16710,RnB_00426,Best Friend,R. Kelly,RnB,0.0253,1.3875,0.0,0.0,0.0,0.0,0.0
16711,RnB_00427,Can You Feel It,R. Kelly,RnB,0.1852,1.351,0.0,0.0,0.0,0.0,0.0
16712,RnB_00428,Dedicated To My Favourite Girl,R. Kelly,RnB,0.45,1.7617,0.0,0.0,0.0,0.0,0.0
16713,RnB_00429,Definition Of A Hotti,R. Kelly,RnB,0.3901,1.6382,0.0,0.0,0.0,0.0,0.0
16714,RnB_00430,Did You Ever Think,R. Kelly,RnB,0.1379,1.4239,0.0,0.0,0.0,0.0,0.0
16715,RnB_00431,Don't Put Me Out,R. Kelly,RnB,0.2321,1.4156,0.0,0.0,0.0,0.0,0.0
16716,RnB_00432,Don't You Say No,R. Kelly,RnB,0.2545,1.3318,0.0,0.0,0.0,0.0,0.0
16717,RnB_00433,Double Up,R. Kelly,RnB,0.1346,1.4144,0.0,0.0,0.0,0.0,0.0
16718,RnB_00434,Down Low,R. Kelly,RnB,0.2857,1.6611,0.0,0.0,0.0,0.0,0.0
16719,RnB_00435,Down Low Double Life,R. Kelly,RnB,0.1667,1.5111,0.0,0.0,0.0,0.0,0.0
16720,RnB_00436,Dream Girl,R. Kelly,RnB,0.186,1.9295,0.0,0.0,0.0,0.0,0.0
16721,RnB_00437,Echo,R. Kelly,RnB,0.4237,1.3763,0.0,0.0,0.0,0.0,0.0
16722,RnB_00438,Get Dirty,R. Kelly,RnB,0.1842,1.4225,0.0,0.0,0.0,0.0,0.0
16723,RnB_00439,Ghetto Religion,R. Kelly,RnB,0.0714,1.6173,0.0,0.0,0.0,0.0,0.0
16724,RnB_00440,Ghost,R. Kelly,RnB,0.0952,1.369,0.0,0.0,0.0,0.0,0.0
16725,RnB_00441,Go Low,R. Kelly,RnB,0.7534,1.2442,0.0,0.0,0.0,0.0,0.0
16726,RnB_00442,Gotham City,R. Kelly,RnB,0.5918,1.7879,0.0,0.0,0.0,0.0,0.0
16727,RnB_00443,Havin' A Baby,R. Kelly,RnB,0.2456,1.4377,0.0,0.0,0.0,0.0,0.0
16728,RnB_00444,I Can't Sleep Baby,R. Kelly,RnB,0.3333,1.3425,0.0,0.0,0.0,0.0,0.0
16730,RnB_00445,I Mean I Don't Mean It,R. Kelly,RnB,0.0941,1.3912,0.0,0.0,0.0,0.0,0.0
16731,RnB_00446,If I'm Wit You,R. Kelly,RnB,0.0984,1.5102,0.0,0.0,0.0,0.0,0.0
16732,RnB_00447,In The Kitchen,R. Kelly,RnB,0.5625,1.5885,0.0,0.0,0.0,0.0,0.0
16734,RnB_00448,In Those Jeans,R. Kelly,RnB,0.3415,1.4265,0.0,0.0,0.0,0.0,0.0
16735,RnB_00449,Intro - The Sermon,R. Kelly,RnB,0.0889,1.5091,0.0,0.0,0.0,0.0,0.0
16736,RnB_00450,It Seems Like You're Ready,R. Kelly,RnB,0.4783,1.5326,0.0,0.0,0.0,0.0,0.0
16737,RnB_00451,It's Your Birthday,R. Kelly,RnB,0.3214,1.6298,0.0,0.0,0.0,0.0,0.0
16738,RnB_00452,Just A Touch,R. Kelly,RnB,0.5333,1.3553,0.0,0.0,0.0,0.0,0.0
16739,RnB_00453,Just Like That,R. Kelly,RnB,0.0816,1.3274,0.0,0.0,0.0,0.0,0.0
16740,RnB_00454,Lady Sunday,R. Kelly,RnB,0.4318,1.417,0.0,0.0,0.0,0.0,0.0
16741,RnB_00455,Leave Wit Me,R. Kelly,RnB,0.0541,1.4048,0.0,0.0,0.0,0.0,0.0
16742,RnB_00456,Like A Real Freak,R. Kelly,RnB,0.1186,1.2698,0.0,0.0,0.0,0.0,0.0
16743,RnB_00457,Like I Do,R. Kelly,RnB,0.6667,1.4319,0.0,0.0,0.0,0.0,0.0
16744,RnB_00458,Love Letter,R. Kelly,RnB,0.2676,1.3706,0.0,0.0,0.0,0.0,0.0
16745,RnB_00459,Money Makes The World Go Round,R. Kelly,RnB,0.3012,1.4267,0.0,0.0,0.0,0.0,0.0
16746,RnB_00460,Naked,R. Kelly,RnB,0.1379,1.473,0.0,0.0,0.0,0.0,0.0
16747,RnB_00461,Not Feelin' The Love,R. Kelly,RnB,0.3704,1.481,0.0,0.0,0.0,0.0,0.0
16748,RnB_00462,Not Gonna Hold On,R. Kelly,RnB,0.2105,1.3709,0.0,0.0,0.0,0.0,0.0
16749,RnB_00463,Number One Hit,R. Kelly,RnB,0.5854,1.6382,0.0,0.0,0.0,0.0,0.0
16750,RnB_00464,One Man,R. Kelly,RnB,0.1094,1.3688,0.0,0.0,0.0,0.0,0.0
16751,RnB_00465,One Me,R. Kelly,RnB,0.0889,1.3041,0.0,0.0,0.0,0.0,0.0
16752,RnB_00466,Only The Loot Can Make Me Happy,R. Kelly,RnB,0.2295,1.5202,0.0,0.0,0.0,0.0,0.0
16753,RnB_00467,Party Jumpin',R. Kelly,RnB,0.2549,1.3944,0.0,0.0,0.0,0.0,0.0
16754,RnB_00468,Peace,R. Kelly,RnB,0.3652,1.5826,0.0,0.0,0.0,0.0,0.0
16755,RnB_00469,Playas Get Lonely,R. Kelly,RnB,0.2625,1.9622,0.0,0.0,0.0,0.0,0.0
16756,RnB_00470,Put My T-Shirt On,R. Kelly,RnB,0.0889,1.3002,0.0,0.0,0.0,0.0,0.0
16757,RnB_00471,Radio Message,R. Kelly,RnB,0.1591,1.5507,0.0,0.0,0.0,0.0,0.0
16758,RnB_00472,Raindrops,R. Kelly,RnB,0.3158,1.5124,0.0,0.0,0.0,0.0,0.0
49683,RnB_00473,12 Play,R. Kelly,RnB,0.2059,1.3456,0.0,0.0,0.0,0.0,0.0
49684,RnB_00474,2Nd Kelly,R. Kelly,RnB,0.0465,1.3476,0.0,0.0,0.0,0.0,0.0
49685,RnB_00475,A Woman's Threat,R. Kelly,RnB,0.2344,1.5474,0.0,0.0,0.0,0.0,0.0
49686,RnB_00476,All I Really Want,R. Kelly,RnB,0.0667,1.4825,0.0,0.0,0.0,0.0,0.0
49687,RnB_00477,All I Want To Do,R. Kelly,RnB,0.3429,1.4671,0.0,0.0,0.0,0.0,0.0
49688,RnB_00478,Break Up (Thats All We Do),R. Kelly,RnB,0.2118,1.6843,0.0,0.0,0.0,0.0,0.0
49689,RnB_00479,Break Up To Make Up,R. Kelly,RnB,0.1176,1.4001,0.0,0.0,0.0,0.0,0.0
49690,RnB_00480,Bump N' Grind,R. Kelly,RnB,0.2105,1.4847,0.0,0.0,0.0,0.0,0.0
49691,RnB_00481,Burn It Up,R. Kelly,RnB,0.45,1.5214,0.0,0.0,0.0,0.0,0.0
49692,RnB_00482,Chocolate Factory,R. Kelly,RnB,0.1081,1.7886,0.0,0.0,0.0,0.0,0.0
49693,RnB_00483,Clipped Wings,R. Kelly,RnB,0.3514,1.5398,0.0,0.0,0.0,0.0,0.0
49694,RnB_00484,Come To Daddy,R. Kelly,RnB,0.05,1.5113,0.0,0.0,0.0,0.0,0.0
49695,RnB_00485,Cookie,R. Kelly,RnB,0.6,1.3242,0.0,0.0,0.0,0.0,0.0
49696,RnB_00486,Country Girl,R. Kelly,RnB,0.4127,1.57,0.0,0.0,0.0,0.0,0.0
49697,RnB_00487,Dedicated,R. Kelly,RnB,0.1875,1.5007,0.0,0.0,0.0,0.0,0.0
49698,RnB_00488,Doin Dishes,R. Kelly,RnB,0.4697,1.4008,0.0,0.0,0.0,0.0,0.0
49699,RnB_00489,Don't Let Go,R. Kelly,RnB,0.2692,1.2364,0.0,0.0,0.0,0.0,0.0
49700,RnB_00490,Elsewhere,R. Kelly,RnB,0.0943,1.7101,0.0,0.0,0.0,0.0,0.0
49701,RnB_00491,Etcetera,R. Kelly,RnB,0.0968,1.5691,0.0,0.0,0.0,0.0,0.0
49703,RnB_00492,Fallin' From The Sky,R. Kelly,RnB,0.6618,1.2869,0.0,0.0,0.0,0.0,0.0
49704,RnB_00493,Far More,R. Kelly,RnB,0.5686,1.5258,0.0,0.0,0.0,0.0,0.0
49705,RnB_00494,Feelin' On Yo Booty,R. Kelly,RnB,0.3448,1.3911,0.0,0.0,0.0,0.0,0.0
49706,RnB_00495,Feelin' Single,R. Kelly,RnB,0.4032,1.4155,0.0,0.0,0.0,0.0,0.0
49707,RnB_00496,Feelin' You In Stereo,R. Kelly,RnB,0.0784,1.4941,0.0,0.0,0.0,0.0,0.0
49708,RnB_00497,For You,R. Kelly,RnB,0.0882,1.7516,0.0,0.0,0.0,0.0,0.0
49709,RnB_00498,Forever,R. Kelly,RnB,0.0811,1.6701,0.0,0.0,0.0,0.0,0.0
49710,RnB_00499,Forever And Ever,R. Kelly,RnB,0.2951,1.7938,0.0,0.0,0.0,0.0,0.0
49711,RnB_00500,Forever More,R. Kelly,RnB,0.08,1.6398,0.0,0.0,0.0,0.0,0.0
49712,RnB_00501,Freak Tonight,R. Kelly,RnB,0.1364,1.5078,0.0,0.0,0.0,0.0,0.0
49713,RnB_00502,Freaky In The Club,R. Kelly,RnB,0.314,1.3912,0.0,0.0,0.0,0.0,0.0
49714,RnB_00503,Gangsta,R. Kelly,RnB,0.4,1.472,0.0,0.0,0.0,0.0,0.0
49715,RnB_00504,Get Upon A Room,R. Kelly,RnB,0.2069,1.4635,0.0,0.0,0.0,0.0,0.0
49716,RnB_00505,Going Through Changes,R. Kelly,RnB,0.6176,1.4687,0.0,0.0,0.0,0.0,0.0
49717,RnB_00506,Green Light,R. Kelly,RnB,0.2879,1.4301,0.0,0.0,0.0,0.0,0.0
49718,RnB_00507,Hair Braider,R. Kelly,RnB,0.6719,1.3365,0.0,0.0,0.0,0.0,0.0
49719,RnB_00508,Half On A Baby,R. Kelly,RnB,0.1,1.5875,0.0,0.0,0.0,0.0,0.0
49720,RnB_00509,Happy Birthday,R. Kelly,RnB,0.4082,1.5935,0.0,0.0,0.0,0.0,0.0
49721,RnB_00510,Happy Summertime,R. Kelly,RnB,0.3188,1.3827,0.0,0.0,0.0,0.0,0.0
49724,RnB_00511,Hold On,R. Kelly,RnB,0.3171,1.3837,0.0,0.0,0.0,0.0,0.0
49725,RnB_00512,Homie Lover Friend,R. Kelly,RnB,0.0952,1.6476,0.0,0.0,0.0,0.0,0.0
49726,RnB_00513,Honey,R. Kelly,RnB,0.0714,1.4173,0.0,0.0,0.0,0.0,0.0
49727,RnB_00514,Honey Love,R. Kelly,RnB,0.322,1.3322,0.0,0.0,0.0,0.0,0.0
49728,RnB_00515,Hook It Up,R. Kelly,RnB,0.3483,1.3136,0.0,0.0,0.0,0.0,0.0
49729,RnB_00516,Hotel,R. Kelly,RnB,0.0976,1.5296,0.0,0.0,0.0,0.0,0.0
49730,RnB_00517,How Did You Manage,R. Kelly,RnB,0.3265,1.609,0.0,0.0,0.0,0.0,0.0
49731,RnB_00518,How Do I Tell Her,R. Kelly,RnB,0.3659,1.25,0.0,0.0,0.0,0.0,0.0
49732,RnB_00519,Hump Bounce,R. Kelly,RnB,0.0588,1.6426,0.0,0.0,0.0,0.0,0.0
49733,RnB_00520,I Believe,R. Kelly,RnB,0.2917,1.8018,0.0,0.0,0.0,0.0,0.0
49734,RnB_00521,I Believe I Can Fly,R. Kelly,RnB,0.66,1.5533,0.0,0.0,0.0,0.0,0.0
49735,RnB_00522,I Decided,R. Kelly,RnB,0.1224,1.6494,0.0,0.0,0.0,0.0,0.0
49736,RnB_00523,I Like Love,R. Kelly,RnB,0.25,1.6882,0.0,0.0,0.0,0.0,0.0
49737,RnB_00524,I Look To You,R. Kelly,RnB,0.2778,1.3102,0.0,0.0,0.0,0.0,0.0
49738,RnB_00525,I love the DJ,R. Kelly,RnB,0.6129,1.2583,0.0,0.0,0.0,0.0,0.0
49739,RnB_00526,I Wish,R. Kelly,RnB,0.4554,1.5525,0.0,0.0,0.0,0.0,0.0
49740,RnB_00527,If,R. Kelly,RnB,0.3333,1.4254,0.0,0.0,0.0,0.0,0.0
49741,RnB_00528,If I Could Make The World Dance,R. Kelly,RnB,0.4554,1.6004,0.0,0.0,0.0,0.0,0.0
49742,RnB_00529,If I Could Turn Back The Hands Of Time,R. Kelly,RnB,0.3778,1.2956,0.0,0.0,0.0,0.0,0.0
49743,RnB_00530,I'll Never Leave,R. Kelly,RnB,0.1961,1.4075,0.0,0.0,0.0,0.0,0.0
49744,RnB_00531,I'm Your Angel,R. Kelly,RnB,0.186,1.4913,0.0,0.0,0.0,0.0,0.0
49745,RnB_00532,Imagine That,R. Kelly,RnB,0.2615,2.0299,0.0,0.0,0.0,0.0,0.0
49746,RnB_00533,It's All Good,R. Kelly,RnB,0.2222,1.4896,0.0,0.0,0.0,0.0,0.0
49747,RnB_00534,Kickin It With Your Girlfriend,R. Kelly,RnB,0.1395,1.5745,0.0,0.0,0.0,0.0,0.0
49748,RnB_00535,Ladies' Night,R. Kelly,RnB,0.3944,1.4937,0.0,0.0,0.0,0.0,0.0
49749,RnB_00536,Language Of Love,R. Kelly,RnB,0.5312,1.6286,0.0,0.0,0.0,0.0,0.0
49750,RnB_00537,Leave Your Name,R. Kelly,RnB,0.2475,1.4299,0.0,0.0,0.0,0.0,0.0
49751,RnB_00538,Lightning Does The Work,R. Kelly,RnB,0.4062,1.4275,0.0,0.0,0.0,0.0,0.0
49752,RnB_00539,Looking For Love,R. Kelly,RnB,0.0857,1.5714,0.0,0.0,0.0,0.0,0.0
49753,RnB_00540,Lost In Your Love,R. Kelly,RnB,0.375,1.3699,0.0,0.0,0.0,0.0,0.0
49754,RnB_00541,Love Is,R. Kelly,RnB,0.2041,1.4957,0.0,0.0,0.0,0.0,0.0
49755,RnB_00542,Love Signals,R. Kelly,RnB,0.1236,1.4589,0.0,0.0,0.0,0.0,0.0
49756,RnB_00543,Love Street,R. Kelly,RnB,0.0274,1.4034,0.0,0.0,0.0,0.0,0.0
49757,RnB_00544,Loveland,R. Kelly,RnB,0.1951,1.5688,0.0,0.0,0.0,0.0,0.0
49758,RnB_00545,Make You My Baby,R. Kelly,RnB,0.4324,1.5854,0.0,0.0,0.0,0.0,0.0
49759,RnB_00546,Memories,R. Kelly,RnB,0.8286,1.4524,0.0,0.0,0.0,0.0,0.0
49760,RnB_00547,More And More,R. Kelly,RnB,0.3553,1.3577,0.0,0.0,0.0,0.0,0.0
49762,RnB_00548,My Story,R. Kelly,RnB,0.5059,1.5927,0.0,0.0,0.0,0.0,0.0
21416,RnB_00549,All The Man That I Need,Whitney Houston,RnB,0.6486,1.2571,0.0,0.0,0.0,0.0,0.0
21417,RnB_00550,Anymore,Whitney Houston,RnB,0.0328,1.521,0.0,0.0,0.0,0.0,0.0
21418,RnB_00551,Call You Tonight,Whitney Houston,RnB,0.0938,1.5217,0.0,0.0,0.0,0.0,0.0
21419,RnB_00552,Celebrate,Whitney Houston,RnB,0.4032,2.1874,0.0,0.0,0.0,0.0,0.0
21420,RnB_00553,Could I Have This Kiss Forever,Whitney Houston,RnB,0.5217,1.4812,0.0,0.0,0.0,0.0,0.0
21421,RnB_00554,Count On Me,Whitney Houston,RnB,0.16,1.4919,0.0,0.0,0.0,0.0,0.0
21422,RnB_00555,Fine,Whitney Houston,RnB,0.3148,1.4949,0.0,0.0,0.0,0.0,0.0
21423,RnB_00556,For The Love Of You,Whitney Houston,RnB,0.075,1.594,0.0,0.0,0.0,0.0,0.0
21424,RnB_00557,Greatest Love Of All,Whitney Houston,RnB,0.2941,1.8725,0.0,0.0,0.0,0.0,0.0
21425,RnB_00558,Heartbreak Hotel,Whitney Houston,RnB,0.4681,1.3941,0.0,0.0,0.0,0.0,0.0
21426,RnB_00559,Hold Me,Whitney Houston,RnB,0.1875,1.5859,0.0,0.0,0.0,0.0,0.0
21427,RnB_00560,I Bow Out,Whitney Houston,RnB,0.1579,1.469,0.0,0.0,0.0,0.0,0.0
21428,RnB_00561,I Go To The Rock,Whitney Houston,RnB,0.8333,1.2883,0.0,0.0,0.0,0.0,0.0
21429,RnB_00562,I Learned From The Best,Whitney Houston,RnB,0.0882,1.5034,0.0,0.0,0.0,0.0,0.0
21430,RnB_00563,I Wanna Dance With Somebody,Whitney Houston,RnB,0.7213,1.8067,0.0,0.0,0.0,0.0,0.0
21431,RnB_00564,I'm Knockin',Whitney Houston,RnB,0.4821,1.5472,0.0,0.0,0.0,0.0,0.0
21432,RnB_00565,I'm Your Baby Tonight,Whitney Houston,RnB,0.3692,1.8033,0.0,0.0,0.0,0.0,0.0
21433,RnB_00566,Jesus Loves Me,Whitney Houston,RnB,0.3043,1.5812,0.0,0.0,0.0,0.0,0.0
21434,RnB_00567,Lover For Life,Whitney Houston,RnB,0.2245,1.6673,0.0,0.0,0.0,0.0,0.0
21435,RnB_00568,Miracle,Whitney Houston,RnB,0.2632,1.6755,0.0,0.0,0.0,0.0,0.0
21436,RnB_00569,Moment Of Truth,Whitney Houston,RnB,0.3462,1.5067,0.0,0.0,0.0,0.0,0.0
21437,RnB_00570,My Heart Is Calling,Whitney Houston,RnB,0.1429,1.7051,0.0,0.0,0.0,0.0,0.0
21438,RnB_00571,My Love,Whitney Houston,RnB,0.119,1.3258,0.0,0.0,0.0,0.0,0.0
21439,RnB_00572,Never Give Up,Whitney Houston,RnB,0.234,1.447,0.0,0.0,0.0,0.0,0.0
21440,RnB_00573,Nobody Loves Me Like You Do,Whitney Houston,RnB,0.2258,1.6878,0.0,0.0,0.0,0.0,0.0
21441,RnB_00574,Nothin' But Love,Whitney Houston,RnB,0.2632,1.4401,0.0,0.0,0.0,0.0,0.0
21442,RnB_00575,One Of Those Days,Whitney Houston,RnB,0.3902,1.522,0.0,0.0,0.0,0.0,0.0
21443,RnB_00576,Queen Of The Night,Whitney Houston,RnB,0.1111,1.396,0.0,0.0,0.0,0.0,0.0
21444,RnB_00577,Run To You,Whitney Houston,RnB,0.2069,1.4253,0.0,0.0,0.0,0.0,0.0
21445,RnB_00578,Salute,Whitney Houston,RnB,0.5065,1.4956,0.0,0.0,0.0,0.0,0.0
21446,RnB_00579,Saving All My Love For You,Whitney Houston,RnB,0.25,1.4436,0.0,0.0,0.0,0.0,0.0
21447,RnB_00580,Shock Me,Whitney Houston,RnB,0.6882,1.4014,0.0,0.0,0.0,0.0,0.0
21448,RnB_00581,So Emotional,Whitney Houston,RnB,0.4545,1.5594,0.0,0.0,0.0,0.0,0.0
21449,RnB_00582,Somebody Bigger Than You And I,Whitney Houston,RnB,0.2264,1.8051,0.0,0.0,0.0,0.0,0.0
21450,RnB_00583,Tell Me No,Whitney Houston,RnB,0.2564,1.3689,0.0,0.0,0.0,0.0,0.0
21451,RnB_00584,The Star Spangled Banner,Whitney Houston,RnB,0.0938,1.5688,0.0,0.0,0.0,0.0,0.0
21452,RnB_00585,Try It On My Own,Whitney Houston,RnB,0.2195,1.3576,0.0,0.0,0.0,0.0,0.0
21453,RnB_00586,Unashamed,Whitney Houston,RnB,0.6471,1.9229,0.0,0.0,0.0,0.0,0.0
21454,RnB_00587,Until You Come Back,Whitney Houston,RnB,0.2941,1.3769,0.0,0.0,0.0,0.0,0.0
21455,RnB_00588,We Didn't Know,Whitney Houston,RnB,0.2679,1.4717,0.0,0.0,0.0,0.0,0.0
21456,RnB_00589,Who Do You Love,Whitney Houston,RnB,0.1905,1.3153,0.0,0.0,0.0,0.0,0.0
21457,RnB_00590,You'll Never Stand Alone,Whitney Houston,RnB,0.0476,1.3183,0.0,0.0,0.0,0.0,0.0
56244,RnB_00591,A Song For You,Whitney Houston,RnB,0.1053,1.7309,0.0,0.0,0.0,0.0,0.0
56245,RnB_00592,After We Make Love,Whitney Houston,RnB,0.6857,1.3943,0.0,0.0,0.0,0.0,0.0
56246,RnB_00593,All At Once,Whitney Houston,RnB,0.4,1.6919,0.0,0.0,0.0,0.0,0.0
56247,RnB_00594,Dear John Letter,Whitney Houston,RnB,0.2979,1.566,0.0,0.0,0.0,0.0,0.0
56248,RnB_00595,Didn't We Almost Have It All,Whitney Houston,RnB,0.5143,1.4171,0.0,0.0,0.0,0.0,0.0
56250,RnB_00596,Family First,Whitney Houston,RnB,0.5417,1.4677,0.0,0.0,0.0,0.0,0.0
56251,RnB_00597,Get It Back,Whitney Houston,RnB,0.4286,1.5446,0.0,0.0,0.0,0.0,0.0
56252,RnB_00598,He's All Over Me,Whitney Houston,RnB,0.6939,1.4267,0.0,0.0,0.0,0.0,0.0
56253,RnB_00599,Higher Love,Whitney Houston,RnB,0.3556,1.4833,0.0,0.0,0.0,0.0,0.0
56254,RnB_00600,How Will I Know,Whitney Houston,RnB,0.7843,1.3119,0.0,0.0,0.0,0.0,0.0
56255,RnB_00601,I Believe In You And Me,Whitney Houston,RnB,0.2059,1.8598,0.0,0.0,0.0,0.0,0.0
56256,RnB_00602,I Belong To You,Whitney Houston,RnB,0.6042,1.7519,0.0,0.0,0.0,0.0,0.0
56257,RnB_00603,I Didn't Know My Own Strength,Whitney Houston,RnB,0.6667,1.3083,0.0,0.0,0.0,0.0,0.0
56258,RnB_00604,I Have Nothing,Whitney Houston,RnB,0.5614,1.5378,0.0,0.0,0.0,0.0,0.0
56259,RnB_00605,I Know Him So Well,Whitney Houston,RnB,0.2812,1.4734,0.0,0.0,0.0,0.0,0.0
56260,RnB_00606,I Look To You,Whitney Houston,RnB,0.4915,1.2839,0.0,0.0,0.0,0.0,0.0
56261,RnB_00607,I Love The Lord,Whitney Houston,RnB,0.1724,1.4017,0.0,0.0,0.0,0.0,0.0
56262,RnB_00608,I Was Made To Love Him,Whitney Houston,RnB,0.1739,1.3899,0.0,0.0,0.0,0.0,0.0
56263,RnB_00609,I Will Always Love You,Whitney Houston,RnB,0.36,1.48,0.0,0.0,0.0,0.0,0.0
56264,RnB_00610,If I Told You That,Whitney Houston,RnB,0.5333,1.2511,0.0,0.0,0.0,0.0,0.0
56265,RnB_00611,I'll Be Home For Christmas,Whitney Houston,RnB,0.4828,1.4464,0.0,0.0,0.0,0.0,0.0
56266,RnB_00612,I'm Every Woman,Whitney Houston,RnB,0.5,1.694,0.0,0.0,0.0,0.0,0.0
56267,RnB_00613,Joy,Whitney Houston,RnB,0.069,1.5144,0.0,0.0,0.0,0.0,0.0
56268,RnB_00614,Joy To The World,Whitney Houston,RnB,0.3478,1.4703,0.0,0.0,0.0,0.0,0.0
56269,RnB_00615,Just The Lonely Talking Again,Whitney Houston,RnB,0.2857,1.5594,0.0,0.0,0.0,0.0,0.0
56270,RnB_00616,Like I Never Left,Whitney Houston,RnB,0.6438,1.4044,0.0,0.0,0.0,0.0,0.0
56271,RnB_00617,Look Into Your Heart,Whitney Houston,RnB,0.1667,1.5633,0.0,0.0,0.0,0.0,0.0
56272,RnB_00618,Love Is A Contact Sport,Whitney Houston,RnB,0.2889,1.5326,0.0,0.0,0.0,0.0,0.0
56273,RnB_00619,Love That Man,Whitney Houston,RnB,0.122,1.5064,0.0,0.0,0.0,0.0,0.0
56274,RnB_00620,Love Will Save The Day,Whitney Houston,RnB,0.58,1.4907,0.0,0.0,0.0,0.0,0.0
56276,RnB_00621,Million Dollar Bill,Whitney Houston,RnB,0.5345,1.2565,0.0,0.0,0.0,0.0,0.0
56277,RnB_00622,My Love Is Your Love,Whitney Houston,RnB,0.5333,1.3912,0.0,0.0,0.0,0.0,0.0
56278,RnB_00623,My Name Is Not Susan,Whitney Houston,RnB,0.2273,1.4389,0.0,0.0,0.0,0.0,0.0
56279,RnB_00624,O Come O Come Emanuel,Whitney Houston,RnB,0.3636,1.6409,0.0,0.0,0.0,0.0,0.0
56280,RnB_00625,Oh Yes,Whitney Houston,RnB,0.4706,2.0126,0.0,0.0,0.0,0.0,0.0
56281,RnB_00626,One Moment In Time,Whitney Houston,RnB,0.5273,1.508,0.0,0.0,0.0,0.0,0.0
56282,RnB_00627,Someone For Me,Whitney Houston,RnB,0.1944,1.7602,0.0,0.0,0.0,0.0,0.0
56283,RnB_00628,Step By Step,Whitney Houston,RnB,0.0882,1.408,0.0,0.0,0.0,0.0,0.0
56284,RnB_00629,Things You Say,Whitney Houston,RnB,0.3182,1.5673,0.0,0.0,0.0,0.0,0.0
56285,RnB_00630,Thinking About You,Whitney Houston,RnB,0.4286,1.4866,0.0,0.0,0.0,0.0,0.0
56286,RnB_00631,Whatchulookinat,Whitney Houston,RnB,0.4333,1.8464,0.0,0.0,0.0,0.0,0.0
56287,RnB_00632,Where Do Broken Hearts Go,Whitney Houston,RnB,0.5517,1.4561,0.0,0.0,0.0,0.0,0.0
56288,RnB_00633,Where You Are,Whitney Houston,RnB,0.1562,1.4839,0.0,0.0,0.0,0.0,0.0
56289,RnB_00634,Who Would Imagine A King,Whitney Houston,RnB,0.1111,1.8676,0.0,0.0,0.0,0.0,0.0
56290,RnB_00635,Why Does It Hurt So Bad,Whitney Houston,RnB,0.2833,1.0977,0.0,0.0,0.0,0.0,0.0
56291,RnB_00636,You Give Good Love,Whitney Houston,RnB,0.5263,1.259,0.0,0.0,0.0,0.0,0.0
56292,RnB_00637,You Light Up My Life,Whitney Houston,RnB,0.5556,1.3795,0.0,0.0,0.0,0.0,0.0
56293,RnB_00638,You Were Loved,Whitney Houston,RnB,0.2045,1.7102,0.0,0.0,0.0,0.0,0.0
56294,RnB_00639,You're Still My Man,Whitney Houston,RnB,0.3654,1.5996,0.0,0.0,0.0,0.0,0.0
12340,RnB_00640,"4 Real, 4 Real (Feat. Da Brat)",Mariah Carey,RnB,0.4667,1.4119,0.0,0.0,0.0,0.0,0.0
12341,RnB_00641,Anytime You Need A Friend,Mariah Carey,RnB,0.4865,1.7071,0.0,0.0,0.0,0.0,0.0
12342,RnB_00642,Auld Lang Syne (The New Year's Anthem),Mariah Carey,RnB,0.9412,1.5611,0.0,0.0,0.0,0.0,0.0
12343,RnB_00643,Beautiful,Mariah Carey,RnB,0.3226,1.4661,0.0,0.0,0.0,0.0,0.0
12344,RnB_00644,Bye Bye,Mariah Carey,RnB,0.4902,1.5208,0.0,0.0,0.0,0.0,0.0
12346,RnB_00645,Chain Of Fools,Mariah Carey,RnB,0.3148,1.3556,0.0,0.0,0.0,0.0,0.0
12347,RnB_00646,Charlie Brown Christmas,Mariah Carey,RnB,0.3333,1.9444,0.0,0.0,0.0,0.0,0.0
12348,RnB_00647,Christmas Time Is In The Air Again,Mariah Carey,RnB,0.1429,1.5526,0.0,0.0,0.0,0.0,0.0
12349,RnB_00648,Circles,Mariah Carey,RnB,0.4375,1.759,0.0,0.0,0.0,0.0,0.0
12350,RnB_00649,Close My Eyes,Mariah Carey,RnB,0.4151,1.5425,0.0,0.0,0.0,0.0,0.0
12351,RnB_00650,Clown,Mariah Carey,RnB,0.3596,1.5152,0.0,0.0,0.0,0.0,0.0
12352,RnB_00651,Cruise Control,Mariah Carey,RnB,0.439,1.5678,0.0,0.0,0.0,0.0,0.0
12353,RnB_00652,Crybaby,Mariah Carey,RnB,0.4717,1.407,0.0,0.0,0.0,0.0,0.0
12354,RnB_00653,Do You Know Where You're Going To?,Mariah Carey,RnB,0.7241,1.3787,0.0,0.0,0.0,0.0,0.0
12355,RnB_00654,Don't Play That Song,Mariah Carey,RnB,0.4444,1.3553,0.0,0.0,0.0,0.0,0.0
12356,RnB_00655,Everything Fades Away,Mariah Carey,RnB,0.5106,1.4728,0.0,0.0,0.0,0.0,0.0
12357,RnB_00656,For The Record,Mariah Carey,RnB,0.1296,1.6443,0.0,0.0,0.0,0.0,0.0
12358,RnB_00657,Forever,Mariah Carey,RnB,0.5778,2.1567,0.0,0.0,0.0,0.0,0.0
12359,RnB_00658,Good Times,Mariah Carey,RnB,0.3333,1.5444,0.0,0.0,0.0,0.0,0.0
12360,RnB_00659,Got To Be Real,Mariah Carey,RnB,0.6706,1.1908,0.0,0.0,0.0,0.0,0.0
12361,RnB_00660,Hark The Herald Angels Sing,Mariah Carey,RnB,0.9615,1.5769,0.0,0.0,0.0,0.0,0.0
12362,RnB_00661,How Much,Mariah Carey,RnB,0.1471,1.7288,0.0,0.0,0.0,0.0,0.0
12364,RnB_00662,I Stay In Love,Mariah Carey,RnB,0.3947,1.3847,0.0,0.0,0.0,0.0,0.0
12365,RnB_00663,I Wish You Knew,Mariah Carey,RnB,0.3333,1.7847,0.0,0.0,0.0,0.0,0.0
12366,RnB_00664,I Wish You Well,Mariah Carey,RnB,0.1351,1.5432,0.0,0.0,0.0,0.0,0.0
12367,RnB_00665,If We,Mariah Carey,RnB,0.25,1.6132,0.0,0.0,0.0,0.0,0.0
12368,RnB_00666,Inseparable,Mariah Carey,RnB,0.2963,1.8988,0.0,0.0,0.0,0.0,0.0
12369,RnB_00667,It's Like That,Mariah Carey,RnB,0.7083,1.4437,0.0,0.0,0.0,0.0,0.0
12370,RnB_00668,Just Be Good To Me,Mariah Carey,RnB,0.6286,1.3914,0.0,0.0,0.0,0.0,0.0
12371,RnB_00669,Last Kiss,Mariah Carey,RnB,0.2308,1.5487,0.0,0.0,0.0,0.0,0.0
12372,RnB_00670,Long Ago,Mariah Carey,RnB,0.6486,1.5114,0.0,0.0,0.0,0.0,0.0
12373,RnB_00671,Love Takes Time,Mariah Carey,RnB,0.5952,1.5447,0.0,0.0,0.0,0.0,0.0
12374,RnB_00672,Loverboy,Mariah Carey,RnB,0.5893,1.6048,0.0,0.0,0.0,0.0,0.0
12375,RnB_00673,Lullaby,Mariah Carey,RnB,0.4205,1.5661,0.0,0.0,0.0,0.0,0.0
12376,RnB_00674,Lullaby Of Birdland,Mariah Carey,RnB,0.6667,1.4456,0.0,0.0,0.0,0.0,0.0
12377,RnB_00675,Make It Happen,Mariah Carey,RnB,0.5806,1.3556,0.0,0.0,0.0,0.0,0.0
12378,RnB_00676,Melt Away,Mariah Carey,RnB,0.5806,1.6296,0.0,0.0,0.0,0.0,0.0
12379,RnB_00677,Now That I Know,Mariah Carey,RnB,0.5312,1.4349,0.0,0.0,0.0,0.0,0.0
12380,RnB_00678,Oh Come All Ye Faithful,Mariah Carey,RnB,0.3529,1.5441,0.0,0.0,0.0,0.0,0.0
12381,RnB_00679,One Hundred Percent,Mariah Carey,RnB,0.7818,1.7938,0.0,0.0,0.0,0.0,0.0
12382,RnB_00680,Reflections,Mariah Carey,RnB,0.4103,1.6141,0.0,0.0,0.0,0.0,0.0
12383,RnB_00681,Side Effects (Feat. Young Jeezy),Mariah Carey,RnB,0.4639,1.627,0.0,0.0,0.0,0.0,0.0
12384,RnB_00682,Standing O,Mariah Carey,RnB,0.4118,1.5176,0.0,0.0,0.0,0.0,0.0
12385,RnB_00683,Stay The Night,Mariah Carey,RnB,0.0606,1.603,0.0,0.0,0.0,0.0,0.0
12386,RnB_00684,The Art Of Letting Go,Mariah Carey,RnB,0.2051,1.8052,0.0,0.0,0.0,0.0,0.0
12387,RnB_00685,The Biggest Part Of Me,Mariah Carey,RnB,0.4118,1.592,0.0,0.0,0.0,0.0,0.0
42619,RnB_00686,After Tonight,Mariah Carey,RnB,0.5814,1.7771,0.0,0.0,0.0,0.0,0.0
42620,RnB_00687,Against All Odds,Mariah Carey,RnB,0.3953,1.4901,0.0,0.0,0.0,0.0,0.0
42621,RnB_00688,All I Want For Christmas,Mariah Carey,RnB,0.2364,1.5204,0.0,0.0,0.0,0.0,0.0
42622,RnB_00689,All In Your Mind,Mariah Carey,RnB,0.3143,1.6386,0.0,0.0,0.0,0.0,0.0
42623,RnB_00690,All I've Ever Wanted,Mariah Carey,RnB,0.5128,1.7656,0.0,0.0,0.0,0.0,0.0
42624,RnB_00691,All My Life,Mariah Carey,RnB,0.5385,1.4593,0.0,0.0,0.0,0.0,0.0
42625,RnB_00692,Almost Home,Mariah Carey,RnB,0.52,1.6413,0.0,0.0,0.0,0.0,0.0
42626,RnB_00693,Alone In Love,Mariah Carey,RnB,0.1471,1.4828,0.0,0.0,0.0,0.0,0.0
42627,RnB_00694,Always Be My Baby,Mariah Carey,RnB,0.5455,1.6231,0.0,0.0,0.0,0.0,0.0
42628,RnB_00695,Always Be My Baby - Album Version,Mariah Carey,RnB,0.6275,1.5866,0.0,0.0,0.0,0.0,0.0
42629,RnB_00696,And You Don't Remember,Mariah Carey,RnB,0.4565,1.8949,0.0,0.0,0.0,0.0,0.0
42630,RnB_00697,Angels Cry,Mariah Carey,RnB,0.1277,1.485,0.0,0.0,0.0,0.0,0.0
42631,RnB_00698,Babydoll,Mariah Carey,RnB,0.5224,1.546,0.0,0.0,0.0,0.0,0.0
42632,RnB_00699,Bliss,Mariah Carey,RnB,0.06,1.5598,0.0,0.0,0.0,0.0,0.0
42633,RnB_00700,Boy,Mariah Carey,RnB,0.7692,1.3783,0.0,0.0,0.0,0.0,0.0
42634,RnB_00701,Breakdown,Mariah Carey,RnB,0.5208,1.6713,0.0,0.0,0.0,0.0,0.0
42635,RnB_00702,Bringin' On The Heartache,Mariah Carey,RnB,0.537,1.6732,0.0,0.0,0.0,0.0,0.0
42636,RnB_00703,Butterfly,Mariah Carey,RnB,0.55,1.9178,0.0,0.0,0.0,0.0,0.0
42637,RnB_00704,Bye Bye (Jay-Z Remix),Mariah Carey,RnB,0.2308,1.4558,0.0,0.0,0.0,0.0,0.0
42638,RnB_00705,Candy Bling,Mariah Carey,RnB,0.581,1.4671,0.0,0.0,0.0,0.0,0.0
42639,RnB_00706,Can't Let Go,Mariah Carey,RnB,0.1892,1.4773,0.0,0.0,0.0,0.0,0.0
42640,RnB_00707,Cry,Mariah Carey,RnB,0.3409,1.3018,0.0,0.0,0.0,0.0,0.0
42641,RnB_00708,Daydream,Mariah Carey,RnB,0.35,1.4271,0.0,0.0,0.0,0.0,0.0
42642,RnB_00709,Dedicated,Mariah Carey,RnB,0.4828,1.7776,0.0,0.0,0.0,0.0,0.0
42643,RnB_00710,Didn't Mean To Turn You On,Mariah Carey,RnB,0.3636,1.2468,0.0,0.0,0.0,0.0,0.0
42644,RnB_00711,Do You Think Of Me?,Mariah Carey,RnB,0.3846,1.6833,0.0,0.0,0.0,0.0,0.0
42645,RnB_00712,Don't Forget About Us,Mariah Carey,RnB,0.1967,1.5648,0.0,0.0,0.0,0.0,0.0
42647,RnB_00713,Emotions,Mariah Carey,RnB,0.619,1.7567,0.0,0.0,0.0,0.0,0.0
42648,RnB_00714,Emotions - 12 Club Mix,Mariah Carey,RnB,0.4898,1.7473,0.0,0.0,0.0,0.0,0.0
42649,RnB_00715,Endless Love,Mariah Carey,RnB,0.2927,1.2906,0.0,0.0,0.0,0.0,0.0
42650,RnB_00716,Faded,Mariah Carey,RnB,0.3,1.8577,0.0,0.0,0.0,0.0,0.0
42651,RnB_00717,Fantasy,Mariah Carey,RnB,0.587,1.538,0.0,0.0,0.0,0.0,0.0
42652,RnB_00718,Fantasy (Bad Boy Fantasy),Mariah Carey,RnB,0.587,1.538,0.0,0.0,0.0,0.0,0.0
42653,RnB_00719,Fly Away,Mariah Carey,RnB,0.8507,2.1505,0.0,0.0,0.0,0.0,0.0
42654,RnB_00720,Fly Like A Bird,Mariah Carey,RnB,0.4762,1.6698,0.0,0.0,0.0,0.0,0.0
42655,RnB_00721,Fourth Of July,Mariah Carey,RnB,0.1,1.8453,0.0,0.0,0.0,0.0,0.0
42656,RnB_00722,Get Your Number,Mariah Carey,RnB,0.2195,1.5171,0.0,0.0,0.0,0.0,0.0
42657,RnB_00723,"God Rest Ye Merry, Gentlemen",Mariah Carey,RnB,1.0,1.5667,0.0,0.0,0.0,0.0,0.0
42658,RnB_00724,Hate You,Mariah Carey,RnB,0.5493,1.3553,0.0,0.0,0.0,0.0,0.0
42659,RnB_00725,Heartbreaker,Mariah Carey,RnB,0.4571,1.3635,0.0,0.0,0.0,0.0,0.0
42660,RnB_00726,Heat,Mariah Carey,RnB,0.6933,1.222,0.0,0.0,0.0,0.0,0.0
42661,RnB_00727,Hero,Mariah Carey,RnB,0.4651,1.5873,0.0,0.0,0.0,0.0,0.0
42662,RnB_00728,Honey,Mariah Carey,RnB,0.7532,1.658,0.0,0.0,0.0,0.0,0.0
42664,RnB_00729,I Don't Wanna Cry,Mariah Carey,RnB,0.0968,1.6882,0.0,0.0,0.0,0.0,0.0
42665,RnB_00730,I Feel It,Mariah Carey,RnB,0.5283,1.6105,0.0,0.0,0.0,0.0,0.0
42666,RnB_00731,I Only Wanted,Mariah Carey,RnB,0.5238,1.7976,0.0,0.0,0.0,0.0,0.0
42667,RnB_00732,I Still Believe,Mariah Carey,RnB,0.4872,1.5171,0.0,0.0,0.0,0.0,0.0
42668,RnB_00733,I Want To Know What Love Is,Mariah Carey,RnB,0.3953,1.2179,0.0,0.0,0.0,0.0,0.0
42669,RnB_00734,If It's Over,Mariah Carey,RnB,0.2432,1.447,0.0,0.0,0.0,0.0,0.0
42670,RnB_00735,I'll Be Lovin U Long Time,Mariah Carey,RnB,0.6866,1.6979,0.0,0.0,0.0,0.0,0.0
42671,RnB_00736,I'll Be There,Mariah Carey,RnB,0.4848,1.2318,0.0,0.0,0.0,0.0,0.0
42672,RnB_00737,I'm That Chick,Mariah Carey,RnB,0.493,1.3698,0.0,0.0,0.0,0.0,0.0
42673,RnB_00738,Irresistible,Mariah Carey,RnB,0.6711,1.9962,0.0,0.0,0.0,0.0,0.0
42674,RnB_00739,Irresistible (Westside Connection),Mariah Carey,RnB,0.6806,1.9979,0.0,0.0,0.0,0.0,0.0
42675,RnB_00740,It's A Wrap,Mariah Carey,RnB,0.34,1.4887,0.0,0.0,0.0,0.0,0.0
42676,RnB_00741,I've Been Thinking About You,Mariah Carey,RnB,0.6076,2.0234,0.0,0.0,0.0,0.0,0.0
42677,RnB_00742,Jesus Born On This Day,Mariah Carey,RnB,0.5938,1.4708,0.0,0.0,0.0,0.0,0.0
42678,RnB_00743,"Jesus, Oh What A Wonderful Child",Mariah Carey,RnB,0.6296,1.5716,0.0,0.0,0.0,0.0,0.0
42679,RnB_00744,Joy Ride,Mariah Carey,RnB,0.4419,1.4965,0.0,0.0,0.0,0.0,0.0
42680,RnB_00745,Joy To The World,Mariah Carey,RnB,0.7442,1.4907,0.0,0.0,0.0,0.0,0.0
42681,RnB_00746,Just To Hold You Once Again,Mariah Carey,RnB,0.3684,1.5405,0.0,0.0,0.0,0.0,0.0
42682,RnB_00747,Languishing,Mariah Carey,RnB,0.3636,1.7242,0.0,0.0,0.0,0.0,0.0
42683,RnB_00748,Last Night A DJ Saved My Life,Mariah Carey,RnB,0.4946,1.3745,0.0,0.0,0.0,0.0,0.0
42684,RnB_00749,Lead The Way,Mariah Carey,RnB,0.3704,1.4487,0.0,0.0,0.0,0.0,0.0
42685,RnB_00750,Little Drummer Boy,Mariah Carey,RnB,0.4878,1.0976,0.0,0.0,0.0,0.0,0.0
42687,RnB_00751,Make It Last Forever,Mariah Carey,RnB,0.2473,1.3786,0.0,0.0,0.0,0.0,0.0
42689,RnB_00752,Mine Again,Mariah Carey,RnB,0.35,1.4946,0.0,0.0,0.0,0.0,0.0
42690,RnB_00753,Misty Moon,Mariah Carey,RnB,0.2353,2.1471,0.0,0.0,0.0,0.0,0.0
42691,RnB_00754,Music Box,Mariah Carey,RnB,0.4186,1.5604,0.0,0.0,0.0,0.0,0.0
42692,RnB_00755,My All,Mariah Carey,RnB,0.5385,1.4466,0.0,0.0,0.0,0.0,0.0
42693,RnB_00756,My Saving Grace,Mariah Carey,RnB,0.3846,1.7656,0.0,0.0,0.0,0.0,0.0
42694,RnB_00757,Never Forget You,Mariah Carey,RnB,0.3684,1.5618,0.0,0.0,0.0,0.0,0.0
42695,RnB_00758,Never Too Far,Mariah Carey,RnB,0.5818,1.8488,0.0,0.0,0.0,0.0,0.0
42696,RnB_00759,O Come All Ye Faithful,Mariah Carey,RnB,0.4348,1.6371,0.0,0.0,0.0,0.0,0.0
42697,RnB_00760,O Holy Night,Mariah Carey,RnB,0.1538,1.4936,0.0,0.0,0.0,0.0,0.0
42699,RnB_00761,Obsessed,Mariah Carey,RnB,0.5641,1.5821,0.0,0.0,0.0,0.0,0.0
42700,RnB_00762,Oh Santa,Mariah Carey,RnB,0.3492,1.3857,0.0,0.0,0.0,0.0,0.0
42701,RnB_00763,One And Only,Mariah Carey,RnB,0.3053,1.5971,0.0,0.0,0.0,0.0,0.0
42702,RnB_00764,One Child,Mariah Carey,RnB,0.3621,1.7428,0.0,0.0,0.0,0.0,0.0
42703,RnB_00765,One Sweet Day,Mariah Carey,RnB,0.2069,1.8126,0.0,0.0,0.0,0.0,0.0
42704,RnB_00766,O.O.C.,Mariah Carey,RnB,0.6,2.2253,0.0,0.0,0.0,0.0,0.0
42705,RnB_00767,Open Arms,Mariah Carey,RnB,0.1667,1.534,0.0,0.0,0.0,0.0,0.0
42706,RnB_00768,Outside,Mariah Carey,RnB,0.3636,2.2091,0.0,0.0,0.0,0.0,0.0
42707,RnB_00769,Petals,Mariah Carey,RnB,0.1452,1.8153,0.0,0.0,0.0,0.0,0.0
42708,RnB_00770,Prisoner,Mariah Carey,RnB,0.3889,1.7472,0.0,0.0,0.0,0.0,0.0
42709,RnB_00771,Ribbon,Mariah Carey,RnB,0.6094,1.4964,0.0,0.0,0.0,0.0,0.0
42710,RnB_00772,Right To Dream,Mariah Carey,RnB,0.5,1.7004,0.0,0.0,0.0,0.0,0.0
42711,RnB_00773,Santa Claus Is Coming To Town,Mariah Carey,RnB,0.641,1.5252,0.0,0.0,0.0,0.0,0.0
42712,RnB_00774,Save The Day,Mariah Carey,RnB,0.1951,1.5244,0.0,0.0,0.0,0.0,0.0
42713,RnB_00775,Say Something,Mariah Carey,RnB,0.5,1.3917,0.0,0.0,0.0,0.0,0.0
42714,RnB_00776,Secret Love,Mariah Carey,RnB,0.5303,1.4677,0.0,0.0,0.0,0.0,0.0
42715,RnB_00777,Sent From Up Above,Mariah Carey,RnB,0.08,1.96,0.0,0.0,0.0,0.0,0.0
42716,RnB_00778,Shake It Off,Mariah Carey,RnB,0.2373,1.5685,0.0,0.0,0.0,0.0,0.0
42717,RnB_00779,Silent Night,Mariah Carey,RnB,0.5385,1.4878,0.0,0.0,0.0,0.0,0.0
42718,RnB_00780,Slipping Away,Mariah Carey,RnB,0.5,1.589,0.0,0.0,0.0,0.0,0.0
42719,RnB_00781,So Blessed,Mariah Carey,RnB,0.0769,1.9352,0.0,0.0,0.0,0.0,0.0
42720,RnB_00782,Someday,Mariah Carey,RnB,0.3182,1.7008,0.0,0.0,0.0,0.0,0.0
42721,RnB_00783,Subtle Invitation,Mariah Carey,RnB,0.4103,1.6345,0.0,0.0,0.0,0.0,0.0
42723,RnB_00784,Sweetheart,Mariah Carey,RnB,0.2095,1.4281,0.0,0.0,0.0,0.0,0.0
42724,RnB_00785,Thank God I Found You,Mariah Carey,RnB,0.3908,1.7194,0.0,0.0,0.0,0.0,0.0
42725,RnB_00786,Thanx 4 Nothin',Mariah Carey,RnB,0.3793,1.4718,0.0,0.0,0.0,0.0,0.0
42726,RnB_00787,The Beautiful Ones,Mariah Carey,RnB,0.1852,1.6147,0.0,0.0,0.0,0.0,0.0
42727,RnB_00788,The First Noel,Mariah Carey,RnB,0.3243,1.5225,0.0,0.0,0.0,0.0,0.0
42728,RnB_00789,The Impossible,Mariah Carey,RnB,0.2885,1.7294,0.0,0.0,0.0,0.0,0.0
42729,RnB_00790,The One,Mariah Carey,RnB,0.4706,1.7398,0.0,0.0,0.0,0.0,0.0
17151,RnB_00791,A Tear Fell,Ray Charles,RnB,0.1667,1.3935,0.0,0.0,0.0,0.0,0.0
17152,RnB_00792,Angelina,Ray Charles,RnB,0.3333,1.8065,0.0,0.0,0.0,0.0,0.0
17153,RnB_00793,Baby It's Cold Outside,Ray Charles,RnB,0.1296,1.5769,0.0,0.0,0.0,0.0,0.0
17154,RnB_00794,Blues Before Sunrise,Ray Charles,RnB,0.5556,1.9093,0.0,0.0,0.0,0.0,0.0
17156,RnB_00795,Born To Lose,Ray Charles,RnB,0.4118,1.4745,0.0,0.0,0.0,0.0,0.0
17157,RnB_00796,Bye Bye Love,Ray Charles,RnB,0.3,1.5211,0.0,0.0,0.0,0.0,0.0
17158,RnB_00797,Crazy Love,Ray Charles,RnB,0.1,1.4508,0.0,0.0,0.0,0.0,0.0
17160,RnB_00798,Cry Me A River,Ray Charles,RnB,0.6944,1.5694,0.0,0.0,0.0,0.0,0.0
17161,RnB_00799,Crying Time,Ray Charles,RnB,0.4286,1.3054,0.0,0.0,0.0,0.0,0.0
17162,RnB_00800,Do I Ever Cross Your Mind,Ray Charles,RnB,0.5769,1.9321,0.0,0.0,0.0,0.0,0.0
17163,RnB_00801,Don't Set Me Free,Ray Charles,RnB,0.6667,1.5791,0.0,0.0,0.0,0.0,0.0
17164,RnB_00802,Don't You Know,Ray Charles,RnB,0.225,1.2821,0.0,0.0,0.0,0.0,0.0
17166,RnB_00803,Eleanor Rigby,Ray Charles,RnB,0.4167,1.8219,0.0,0.0,0.0,0.0,0.0
17167,RnB_00804,Everytime We Say Goodbye,Ray Charles,RnB,0.7826,1.7797,0.0,0.0,0.0,0.0,0.0
17168,RnB_00805,Feel So Bad,Ray Charles,RnB,0.0851,1.3149,0.0,0.0,0.0,0.0,0.0
17169,RnB_00806,Fever,Ray Charles,RnB,0.0667,1.5748,0.0,0.0,0.0,0.0,0.0
17170,RnB_00807,Greenbacks,Ray Charles,RnB,0.225,1.5842,0.0,0.0,0.0,0.0,0.0
17172,RnB_00808,Heaven Help Us All,Ray Charles,RnB,0.4828,1.2923,0.0,0.0,0.0,0.0,0.0
17173,RnB_00809,Here We Go Again,Ray Charles,RnB,0.7692,1.2179,0.0,0.0,0.0,0.0,0.0
17174,RnB_00810,How Did You Feell The Morning After?,Ray Charles,RnB,0.4,1.5583,0.0,0.0,0.0,0.0,0.0
17175,RnB_00811,I Believe To My Soul,Ray Charles,RnB,0.3889,1.6694,0.0,0.0,0.0,0.0,0.0
17176,RnB_00812,I Can't Stop Loving You,Ray Charles,RnB,0.375,1.5058,0.0,0.0,0.0,0.0,0.0
17177,RnB_00813,I Had A Dream,Ray Charles,RnB,0.2424,1.1669,0.0,0.0,0.0,0.0,0.0
17179,RnB_00814,I Wish You Were Here Tonight,Ray Charles,RnB,0.0833,1.679,0.0,0.0,0.0,0.0,0.0
17180,RnB_00815,I'm Going Down The River,Ray Charles,RnB,0.1,1.3483,0.0,0.0,0.0,0.0,0.0
17181,RnB_00816,I'm Gonna Move To The Outskirts Of Town,Ray Charles,RnB,0.2857,1.4829,0.0,0.0,0.0,0.0,0.0
17182,RnB_00817,I'm Movin On,Ray Charles,RnB,0.2222,1.3675,0.0,0.0,0.0,0.0,0.0
17183,RnB_00818,I'm Moving On,Ray Charles,RnB,0.1714,1.4118,0.0,0.0,0.0,0.0,0.0
17184,RnB_00819,In A Little Spanish Town,Ray Charles,RnB,0.6757,1.6757,0.0,0.0,0.0,0.0,0.0
17185,RnB_00820,In The Heat Of The Night,Ray Charles,RnB,0.2,1.2363,0.0,0.0,0.0,0.0,0.0
17186,RnB_00821,It Makes No Difference Now,Ray Charles,RnB,0.2353,1.8452,0.0,0.0,0.0,0.0,0.0
17187,RnB_00822,It's Alright,Ray Charles,RnB,0.3333,1.6062,0.0,0.0,0.0,0.0,0.0
17188,RnB_00823,Just For A Thrill,Ray Charles,RnB,0.5714,1.3413,0.0,0.0,0.0,0.0,0.0
17189,RnB_00824,Leave My Woman Alone,Ray Charles,RnB,0.549,1.8574,0.0,0.0,0.0,0.0,0.0
17190,RnB_00825,Let The Good Times Roll,Ray Charles,RnB,0.0741,1.4149,0.0,0.0,0.0,0.0,0.0
17191,RnB_00826,Let Your Love Flow,Ray Charles,RnB,0.6296,1.3858,0.0,0.0,0.0,0.0,0.0
17192,RnB_00827,Let's Go Get Stoned,Ray Charles,RnB,0.4,1.3617,0.0,0.0,0.0,0.0,0.0
17193,RnB_00828,"Listen, They're Playing My Song",Ray Charles,RnB,0.125,1.4931,0.0,0.0,0.0,0.0,0.0
17195,RnB_00829,Mississippi Mud,Ray Charles,RnB,0.15,1.4142,0.0,0.0,0.0,0.0,0.0
17196,RnB_00830,Moon Over Miami,Ray Charles,RnB,0.1765,1.5755,0.0,0.0,0.0,0.0,0.0
17197,RnB_00831,My Bonnie,Ray Charles,RnB,0.5179,1.1868,0.0,0.0,0.0,0.0,0.0
17198,RnB_00832,No One,Ray Charles,RnB,0.7,1.5908,0.0,0.0,0.0,0.0,0.0
17199,RnB_00833,None Of Us Are Free,Ray Charles,RnB,0.4898,1.2525,0.0,0.0,0.0,0.0,0.0
17202,RnB_00834,Sinner's Prayer,Ray Charles,RnB,0.4615,1.6325,0.0,0.0,0.0,0.0,0.0
17203,RnB_00835,Some Day (Blues Is My Middle Name),Ray Charles,RnB,0.3333,1.5972,0.0,0.0,0.0,0.0,0.0
17204,RnB_00836,Sticks And Stones,Ray Charles,RnB,0.619,1.5587,0.0,0.0,0.0,0.0,0.0
17205,RnB_00837,Sweet Memories,Ray Charles,RnB,0.2857,1.1985,0.0,0.0,0.0,0.0,0.0
17206,RnB_00838,Teardrops From My Eyes,Ray Charles,RnB,0.3214,1.4067,0.0,0.0,0.0,0.0,0.0
17207,RnB_00839,Tell All The World About You,Ray Charles,RnB,0.7241,1.1345,0.0,0.0,0.0,0.0,0.0
17208,RnB_00840,Tell The World About You,Ray Charles,RnB,0.5806,1.2204,0.0,0.0,0.0,0.0,0.0
50277,RnB_00841,A Fool For You,Ray Charles,RnB,0.3529,1.2627,0.0,0.0,0.0,0.0,0.0
50278,RnB_00842,A Sentimental Blues,Ray Charles,RnB,0.7368,1.4189,0.0,0.0,0.0,0.0,0.0
50279,RnB_00843,A Song For You,Ray Charles,RnB,0.1538,1.748,0.0,0.0,0.0,0.0,0.0
50280,RnB_00844,Ain't Misbehavin',Ray Charles,RnB,0.1481,1.6179,0.0,0.0,0.0,0.0,0.0
50281,RnB_00845,Ain't That Love,Ray Charles,RnB,0.4706,1.1266,0.0,0.0,0.0,0.0,0.0
50282,RnB_00846,Alabamy Bound,Ray Charles,RnB,0.5,1.5327,0.0,0.0,0.0,0.0,0.0
50285,RnB_00847,Angel City,Ray Charles,RnB,0.3023,1.243,0.0,0.0,0.0,0.0,0.0
50286,RnB_00848,At The Club,Ray Charles,RnB,0.283,1.5494,0.0,0.0,0.0,0.0,0.0
50288,RnB_00849,Beers To You (with Clint Eastwood),Ray Charles,RnB,0.4255,1.4525,0.0,0.0,0.0,0.0,0.0
50289,RnB_00850,Blackjack,Ray Charles,RnB,0.4167,1.5625,0.0,0.0,0.0,0.0,0.0
50290,RnB_00851,C C Rider,Ray Charles,RnB,0.5,1.1833,0.0,0.0,0.0,0.0,0.0
50292,RnB_00852,Careless Love,Ray Charles,RnB,0.2273,1.343,0.0,0.0,0.0,0.0,0.0
50293,RnB_00853,Carry Me Back To Old Virginny,Ray Charles,RnB,0.25,1.5683,0.0,0.0,0.0,0.0,0.0
50295,RnB_00854,Christmas Time,Ray Charles,RnB,0.8,2.2467,0.0,0.0,0.0,0.0,0.0
50296,RnB_00855,Come Back,Ray Charles,RnB,0.25,1.2214,0.0,0.0,0.0,0.0,0.0
50297,RnB_00856,Come Live With Me,Ray Charles,RnB,0.2432,1.1203,0.0,0.0,0.0,0.0,0.0
50298,RnB_00857,Come Rain Or Come Shine,Ray Charles,RnB,0.1875,1.4365,0.0,0.0,0.0,0.0,0.0
50299,RnB_00858,'Deed I Do,Ray Charles,RnB,0.7778,1.3111,0.0,0.0,0.0,0.0,0.0
50300,RnB_00859,Don't Change On Me,Ray Charles,RnB,0.75,1.6592,0.0,0.0,0.0,0.0,0.0
50301,RnB_00860,Don't Let The Sun Catch You Cryin',Ray Charles,RnB,0.4545,1.225,0.0,0.0,0.0,0.0,0.0
50302,RnB_00861,Drown In My Own Tears,Ray Charles,RnB,0.2703,1.2671,0.0,0.0,0.0,0.0,0.0
50303,RnB_00862,Ellie My Love,Ray Charles,RnB,0.8333,1.3802,0.0,0.0,0.0,0.0,0.0
50304,RnB_00863,Fifty Nifty United States,Ray Charles,RnB,0.0952,2.347,0.0,0.0,0.0,0.0,0.0
50305,RnB_00864,Friendship,Ray Charles,RnB,0.0909,1.5082,0.0,0.0,0.0,0.0,0.0
50306,RnB_00865,From The Heart,Ray Charles,RnB,0.0833,1.4384,0.0,0.0,0.0,0.0,0.0
50307,RnB_00866,"Gee, Baby Ain't I Good To You",Ray Charles,RnB,0.125,1.3958,0.0,0.0,0.0,0.0,0.0
50308,RnB_00867,Georgia On My Mind,Ray Charles,RnB,0.5714,1.4405,0.0,0.0,0.0,0.0,0.0
50309,RnB_00868,Get On The Right Track Baby,Ray Charles,RnB,0.5152,1.2152,0.0,0.0,0.0,0.0,0.0
50310,RnB_00869,God Bless America Again,Ray Charles,RnB,0.4545,1.5568,0.0,0.0,0.0,0.0,0.0
50311,RnB_00870,Hallelujah I Love Her So,Ray Charles,RnB,0.6389,1.6731,0.0,0.0,0.0,0.0,0.0
50313,RnB_00871,"Hey, Good Lookin'",Ray Charles,RnB,0.25,1.5244,0.0,0.0,0.0,0.0,0.0
50314,RnB_00872,Hey Now,Ray Charles,RnB,0.3077,1.2763,0.0,0.0,0.0,0.0,0.0
50315,RnB_00873,Hide 'Nor Hair,Ray Charles,RnB,0.1951,1.4304,0.0,0.0,0.0,0.0,0.0
50316,RnB_00874,"Hit The Road, Jack",Ray Charles,RnB,0.7805,1.0947,0.0,0.0,0.0,0.0,0.0
50317,RnB_00875,Honey Honey,Ray Charles,RnB,0.3333,1.6394,0.0,0.0,0.0,0.0,0.0
50318,RnB_00876,How Long Blues,Ray Charles,RnB,0.4167,1.2732,0.0,0.0,0.0,0.0,0.0
50319,RnB_00877,How Long Has This Been Going On,Ray Charles,RnB,0.1875,1.3802,0.0,0.0,0.0,0.0,0.0
50321,RnB_00878,I Chose To Sing The Blues,Ray Charles,RnB,0.1778,1.5127,0.0,0.0,0.0,0.0,0.0
50322,RnB_00879,I Didn't Know What Time It Was,Ray Charles,RnB,0.6296,1.4441,0.0,0.0,0.0,0.0,0.0
50323,RnB_00880,I Got A Woman,Ray Charles,RnB,0.5429,1.3329,0.0,0.0,0.0,0.0,0.0
50324,RnB_00881,I Gotta Woman,Ray Charles,RnB,0.4286,1.3369,0.0,0.0,0.0,0.0,0.0
50325,RnB_00882,I Love You More Than I Ever Have,Ray Charles,RnB,0.2,1.551,0.0,0.0,0.0,0.0,0.0
50326,RnB_00883,I Love You So Much It Hurts,Ray Charles,RnB,0.6667,1.3597,0.0,0.0,0.0,0.0,0.0
50327,RnB_00884,I Want To Talk About You,Ray Charles,RnB,0.069,1.4107,0.0,0.0,0.0,0.0,0.0
50329,RnB_00885,If I Could,Ray Charles,RnB,0.2571,1.3033,0.0,0.0,0.0,0.0,0.0
50330,RnB_00886,If It Wasn't For Bad Luck,Ray Charles,RnB,0.0756,1.3792,0.0,0.0,0.0,0.0,0.0
50331,RnB_00887,If You Were Mine,Ray Charles,RnB,0.1333,1.4,0.0,0.0,0.0,0.0,0.0
50332,RnB_00888,I'm A Fool To Care,Ray Charles,RnB,0.4828,1.1488,0.0,0.0,0.0,0.0,0.0
50333,RnB_00889,I'm Beginning To See The Light (Ray's Arrangement Suggestions),Ray Charles,RnB,0.3846,1.4269,0.0,0.0,0.0,0.0,0.0
50334,RnB_00890,Is There Anyone Out There?,Ray Charles,RnB,0.1515,1.7056,0.0,0.0,0.0,0.0,0.0
50336,RnB_00891,It Had To Be You,Ray Charles,RnB,0.2273,1.5256,0.0,0.0,0.0,0.0,0.0
50337,RnB_00892,It Should Have Been Me,Ray Charles,RnB,0.3667,1.6145,0.0,0.0,0.0,0.0,0.0
50338,RnB_00893,It Was A Very Good Year,Ray Charles,RnB,0.3571,1.8185,0.0,0.0,0.0,0.0,0.0
50339,RnB_00894,I've Got News For You,Ray Charles,RnB,0.0741,1.3686,0.0,0.0,0.0,0.0,0.0
50340,RnB_00895,Jumpin' In The Morning,Ray Charles,RnB,0.2128,1.4869,0.0,0.0,0.0,0.0,0.0
50341,RnB_00896,Just A Little Lovin',Ray Charles,RnB,0.4333,1.346,0.0,0.0,0.0,0.0,0.0
50342,RnB_00897,Laughin And Clownin,Ray Charles,RnB,0.48,1.28,0.0,0.0,0.0,0.0,0.0
50343,RnB_00898,Let Me Love You,Ray Charles,RnB,0.1111,1.3812,0.0,0.0,0.0,0.0,0.0
50344,RnB_00899,Let's Get Stoned,Ray Charles,RnB,0.3333,1.36,0.0,0.0,0.0,0.0,0.0
50347,RnB_00900,Makin' Whoopee,Ray Charles,RnB,0.16,1.5526,0.0,0.0,0.0,0.0,0.0
50348,RnB_00901,Mary Ann,Ray Charles,RnB,0.1818,1.2705,0.0,0.0,0.0,0.0,0.0
50350,RnB_00902,Mess Around,Ray Charles,RnB,0.2353,1.5741,0.0,0.0,0.0,0.0,0.0
50351,RnB_00903,Moonlight In Vermont,Ray Charles,RnB,0.4286,2.2143,0.0,0.0,0.0,0.0,0.0
50352,RnB_00904,My Baby Don't Dig Me,Ray Charles,RnB,0.3488,1.2561,0.0,0.0,0.0,0.0,0.0
50353,RnB_00905,My Heart Cries For You,Ray Charles,RnB,0.3913,1.4562,0.0,0.0,0.0,0.0,0.0
50354,RnB_00906,My World,Ray Charles,RnB,0.4286,1.497,0.0,0.0,0.0,0.0,0.0
50355,RnB_00907,No One To Cry To,Ray Charles,RnB,0.7,1.5908,0.0,0.0,0.0,0.0,0.0
50356,RnB_00908,"Oh, What A Beautiful Morning",Ray Charles,RnB,0.2222,1.6009,0.0,0.0,0.0,0.0,0.0
50358,RnB_00909,One Drop Of Love,Ray Charles,RnB,0.7042,1.4471,0.0,0.0,0.0,0.0,0.0
50359,RnB_00910,One Mint Julep,Ray Charles,RnB,0.28,1.5593,0.0,0.0,0.0,0.0,0.0
50360,RnB_00911,Over The Rainbow,Ray Charles,RnB,1.0,1.4344,0.0,0.0,0.0,0.0,0.0
50361,RnB_00912,People Will Say We're In Love,Ray Charles,RnB,0.2143,1.2655,0.0,0.0,0.0,0.0,0.0
50362,RnB_00913,Please Say You're Fooling,Ray Charles,RnB,0.2727,1.5091,0.0,0.0,0.0,0.0,0.0
50363,RnB_00914,Precious Thing,Ray Charles,RnB,0.4524,1.4233,0.0,0.0,0.0,0.0,0.0
50364,RnB_00915,Rainy Night In Georgia,Ray Charles,RnB,0.0741,1.5484,0.0,0.0,0.0,0.0,0.0
50365,RnB_00916,Ray's Blues,Ray Charles,RnB,0.2857,1.623,0.0,0.0,0.0,0.0,0.0
50366,RnB_00917,Roll With My Baby,Ray Charles,RnB,0.4062,1.4199,0.0,0.0,0.0,0.0,0.0
50368,RnB_00918,Santa Claus Is Coming To Town,Ray Charles,RnB,0.5918,1.4762,0.0,0.0,0.0,0.0,0.0
50369,RnB_00919,Say No More,Ray Charles,RnB,0.1395,1.3806,0.0,0.0,0.0,0.0,0.0
50370,RnB_00920,Seven Spanish Angels,Ray Charles,RnB,0.0741,1.6012,0.0,0.0,0.0,0.0,0.0
50371,RnB_00921,Sherry,Ray Charles,RnB,0.381,1.6151,0.0,0.0,0.0,0.0,0.0
50372,RnB_00922,She's On The Ball,Ray Charles,RnB,0.4848,1.4949,0.0,0.0,0.0,0.0,0.0
50373,RnB_00923,Smack Dab In The Middle,Ray Charles,RnB,0.3269,1.4438,0.0,0.0,0.0,0.0,0.0
50374,RnB_00924,So Help Me God,Ray Charles,RnB,0.1795,1.2466,0.0,0.0,0.0,0.0,0.0
50375,RnB_00925,Sorry Seems To Be The Hardest Word,Ray Charles,RnB,0.381,1.2619,0.0,0.0,0.0,0.0,0.0
50376,RnB_00926,Stella By Starlight,Ray Charles,RnB,0.875,1.5813,0.0,0.0,0.0,0.0,0.0
50377,RnB_00927,Still Crazy After All These Years,Ray Charles,RnB,0.2188,1.4531,0.0,0.0,0.0,0.0,0.0
50378,RnB_00928,Strong Love Affair,Ray Charles,RnB,0.3158,1.4185,0.0,0.0,0.0,0.0,0.0
50379,RnB_00929,Sweet Young Thing Like You,Ray Charles,RnB,0.6486,1.2995,0.0,0.0,0.0,0.0,0.0
50380,RnB_00930,Takes Two To Tango,Ray Charles,RnB,0.24,1.4327,0.0,0.0,0.0,0.0,0.0
50381,RnB_00931,Talkin' 'Bout You,Ray Charles,RnB,0.6186,1.4826,0.0,0.0,0.0,0.0,0.0
50382,RnB_00932,Tell Me You'll Wait For Me,Ray Charles,RnB,0.4583,1.366,0.0,0.0,0.0,0.0,0.0
50383,RnB_00933,Tell The Truth,Ray Charles,RnB,0.6949,1.1584,0.0,0.0,0.0,0.0,0.0
50384,RnB_00934,That Lucky Old Sun,Ray Charles,RnB,0.55,1.4646,0.0,0.0,0.0,0.0,0.0
50385,RnB_00935,That Lucky Old Sun Just Rolls Around Heaven,Ray Charles,RnB,0.6,1.4646,0.0,0.0,0.0,0.0,0.0
18879,RnB_00936,All Day Sucker,Stevie Wonder,RnB,0.7789,1.3528,0.0,0.0,0.0,0.0,0.0
18880,RnB_00937,All I Do,Stevie Wonder,RnB,0.5789,1.3424,0.0,0.0,0.0,0.0,0.0
18881,RnB_00938,Another Star,Stevie Wonder,RnB,0.8125,1.4878,0.0,0.0,0.0,0.0,0.0
18882,RnB_00939,Bang Bang,Stevie Wonder,RnB,0.4706,1.1471,0.0,0.0,0.0,0.0,0.0
18883,RnB_00940,Blame It On The Sun,Stevie Wonder,RnB,0.16,1.3293,0.0,0.0,0.0,0.0,0.0
18884,RnB_00941,Boogie On Reggae Woman,Stevie Wonder,RnB,0.4571,1.326,0.0,0.0,0.0,0.0,0.0
18885,RnB_00942,Come Back Baby,Stevie Wonder,RnB,0.3571,1.2036,0.0,0.0,0.0,0.0,0.0
18886,RnB_00943,Come Let Me Make Your Love Come Down,Stevie Wonder,RnB,0.3784,1.4676,0.0,0.0,0.0,0.0,0.0
18887,RnB_00944,Conversation Peace,Stevie Wonder,RnB,0.4865,1.8441,0.0,0.0,0.0,0.0,0.0
18889,RnB_00945,Did I Hear You Say You Love Me,Stevie Wonder,RnB,0.5079,1.2862,0.0,0.0,0.0,0.0,0.0
18890,RnB_00946,Do Yourself A Favor,Stevie Wonder,RnB,0.4,1.7271,0.0,0.0,0.0,0.0,0.0
18891,RnB_00947,Don't You Worry 'bout A Thing,Stevie Wonder,RnB,0.5455,1.4505,0.0,0.0,0.0,0.0,0.0
18892,RnB_00948,Drown In My Own Tears,Stevie Wonder,RnB,0.2703,1.2671,0.0,0.0,0.0,0.0,0.0
18893,RnB_00949,Each Other's Throat,Stevie Wonder,RnB,0.2927,1.7236,0.0,0.0,0.0,0.0,0.0
18894,RnB_00950,Ebony Eyes,Stevie Wonder,RnB,0.5652,1.5833,0.0,0.0,0.0,0.0,0.0
18895,RnB_00951,Edge Of Eternity,Stevie Wonder,RnB,0.2712,1.5902,0.0,0.0,0.0,0.0,0.0
18897,RnB_00952,Front Line,Stevie Wonder,RnB,0.1935,1.6412,0.0,0.0,0.0,0.0,0.0
18898,RnB_00953,Get Happy,Stevie Wonder,RnB,0.875,1.6573,0.0,0.0,0.0,0.0,0.0
18899,RnB_00954,Go Home,Stevie Wonder,RnB,0.6923,1.4404,0.0,0.0,0.0,0.0,0.0
18900,RnB_00955,God Bless The Child,Stevie Wonder,RnB,0.3913,1.1949,0.0,0.0,0.0,0.0,0.0
18901,RnB_00956,Golden Lady,Stevie Wonder,RnB,0.5,1.5123,0.0,0.0,0.0,0.0,0.0
18902,RnB_00957,Gotta Have You,Stevie Wonder,RnB,0.537,1.4167,0.0,0.0,0.0,0.0,0.0
18903,RnB_00958,Hallelujah I Love Her So,Stevie Wonder,RnB,0.5357,1.6821,0.0,0.0,0.0,0.0,0.0
18904,RnB_00959,He's Misstra Know-It-All,Stevie Wonder,RnB,0.3571,1.4351,0.0,0.0,0.0,0.0,0.0
18905,RnB_00960,Hey Harmonica Man,Stevie Wonder,RnB,0.3043,1.6286,0.0,0.0,0.0,0.0,0.0
18906,RnB_00961,Hold On To Your Dream,Stevie Wonder,RnB,0.4717,1.3299,0.0,0.0,0.0,0.0,0.0
18907,RnB_00962,I Ain't Gonna Stand For It,Stevie Wonder,RnB,0.5349,1.4152,0.0,0.0,0.0,0.0,0.0
18908,RnB_00963,I Gotta Have A Song,Stevie Wonder,RnB,0.5,1.5111,0.0,0.0,0.0,0.0,0.0
18909,RnB_00964,I Just Called To Say I Love You,Stevie Wonder,RnB,0.3514,1.4792,0.0,0.0,0.0,0.0,0.0
18910,RnB_00965,I Love Every Little Thing About You,Stevie Wonder,RnB,0.1458,1.3498,0.0,0.0,0.0,0.0,0.0
18911,RnB_00966,I Love You Too Much,Stevie Wonder,RnB,0.2778,1.4128,0.0,0.0,0.0,0.0,0.0
18912,RnB_00967,I Pity The Fool,Stevie Wonder,RnB,1.0,1.569,0.0,0.0,0.0,0.0,0.0
18913,RnB_00968,I Wanna Talk To You,Stevie Wonder,RnB,0.303,1.2386,0.0,0.0,0.0,0.0,0.0
18914,RnB_00969,I Wish,Stevie Wonder,RnB,0.2286,1.446,0.0,0.0,0.0,0.0,0.0
18915,RnB_00970,If It's Magic,Stevie Wonder,RnB,0.4,1.8988,0.0,0.0,0.0,0.0,0.0
18916,RnB_00971,If She Breaks Your Heart,Stevie Wonder,RnB,0.5349,1.6899,0.0,0.0,0.0,0.0,0.0
18917,RnB_00972,If You Really Love Me,Stevie Wonder,RnB,0.4737,1.4009,0.0,0.0,0.0,0.0,0.0
18918,RnB_00973,If Your Love Cannot Be Moved,Stevie Wonder,RnB,0.4545,1.3145,0.0,0.0,0.0,0.0,0.0
18920,RnB_00974,I'm Wondering,Stevie Wonder,RnB,0.4493,1.6022,0.0,0.0,0.0,0.0,0.0
18921,RnB_00975,In Your Corner,Stevie Wonder,RnB,0.5714,1.4865,0.0,0.0,0.0,0.0,0.0
18922,RnB_00976,It's Wrong Apartheid,Stevie Wonder,RnB,0.4906,2.1038,0.0,0.0,0.0,0.0,0.0
18923,RnB_00977,It's You,Stevie Wonder,RnB,0.7049,1.6736,0.0,0.0,0.0,0.0,0.0
18924,RnB_00978,Jesus Children Of America,Stevie Wonder,RnB,0.4235,1.6041,0.0,0.0,0.0,0.0,0.0
18925,RnB_00979,Knocks Me Off My Feet,Stevie Wonder,RnB,0.641,1.193,0.0,0.0,0.0,0.0,0.0
18926,RnB_00980,Love Light In Flight,Stevie Wonder,RnB,0.4286,1.6984,0.0,0.0,0.0,0.0,0.0
18927,RnB_00981,Love's In Need Of Love Today,Stevie Wonder,RnB,0.6071,1.4955,0.0,0.0,0.0,0.0,0.0
18928,RnB_00982,Make Someone Happy,Stevie Wonder,RnB,0.4583,1.6813,0.0,0.0,0.0,0.0,0.0
18930,RnB_00983,Moments Aren't Moments,Stevie Wonder,RnB,0.5,1.7821,0.0,0.0,0.0,0.0,0.0
18931,RnB_00984,My Eyes Don't Cry,Stevie Wonder,RnB,0.6296,1.4759,0.0,0.0,0.0,0.0,0.0
18932,RnB_00985,My Girl,Stevie Wonder,RnB,0.72,1.2102,0.0,0.0,0.0,0.0,0.0
18933,RnB_00986,My Love Is On Fire,Stevie Wonder,RnB,0.5106,1.4535,0.0,0.0,0.0,0.0,0.0
18934,RnB_00987,My Love Is With You,Stevie Wonder,RnB,0.2264,1.6362,0.0,0.0,0.0,0.0,0.0
18935,RnB_00988,Never Had A Dream Come True,Stevie Wonder,RnB,0.25,1.4167,0.0,0.0,0.0,0.0,0.0
18936,RnB_00989,Never In Your Sun,Stevie Wonder,RnB,0.1471,1.5368,0.0,0.0,0.0,0.0,0.0
18937,RnB_00990,Nothing's Too Good For My Baby,Stevie Wonder,RnB,0.5,1.4976,0.0,0.0,0.0,0.0,0.0
18939,RnB_00991,One Of A Kind,Stevie Wonder,RnB,0.4167,1.6441,0.0,0.0,0.0,0.0,0.0
18940,RnB_00992,Ordinary Pain,Stevie Wonder,RnB,0.4839,1.812,0.0,0.0,0.0,0.0,0.0
18941,RnB_00993,Outside My Window,Stevie Wonder,RnB,0.7903,1.2715,0.0,0.0,0.0,0.0,0.0
18942,RnB_00994,Overjoyed,Stevie Wonder,RnB,0.3415,1.5075,0.0,0.0,0.0,0.0,0.0
18943,RnB_00995,Part-Time Lover,Stevie Wonder,RnB,0.3636,1.696,0.0,0.0,0.0,0.0,0.0
18944,RnB_00996,Passionate Raindrops,Stevie Wonder,RnB,0.44,1.7051,0.0,0.0,0.0,0.0,0.0
18945,RnB_00997,Pastime Paradise,Stevie Wonder,RnB,0.431,2.6842,0.0,0.0,0.0,0.0,0.0
18946,RnB_00998,Pearl,Stevie Wonder,RnB,0.3404,1.1274,0.0,0.0,0.0,0.0,0.0
18947,RnB_00999,Please Don't Hurt My Baby,Stevie Wonder,RnB,0.6154,1.4167,0.0,0.0,0.0,0.0,0.0
18948,RnB_01000,"Please, Please, Please",Stevie Wonder,RnB,0.3529,1.5417,0.0,0.0,0.0,0.0,0.0
18949,RnB_01001,Positivity,Stevie Wonder,RnB,0.3429,1.7314,0.0,0.0,0.0,0.0,0.0
18950,RnB_01002,Queen In The Black,Stevie Wonder,RnB,0.7143,1.4039,0.0,0.0,0.0,0.0,0.0
18951,RnB_01003,Rain Your Love Down,Stevie Wonder,RnB,0.1795,1.3846,0.0,0.0,0.0,0.0,0.0
18952,RnB_01004,Ribbon In The Sky,Stevie Wonder,RnB,0.1053,1.6111,0.0,0.0,0.0,0.0,0.0
18953,RnB_01005,Shelter In The Rain,Stevie Wonder,RnB,0.2286,1.4652,0.0,0.0,0.0,0.0,0.0
18954,RnB_01006,Shoo-Be-Doo-Be-Doo-Da-Day,Stevie Wonder,RnB,0.2308,2.0452,0.0,0.0,0.0,0.0,0.0
18955,RnB_01007,"Signed, Sealed, Delivered I'm Yours",Stevie Wonder,RnB,0.6471,1.7199,0.0,0.0,0.0,0.0,0.0
18956,RnB_01008,Silver Bells,Stevie Wonder,RnB,0.3333,1.6361,0.0,0.0,0.0,0.0,0.0
18957,RnB_01009,Sir Duke,Stevie Wonder,RnB,0.5,1.505,0.0,0.0,0.0,0.0,0.0
18958,RnB_01010,Skeletons,Stevie Wonder,RnB,0.375,1.7332,0.0,0.0,0.0,0.0,0.0
18959,RnB_01011,Smile Please,Stevie Wonder,RnB,0.6923,1.294,0.0,0.0,0.0,0.0,0.0
18960,RnB_01012,So What The Fuss?,Stevie Wonder,RnB,0.32,1.7668,0.0,0.0,0.0,0.0,0.0
18961,RnB_01013,Someday At Christmas,Stevie Wonder,RnB,0.3636,1.8071,0.0,0.0,0.0,0.0,0.0
18962,RnB_01014,Something Out Of The Blue,Stevie Wonder,RnB,0.3158,1.5,0.0,0.0,0.0,0.0,0.0
18963,RnB_01015,Sorry,Stevie Wonder,RnB,0.4211,1.5503,0.0,0.0,0.0,0.0,0.0
52262,RnB_01016,A Place In The Sun,Stevie Wonder,RnB,0.5806,1.5726,0.0,0.0,0.0,0.0,0.0
52263,RnB_01017,A Time To Love,Stevie Wonder,RnB,0.1579,1.5588,0.0,0.0,0.0,0.0,0.0
52265,RnB_01018,"Ai No, Sono",Stevie Wonder,RnB,0.56,1.62,0.0,0.0,0.0,0.0,0.0
52266,RnB_01019,Ain't That Love,Stevie Wonder,RnB,0.4805,1.1096,0.0,0.0,0.0,0.0,0.0
52267,RnB_01020,All In Love Is Fair,Stevie Wonder,RnB,0.3793,1.3966,0.0,0.0,0.0,0.0,0.0
52268,RnB_01021,As,Stevie Wonder,RnB,0.1905,1.6167,0.0,0.0,0.0,0.0,0.0
52269,RnB_01022,As If You Read My Mind,Stevie Wonder,RnB,0.5556,1.4606,0.0,0.0,0.0,0.0,0.0
52270,RnB_01023,Ave Maria,Stevie Wonder,RnB,0.3429,1.8094,0.0,0.0,0.0,0.0,0.0
52271,RnB_01024,Big Brother,Stevie Wonder,RnB,0.1739,1.6725,0.0,0.0,0.0,0.0,0.0
52272,RnB_01025,Blowing In The Wind,Stevie Wonder,RnB,0.4118,1.502,0.0,0.0,0.0,0.0,0.0
52273,RnB_01026,Can't Imagine Love Without You,Stevie Wonder,RnB,0.5152,1.7621,0.0,0.0,0.0,0.0,0.0
52274,RnB_01027,Cash In Your Face,Stevie Wonder,RnB,0.3462,1.3959,0.0,0.0,0.0,0.0,0.0
52275,RnB_01028,Castles In The Sand,Stevie Wonder,RnB,0.2381,1.3841,0.0,0.0,0.0,0.0,0.0
52276,RnB_01029,Chemical Love,Stevie Wonder,RnB,0.3455,1.7906,0.0,0.0,0.0,0.0,0.0
52277,RnB_01030,Cold Chill,Stevie Wonder,RnB,0.5581,1.351,0.0,0.0,0.0,0.0,0.0
52278,RnB_01031,Don't Drive Drunk,Stevie Wonder,RnB,0.52,1.562,0.0,0.0,0.0,0.0,0.0
52279,RnB_01032,Don't You Know,Stevie Wonder,RnB,0.175,1.2821,0.0,0.0,0.0,0.0,0.0
52281,RnB_01033,For Your Love,Stevie Wonder,RnB,0.5143,1.4721,0.0,0.0,0.0,0.0,0.0
52282,RnB_01034,Fun Day,Stevie Wonder,RnB,0.5088,1.4624,0.0,0.0,0.0,0.0,0.0
52283,RnB_01035,Galaxy Paradise,Stevie Wonder,RnB,0.5714,2.1218,0.0,0.0,0.0,0.0,0.0
52284,RnB_01036,Happier Than The Morning Sun,Stevie Wonder,RnB,0.6,1.4063,0.0,0.0,0.0,0.0,0.0
52285,RnB_01037,Happy Birthday,Stevie Wonder,RnB,0.3784,1.7613,0.0,0.0,0.0,0.0,0.0
52286,RnB_01038,Have A Talk With God,Stevie Wonder,RnB,0.3846,1.4244,0.0,0.0,0.0,0.0,0.0
52287,RnB_01039,Heaven Is 10 Zillion Light Years Away,Stevie Wonder,RnB,0.3,1.3386,0.0,0.0,0.0,0.0,0.0
52288,RnB_01040,Hey Love,Stevie Wonder,RnB,0.1429,1.278,0.0,0.0,0.0,0.0,0.0
52289,RnB_01041,Hold Me,Stevie Wonder,RnB,0.5556,1.513,0.0,0.0,0.0,0.0,0.0
52290,RnB_01042,I Don't Know Why,Stevie Wonder,RnB,0.175,1.2937,0.0,0.0,0.0,0.0,0.0
52291,RnB_01043,I Go Sailing,Stevie Wonder,RnB,0.5161,1.5737,0.0,0.0,0.0,0.0,0.0
52292,RnB_01044,Isn't She Lovely,Stevie Wonder,RnB,0.1905,1.6381,0.0,0.0,0.0,0.0,0.0
52293,RnB_01045,Joy Inside My Tears,Stevie Wonder,RnB,0.4091,1.579,0.0,0.0,0.0,0.0,0.0
52294,RnB_01046,Jungle Fever,Stevie Wonder,RnB,0.6429,1.6189,0.0,0.0,0.0,0.0,0.0
52295,RnB_01047,Keep On Running,Stevie Wonder,RnB,0.5366,1.3602,0.0,0.0,0.0,0.0,0.0
52296,RnB_01048,Land Of La La,Stevie Wonder,RnB,0.2364,1.5572,0.0,0.0,0.0,0.0,0.0
52297,RnB_01049,Lately,Stevie Wonder,RnB,0.4138,1.6202,0.0,0.0,0.0,0.0,0.0
52298,RnB_01050,Light My Fire,Stevie Wonder,RnB,0.2222,1.3414,0.0,0.0,0.0,0.0,0.0
52299,RnB_01051,Lighting Up The Candles,Stevie Wonder,RnB,0.9167,1.7537,0.0,0.0,0.0,0.0,0.0
52300,RnB_01052,Living For The City,Stevie Wonder,RnB,0.0968,1.6502,0.0,0.0,0.0,0.0,0.0
52301,RnB_01053,Love Having You Around,Stevie Wonder,RnB,0.2,1.4474,0.0,0.0,0.0,0.0,0.0
52302,RnB_01054,Mary Ann,Stevie Wonder,RnB,0.125,1.2,0.0,0.0,0.0,0.0,0.0
52303,RnB_01055,Master Blaster,Stevie Wonder,RnB,0.5238,1.5185,0.0,0.0,0.0,0.0,0.0
52304,RnB_01056,Maybe Your Baby,Stevie Wonder,RnB,0.2,1.5705,0.0,0.0,0.0,0.0,0.0
52305,RnB_01057,Moon Blue,Stevie Wonder,RnB,0.6087,1.4104,0.0,0.0,0.0,0.0,0.0
52306,RnB_01058,My Baby's Gone,Stevie Wonder,RnB,0.6667,1.5135,0.0,0.0,0.0,0.0,0.0
52307,RnB_01059,Respect,Stevie Wonder,RnB,0.5185,1.4367,0.0,0.0,0.0,0.0,0.0
52308,RnB_01060,Rocket Love,Stevie Wonder,RnB,0.4364,1.3708,0.0,0.0,0.0,0.0,0.0
52309,RnB_01061,Same Old Story,Stevie Wonder,RnB,0.3846,1.5449,0.0,0.0,0.0,0.0,0.0
52310,RnB_01062,Saturn,Stevie Wonder,RnB,0.5,1.5452,0.0,0.0,0.0,0.0,0.0
52312,RnB_01063,Send Me Some Lovin',Stevie Wonder,RnB,0.5,1.3472,0.0,0.0,0.0,0.0,0.0
52313,RnB_01064,Send One Your Love,Stevie Wonder,RnB,0.7143,1.3741,0.0,0.0,0.0,0.0,0.0
52314,RnB_01065,Sensuous Whisper,Stevie Wonder,RnB,0.4651,1.6548,0.0,0.0,0.0,0.0,0.0
12195,RnB_01066,A House Is Not A Home,Luther Vandross,RnB,0.1628,1.2127,0.0,0.0,0.0,0.0,0.0
12196,RnB_01067,Ain't No Stoppin' Us Now,Luther Vandross,RnB,0.2683,1.4068,0.0,0.0,0.0,0.0,0.0
12197,RnB_01068,All The Woman I Need,Luther Vandross,RnB,0.5455,1.2476,0.0,0.0,0.0,0.0,0.0
12198,RnB_01069,Always And Forever,Luther Vandross,RnB,0.3704,1.6475,0.0,0.0,0.0,0.0,0.0
12199,RnB_01070,Apologize,Luther Vandross,RnB,0.169,1.5811,0.0,0.0,0.0,0.0,0.0
12200,RnB_01071,Are You Mad At Me?,Luther Vandross,RnB,0.1,1.3789,0.0,0.0,0.0,0.0,0.0
12201,RnB_01072,Are You There (With Another Guy),Luther Vandross,RnB,0.5,1.4726,0.0,0.0,0.0,0.0,0.0
12202,RnB_01073,Are You Using Me,Luther Vandross,RnB,0.4737,1.7571,0.0,0.0,0.0,0.0,0.0
12203,RnB_01074,At Christmas Time,Luther Vandross,RnB,0.6604,1.7635,0.0,0.0,0.0,0.0,0.0
12204,RnB_01075,Because It's Really Love,Luther Vandross,RnB,0.1489,1.3274,0.0,0.0,0.0,0.0,0.0
12206,RnB_01076,Bring Your Heart To Mine,Luther Vandross,RnB,0.4348,1.3304,0.0,0.0,0.0,0.0,0.0
12207,RnB_01077,Busy Body,Luther Vandross,RnB,0.3448,1.8751,0.0,0.0,0.0,0.0,0.0
12208,RnB_01078,Buy Me A Rose,Luther Vandross,RnB,0.2632,1.2876,0.0,0.0,0.0,0.0,0.0
12209,RnB_01079,Can Heaven Wait,Luther Vandross,RnB,0.375,1.457,0.0,0.0,0.0,0.0,0.0
12210,RnB_01080,Cant Be Doin That Now,Luther Vandross,RnB,0.1333,1.4472,0.0,0.0,0.0,0.0,0.0
12211,RnB_01081,Crazy Love,Luther Vandross,RnB,0.3667,1.4861,0.0,0.0,0.0,0.0,0.0
12212,RnB_01082,Don't Want To Be A Fool,Luther Vandross,RnB,0.0488,1.3295,0.0,0.0,0.0,0.0,0.0
12215,RnB_01083,"Forever, For Always, For Love",Luther Vandross,RnB,0.2692,1.516,0.0,0.0,0.0,0.0,0.0
12216,RnB_01084,Going Out Of My Head,Luther Vandross,RnB,0.069,1.3542,0.0,0.0,0.0,0.0,0.0
12217,RnB_01085,Have Yourself A Merry Little Christmas,Luther Vandross,RnB,1.0,1.6845,0.0,0.0,0.0,0.0,0.0
12218,RnB_01086,Hello,Luther Vandross,RnB,0.4118,1.6137,0.0,0.0,0.0,0.0,0.0
12219,RnB_01087,How Deep Is Your Love,Luther Vandross,RnB,0.4688,1.4406,0.0,0.0,0.0,0.0,0.0
12220,RnB_01088,Hustle,Luther Vandross,RnB,0.1053,1.502,0.0,0.0,0.0,0.0,0.0
12221,RnB_01089,I Can't Wait No Longer (Let's Do This),Luther Vandross,RnB,0.1429,1.401,0.0,0.0,0.0,0.0,0.0
12222,RnB_01090,I Know,Luther Vandross,RnB,0.4444,1.4607,0.0,0.0,0.0,0.0,0.0
12223,RnB_01091,I Won't Let You Do That To Me,Luther Vandross,RnB,0.3878,1.5701,0.0,0.0,0.0,0.0,0.0
12224,RnB_01092,If I Was The One,Luther Vandross,RnB,0.4773,1.3655,0.0,0.0,0.0,0.0,0.0
12225,RnB_01093,I'm Gonna Start Today,Luther Vandross,RnB,0.2879,1.4628,0.0,0.0,0.0,0.0,0.0
12226,RnB_01094,I've Been Working,Luther Vandross,RnB,0.0909,1.526,0.0,0.0,0.0,0.0,0.0
12227,RnB_01095,Keeping My Faith In You,Luther Vandross,RnB,0.5333,1.4723,0.0,0.0,0.0,0.0,0.0
12229,RnB_01096,Love Is On The Way (Real Love),Luther Vandross,RnB,0.5254,1.2218,0.0,0.0,0.0,0.0,0.0
12230,RnB_01097,Love The One You're With,Luther Vandross,RnB,0.5,1.5707,0.0,0.0,0.0,0.0,0.0
12232,RnB_01098,My Favorite Things,Luther Vandross,RnB,0.6,1.6913,0.0,0.0,0.0,0.0,0.0
12234,RnB_01099,Never Let Me Go,Luther Vandross,RnB,0.1765,1.4265,0.0,0.0,0.0,0.0,0.0
12235,RnB_01100,Nights In Harlem,Luther Vandross,RnB,0.2329,1.6012,0.0,0.0,0.0,0.0,0.0
12236,RnB_01101,Shine,Luther Vandross,RnB,0.7692,1.7935,0.0,0.0,0.0,0.0,0.0
12237,RnB_01102,Since You've Been Gone,Luther Vandross,RnB,0.2439,1.3171,0.0,0.0,0.0,0.0,0.0
12238,RnB_01103,Stop To Love,Luther Vandross,RnB,0.4,1.3932,0.0,0.0,0.0,0.0,0.0
12239,RnB_01104,Sugar And Spice (I Found Me A Girl),Luther Vandross,RnB,0.5556,1.3019,0.0,0.0,0.0,0.0,0.0
12240,RnB_01105,Take You Out,Luther Vandross,RnB,0.6429,1.4904,0.0,0.0,0.0,0.0,0.0
12242,RnB_01106,Think About You,Luther Vandross,RnB,0.1389,1.5255,0.0,0.0,0.0,0.0,0.0
12243,RnB_01107,Wait For Love,Luther Vandross,RnB,0.1538,1.6987,0.0,0.0,0.0,0.0,0.0
12244,RnB_01108,You Stopped Loving Me,Luther Vandross,RnB,0.5679,1.6878,0.0,0.0,0.0,0.0,0.0
42307,RnB_01109,A Kiss For Christmas,Luther Vandross,RnB,0.4857,1.3395,0.0,0.0,0.0,0.0,0.0
42308,RnB_01110,Any Day Now,Luther Vandross,RnB,0.2353,1.2368,0.0,0.0,0.0,0.0,0.0
42309,RnB_01111,Any Love,Luther Vandross,RnB,0.3556,1.4814,0.0,0.0,0.0,0.0,0.0
42310,RnB_01112,Anyone Who Had A Heart,Luther Vandross,RnB,0.5556,1.4151,0.0,0.0,0.0,0.0,0.0
42311,RnB_01113,Are You Gonna Love Me,Luther Vandross,RnB,0.4677,1.2691,0.0,0.0,0.0,0.0,0.0
42312,RnB_01114,Creepin',Luther Vandross,RnB,0.8857,1.3333,0.0,0.0,0.0,0.0,0.0
42313,RnB_01115,Dance With My Father,Luther Vandross,RnB,0.0889,1.5563,0.0,0.0,0.0,0.0,0.0
42314,RnB_01116,Don't You Know That?,Luther Vandross,RnB,0.4627,1.198,0.0,0.0,0.0,0.0,0.0
42315,RnB_01117,Dream Lover,Luther Vandross,RnB,0.6304,1.4616,0.0,0.0,0.0,0.0,0.0
42316,RnB_01118,Emotion Eyes,Luther Vandross,RnB,0.2069,1.6425,0.0,0.0,0.0,0.0,0.0
42317,RnB_01119,Endless Love,Luther Vandross,RnB,0.2927,1.2906,0.0,0.0,0.0,0.0,0.0
42319,RnB_01120,For The Sweetness Of Your Love,Luther Vandross,RnB,0.2273,1.5847,0.0,0.0,0.0,0.0,0.0
42320,RnB_01121,For You To Love,Luther Vandross,RnB,0.3333,1.3417,0.0,0.0,0.0,0.0,0.0
42321,RnB_01122,Going In Circles,Luther Vandross,RnB,0.08,1.48,0.0,0.0,0.0,0.0,0.0
42322,RnB_01123,Got You Home,Luther Vandross,RnB,0.0857,1.5548,0.0,0.0,0.0,0.0,0.0
42323,RnB_01124,Grown Thangs,Luther Vandross,RnB,0.2308,1.3278,0.0,0.0,0.0,0.0,0.0
42324,RnB_01125,Hearts Get Broken All The Time,Luther Vandross,RnB,0.3529,1.3787,0.0,0.0,0.0,0.0,0.0
42325,RnB_01126,Heaven Knows,Luther Vandross,RnB,0.5156,1.3211,0.0,0.0,0.0,0.0,0.0
42326,RnB_01127,Here And Now,Luther Vandross,RnB,0.2963,1.323,0.0,0.0,0.0,0.0,0.0
42327,RnB_01128,Hit It Again,Luther Vandross,RnB,0.4528,1.3696,0.0,0.0,0.0,0.0,0.0
42328,RnB_01129,How Do I Tell Her,Luther Vandross,RnB,0.6629,1.4278,0.0,0.0,0.0,0.0,0.0
42330,RnB_01130,I Can Make It Better,Luther Vandross,RnB,0.0784,1.4578,0.0,0.0,0.0,0.0,0.0
42331,RnB_01131,I Can Tell You That,Luther Vandross,RnB,0.0889,1.4116,0.0,0.0,0.0,0.0,0.0
42332,RnB_01132,I Gave It Up (When I Fell In Love),Luther Vandross,RnB,0.125,1.3381,0.0,0.0,0.0,0.0,0.0
42333,RnB_01133,I Really Didn't Mean It,Luther Vandross,RnB,0.5614,1.3351,0.0,0.0,0.0,0.0,0.0
42335,RnB_01134,I Who Have Nothing,Luther Vandross,RnB,0.1364,1.5726,0.0,0.0,0.0,0.0,0.0
42336,RnB_01135,I Wonder,Luther Vandross,RnB,0.4561,1.5047,0.0,0.0,0.0,0.0,0.0
42337,RnB_01136,I'd Rather,Luther Vandross,RnB,0.3208,1.6263,0.0,0.0,0.0,0.0,0.0
42338,RnB_01137,If I Didn't Know Better,Luther Vandross,RnB,0.1667,1.4282,0.0,0.0,0.0,0.0,0.0
42339,RnB_01138,If Only For One Night,Luther Vandross,RnB,0.1905,1.3786,0.0,0.0,0.0,0.0,0.0
42340,RnB_01139,If This World Were Mine,Luther Vandross,RnB,0.1707,1.2817,0.0,0.0,0.0,0.0,0.0
42341,RnB_01140,I'll Let You Slide,Luther Vandross,RnB,0.127,1.5299,0.0,0.0,0.0,0.0,0.0
42342,RnB_01141,I'm Only Human,Luther Vandross,RnB,0.6596,1.5989,0.0,0.0,0.0,0.0,0.0
42343,RnB_01142,Impossible Dream,Luther Vandross,RnB,0.0541,1.7297,0.0,0.0,0.0,0.0,0.0
42344,RnB_01143,Isn't There Someone,Luther Vandross,RnB,0.2,1.6726,0.0,0.0,0.0,0.0,0.0
42345,RnB_01144,It's All About You,Luther Vandross,RnB,0.4706,1.5506,0.0,0.0,0.0,0.0,0.0
42346,RnB_01145,It's Hard For Me To Say,Luther Vandross,RnB,0.3226,1.3925,0.0,0.0,0.0,0.0,0.0
42347,RnB_01146,It's Over Now,Luther Vandross,RnB,0.1,1.4837,0.0,0.0,0.0,0.0,0.0
42348,RnB_01147,Killing Me Softly,Luther Vandross,RnB,0.7179,1.5197,0.0,0.0,0.0,0.0,0.0
42349,RnB_01148,Let's Make Tonight The Night,Luther Vandross,RnB,0.359,1.3782,0.0,0.0,0.0,0.0,0.0
42350,RnB_01149,Like I'm Invisible,Luther Vandross,RnB,0.3778,1.5463,0.0,0.0,0.0,0.0,0.0
42351,RnB_01150,Love Forgot,Luther Vandross,RnB,0.3333,1.6197,0.0,0.0,0.0,0.0,0.0
42352,RnB_01151,"Love It, Love It",Luther Vandross,RnB,0.6129,1.3337,0.0,0.0,0.0,0.0,0.0
42353,RnB_01152,Love Me Again,Luther Vandross,RnB,0.2162,1.3491,0.0,0.0,0.0,0.0,0.0
42354,RnB_01153,Love Won't Let Me Wait,Luther Vandross,RnB,0.2857,1.4414,0.0,0.0,0.0,0.0,0.0
42355,RnB_01154,Lovely Day,Luther Vandross,RnB,0.32,1.5933,0.0,0.0,0.0,0.0,0.0
42356,RnB_01155,Make Me A Believer,Luther Vandross,RnB,0.1538,1.5109,0.0,0.0,0.0,0.0,0.0
42357,RnB_01156,Never Too Much,Luther Vandross,RnB,0.3448,1.5089,0.0,0.0,0.0,0.0,0.0
42358,RnB_01157,Nobody To Love,Luther Vandross,RnB,0.6667,1.3821,0.0,0.0,0.0,0.0,0.0
42359,RnB_01158,Now That I Have You,Luther Vandross,RnB,0.5128,1.4224,0.0,0.0,0.0,0.0,0.0
42360,RnB_01159,Once Were Lovers,Luther Vandross,RnB,0.1154,1.4724,0.0,0.0,0.0,0.0,0.0
42361,RnB_01160,Once You Know How,Luther Vandross,RnB,0.0952,1.4089,0.0,0.0,0.0,0.0,0.0
42362,RnB_01161,One Night With You,Luther Vandross,RnB,0.3103,1.5687,0.0,0.0,0.0,0.0,0.0
42363,RnB_01162,Other Side Of The World,Luther Vandross,RnB,0.6154,1.497,0.0,0.0,0.0,0.0,0.0
42364,RnB_01163,Please Come Home For Christmas,Luther Vandross,RnB,0.1818,1.4767,0.0,0.0,0.0,0.0,0.0
42365,RnB_01164,Power Of Love,Luther Vandross,RnB,0.3205,1.6064,0.0,0.0,0.0,0.0,0.0
42366,RnB_01165,Promise Me,Luther Vandross,RnB,0.2308,1.5051,0.0,0.0,0.0,0.0,0.0
42367,RnB_01166,Reflections,Luther Vandross,RnB,0.1304,1.6246,0.0,0.0,0.0,0.0,0.0
42368,RnB_01167,Religion,Luther Vandross,RnB,0.2653,1.8288,0.0,0.0,0.0,0.0,0.0
42369,RnB_01168,Right In The Middle,Luther Vandross,RnB,0.0968,1.4967,0.0,0.0,0.0,0.0,0.0
42370,RnB_01169,Say It Now,Luther Vandross,RnB,0.1852,1.4787,0.0,0.0,0.0,0.0,0.0
42371,RnB_01170,Searching,Luther Vandross,RnB,0.5,1.4822,0.0,0.0,0.0,0.0,0.0
42372,RnB_01171,She Doesn't Mind,Luther Vandross,RnB,0.3514,1.3923,0.0,0.0,0.0,0.0,0.0
42373,RnB_01172,She Loves Me Back,Luther Vandross,RnB,0.381,1.4405,0.0,0.0,0.0,0.0,0.0
42374,RnB_01173,She Saw You,Luther Vandross,RnB,0.125,1.2703,0.0,0.0,0.0,0.0,0.0
42375,RnB_01174,She's A Super Lady,Luther Vandross,RnB,0.4688,1.7133,0.0,0.0,0.0,0.0,0.0
42376,RnB_01175,Since I Lost My Baby,Luther Vandross,RnB,0.2459,1.4836,0.0,0.0,0.0,0.0,0.0
42377,RnB_01176,So Amazing,Luther Vandross,RnB,0.3571,1.8119,0.0,0.0,0.0,0.0,0.0
42378,RnB_01177,Sometimes It's Only Love,Luther Vandross,RnB,0.4,1.8009,0.0,0.0,0.0,0.0,0.0
42379,RnB_01178,Superstar,Luther Vandross,RnB,0.2949,1.5321,0.0,0.0,0.0,0.0,0.0
42380,RnB_01179,The Glow Of Love,Luther Vandross,RnB,0.3404,1.466,0.0,0.0,0.0,0.0,0.0
42382,RnB_01180,The Rush,Luther Vandross,RnB,0.0444,1.4697,0.0,0.0,0.0,0.0,0.0
42383,RnB_01181,The Second Time Around,Luther Vandross,RnB,0.5373,1.4695,0.0,0.0,0.0,0.0,0.0
42384,RnB_01182,There's Nothing Better Than Love,Luther Vandross,RnB,0.0417,1.2767,0.0,0.0,0.0,0.0,0.0
42385,RnB_01183,They Said You Needed Me,Luther Vandross,RnB,0.5405,1.4477,0.0,0.0,0.0,0.0,0.0
42386,RnB_01184,This Is Christmas,Luther Vandross,RnB,0.6,1.5867,0.0,0.0,0.0,0.0,0.0
42387,RnB_01185,'til My Baby Comes Home,Luther Vandross,RnB,0.4384,1.4489,0.0,0.0,0.0,0.0,0.0
42388,RnB_01186,Too Proud To Beg,Luther Vandross,RnB,0.4118,1.3779,0.0,0.0,0.0,0.0,0.0
42389,RnB_01187,What The World Needs Now,Luther Vandross,RnB,0.4286,1.6613,0.0,0.0,0.0,0.0,0.0
42390,RnB_01188,When I Need You,Luther Vandross,RnB,0.6136,1.3595,0.0,0.0,0.0,0.0,0.0
42391,RnB_01189,Whether Or Not The World Gets Better,Luther Vandross,RnB,0.5263,1.6249,0.0,0.0,0.0,0.0,0.0
42392,RnB_01190,Your Secret Love,Luther Vandross,RnB,0.5806,1.526,0.0,0.0,0.0,0.0,0.0
42393,RnB_01191,You're The Sweetest One,Luther Vandross,RnB,0.1143,1.7096,0.0,0.0,0.0,0.0,0.0
11715,RnB_01192,Angel,Lionel Richie,RnB,0.5,1.7471,0.0,0.0,0.0,0.0,0.0
11716,RnB_01193,Ball And Chain,Lionel Richie,RnB,0.2333,1.462,0.0,0.0,0.0,0.0,0.0
11717,RnB_01194,Ballerina Girl,Lionel Richie,RnB,0.3684,1.6703,0.0,0.0,0.0,0.0,0.0
11718,RnB_01195,Brick House,Lionel Richie,RnB,0.2273,1.7394,0.0,0.0,0.0,0.0,0.0
11719,RnB_01196,Change,Lionel Richie,RnB,0.0682,1.5261,0.0,0.0,0.0,0.0,0.0
11720,RnB_01197,Deep River Woman,Lionel Richie,RnB,0.475,1.6175,0.0,0.0,0.0,0.0,0.0
11721,RnB_01198,Do It To Me,Lionel Richie,RnB,0.254,1.3961,0.0,0.0,0.0,0.0,0.0
11722,RnB_01199,Do Ya,Lionel Richie,RnB,0.1667,1.3372,0.0,0.0,0.0,0.0,0.0
11723,RnB_01200,Don't Stop,Lionel Richie,RnB,0.2979,1.4486,0.0,0.0,0.0,0.0,0.0
11724,RnB_01201,Don't Stop The Music,Lionel Richie,RnB,0.551,1.3905,0.0,0.0,0.0,0.0,0.0
11725,RnB_01202,Don't Wanna Lose You,Lionel Richie,RnB,0.2105,1.2694,0.0,0.0,0.0,0.0,0.0
11726,RnB_01203,Don't You Ever Go Away,Lionel Richie,RnB,0.1111,1.5433,0.0,0.0,0.0,0.0,0.0
11727,RnB_01204,Easy,Lionel Richie,RnB,0.375,1.4135,0.0,0.0,0.0,0.0,0.0
11728,RnB_01205,Endless Love,Lionel Richie,RnB,0.1351,1.3056,0.0,0.0,0.0,0.0,0.0
11729,RnB_01206,Face In The Crowd,Lionel Richie,RnB,0.3333,1.2771,0.0,0.0,0.0,0.0,0.0
11730,RnB_01207,Forever,Lionel Richie,RnB,0.4035,1.459,0.0,0.0,0.0,0.0,0.0
11731,RnB_01208,"Girl, I Think The World About You",Lionel Richie,RnB,0.4444,1.4111,0.0,0.0,0.0,0.0,0.0
11732,RnB_01209,Have Yourself A Merry Little Christmas,Lionel Richie,RnB,0.3333,1.6754,0.0,0.0,0.0,0.0,0.0
11733,RnB_01210,Hello,Lionel Richie,RnB,0.5,1.6952,0.0,0.0,0.0,0.0,0.0
11734,RnB_01211,I Apologize,Lionel Richie,RnB,0.6,1.738,0.0,0.0,0.0,0.0,0.0
11735,RnB_01212,I Love You,Lionel Richie,RnB,0.3947,1.3716,0.0,0.0,0.0,0.0,0.0
11736,RnB_01213,I'm Coming Home,Lionel Richie,RnB,0.5522,1.4526,0.0,0.0,0.0,0.0,0.0
11737,RnB_01214,I'm In Love,Lionel Richie,RnB,0.6667,1.3933,0.0,0.0,0.0,0.0,0.0
11738,RnB_01215,I'm Not Okay,Lionel Richie,RnB,0.5778,1.4463,0.0,0.0,0.0,0.0,0.0
11739,RnB_01216,In My Dreams,Lionel Richie,RnB,0.125,1.4385,0.0,0.0,0.0,0.0,0.0
11740,RnB_01217,It May Be The Water,Lionel Richie,RnB,0.5946,1.5788,0.0,0.0,0.0,0.0,0.0
11741,RnB_01218,Jesus Is Love (Long Version),Lionel Richie,RnB,0.3514,1.3471,0.0,0.0,0.0,0.0,0.0
11742,RnB_01219,Just Can't Say Goodbye,Lionel Richie,RnB,0.55,1.3592,0.0,0.0,0.0,0.0,0.0
11743,RnB_01220,Just Go,Lionel Richie,RnB,0.7143,1.486,0.0,0.0,0.0,0.0,0.0
11744,RnB_01221,Just To Be Close To You,Lionel Richie,RnB,0.2,1.5556,0.0,0.0,0.0,0.0,0.0
11745,RnB_01222,Just To Be With You Again,Lionel Richie,RnB,0.6571,1.2328,0.0,0.0,0.0,0.0,0.0
11747,RnB_01223,Little Drummer Boy,Lionel Richie,RnB,0.4878,1.0976,0.0,0.0,0.0,0.0,0.0
11748,RnB_01224,Long Long Way To Go,Lionel Richie,RnB,0.3704,1.4226,0.0,0.0,0.0,0.0,0.0
11749,RnB_01225,"Love, Oh Love",Lionel Richie,RnB,0.3696,1.2819,0.0,0.0,0.0,0.0,0.0
11750,RnB_01226,Nothing Left To Give,Lionel Richie,RnB,0.614,1.4244,0.0,0.0,0.0,0.0,0.0
11751,RnB_01227,O Come All Ye Faithful,Lionel Richie,RnB,0.3,1.4979,0.0,0.0,0.0,0.0,0.0
11752,RnB_01228,Oh No,Lionel Richie,RnB,0.1818,1.2469,0.0,0.0,0.0,0.0,0.0
11753,RnB_01229,One World,Lionel Richie,RnB,0.1818,1.5311,0.0,0.0,0.0,0.0,0.0
11754,RnB_01230,Ordinary Girl,Lionel Richie,RnB,0.3636,1.5894,0.0,0.0,0.0,0.0,0.0
11755,RnB_01231,Out Of My Head,Lionel Richie,RnB,0.3947,1.3716,0.0,0.0,0.0,0.0,0.0
11756,RnB_01232,Outrageous,Lionel Richie,RnB,0.5833,1.4858,0.0,0.0,0.0,0.0,0.0
11757,RnB_01233,Paradise,Lionel Richie,RnB,0.275,1.4504,0.0,0.0,0.0,0.0,0.0
11758,RnB_01234,Pastime,Lionel Richie,RnB,0.3871,1.563,0.0,0.0,0.0,0.0,0.0
11759,RnB_01235,Penny Lover,Lionel Richie,RnB,0.1064,1.4322,0.0,0.0,0.0,0.0,0.0
11760,RnB_01236,Piece Of Love,Lionel Richie,RnB,0.4615,1.364,0.0,0.0,0.0,0.0,0.0
11761,RnB_01237,Piece Of My Heart,Lionel Richie,RnB,0.3947,1.4447,0.0,0.0,0.0,0.0,0.0
11762,RnB_01238,Reason To Believe,Lionel Richie,RnB,0.2051,1.4938,0.0,0.0,0.0,0.0,0.0
11763,RnB_01239,Silent Night,Lionel Richie,RnB,0.5,1.5519,0.0,0.0,0.0,0.0,0.0
11764,RnB_01240,Someday,Lionel Richie,RnB,0.3158,1.6368,0.0,0.0,0.0,0.0,0.0
11765,RnB_01241,Stay,Lionel Richie,RnB,0.0444,1.3233,0.0,0.0,0.0,0.0,0.0
11766,RnB_01242,Still - Commodores,Lionel Richie,RnB,0.2105,1.5294,0.0,0.0,0.0,0.0,0.0
11767,RnB_01243,Stuck On You,Lionel Richie,RnB,0.6154,1.2028,0.0,0.0,0.0,0.0,0.0
11768,RnB_01244,Sweet Love,Lionel Richie,RnB,0.1613,1.2612,0.0,0.0,0.0,0.0,0.0
11769,RnB_01245,Sweet Love - Commodores,Lionel Richie,RnB,0.0526,1.2477,0.0,0.0,0.0,0.0,0.0
11770,RnB_01246,Tell Me,Lionel Richie,RnB,0.125,1.4361,0.0,0.0,0.0,0.0,0.0
11771,RnB_01247,Tender Heart,Lionel Richie,RnB,0.5714,1.3772,0.0,0.0,0.0,0.0,0.0
11772,RnB_01248,That's The Way I Feel,Lionel Richie,RnB,0.2941,1.3934,0.0,0.0,0.0,0.0,0.0
11774,RnB_01249,The Closest Thing To Heaven,Lionel Richie,RnB,0.4857,1.5907,0.0,0.0,0.0,0.0,0.0
11775,RnB_01250,The First Noel,Lionel Richie,RnB,0.3243,1.5225,0.0,0.0,0.0,0.0,0.0
11776,RnB_01251,The Only One,Lionel Richie,RnB,0.3023,1.6179,0.0,0.0,0.0,0.0,0.0
11777,RnB_01252,The World Is A Party,Lionel Richie,RnB,0.7273,1.5389,0.0,0.0,0.0,0.0,0.0
11778,RnB_01253,Think Of You,Lionel Richie,RnB,0.2667,1.4388,0.0,0.0,0.0,0.0,0.0
11779,RnB_01254,Three Times A Lady,Lionel Richie,RnB,0.2273,1.6333,0.0,0.0,0.0,0.0,0.0
11780,RnB_01255,Through My Eyes,Lionel Richie,RnB,0.4259,1.2667,0.0,0.0,0.0,0.0,0.0
11781,RnB_01256,Time,Lionel Richie,RnB,0.3571,1.4935,0.0,0.0,0.0,0.0,0.0
11782,RnB_01257,Time Of Our Life,Lionel Richie,RnB,0.4375,1.3698,0.0,0.0,0.0,0.0,0.0
11783,RnB_01258,To Love A Woman,Lionel Richie,RnB,0.4048,1.3966,0.0,0.0,0.0,0.0,0.0
11784,RnB_01259,Tonight,Lionel Richie,RnB,0.52,1.3387,0.0,0.0,0.0,0.0,0.0
11785,RnB_01260,Tonight Will Be Alright,Lionel Richie,RnB,0.0857,1.5214,0.0,0.0,0.0,0.0,0.0
11786,RnB_01261,Touch,Lionel Richie,RnB,0.1579,1.3057,0.0,0.0,0.0,0.0,0.0
11787,RnB_01262,Truly,Lionel Richie,RnB,0.087,1.3826,0.0,0.0,0.0,0.0,0.0
11788,RnB_01263,Wandering Stranger,Lionel Richie,RnB,0.3571,1.4981,0.0,0.0,0.0,0.0,0.0
41805,RnB_01264,All Night Long,Lionel Richie,RnB,0.5345,1.4152,0.0,0.0,0.0,0.0,0.0
41806,RnB_01265,Can't Get Over You,Lionel Richie,RnB,0.2353,1.2971,0.0,0.0,0.0,0.0,0.0
41807,RnB_01266,Can't Slow Down,Lionel Richie,RnB,0.2143,1.3197,0.0,0.0,0.0,0.0,0.0
41808,RnB_01267,Cinderella,Lionel Richie,RnB,0.5072,1.6127,0.0,0.0,0.0,0.0,0.0
41809,RnB_01268,Climbing,Lionel Richie,RnB,0.561,1.7297,0.0,0.0,0.0,0.0,0.0
41810,RnB_01269,Dance The Night Away,Lionel Richie,RnB,0.6154,1.4903,0.0,0.0,0.0,0.0,0.0
41811,RnB_01270,Dancing On The Ceiling,Lionel Richie,RnB,0.4237,1.6424,0.0,0.0,0.0,0.0,0.0
41812,RnB_01271,Forever And A Day,Lionel Richie,RnB,0.3043,1.292,0.0,0.0,0.0,0.0,0.0
41813,RnB_01272,Good Morning,Lionel Richie,RnB,0.6857,1.6271,0.0,0.0,0.0,0.0,0.0
41814,RnB_01273,Goodbye,Lionel Richie,RnB,0.1379,1.5224,0.0,0.0,0.0,0.0,0.0
41815,RnB_01274,Heaven,Lionel Richie,RnB,0.6389,1.5764,0.0,0.0,0.0,0.0,0.0
41816,RnB_01275,Here Is My Heart,Lionel Richie,RnB,0.4314,1.4072,0.0,0.0,0.0,0.0,0.0
41817,RnB_01276,How Long,Lionel Richie,RnB,0.4,1.3139,0.0,0.0,0.0,0.0,0.0
41818,RnB_01277,I Call It Love,Lionel Richie,RnB,0.0816,1.3667,0.0,0.0,0.0,0.0,0.0
41819,RnB_01278,I Hear Your Voice,Lionel Richie,RnB,0.7091,1.307,0.0,0.0,0.0,0.0,0.0
41820,RnB_01279,I Still Believe,Lionel Richie,RnB,0.3478,1.7275,0.0,0.0,0.0,0.0,0.0
41821,RnB_01280,I Wanna Take You Down,Lionel Richie,RnB,0.5,1.1497,0.0,0.0,0.0,0.0,0.0
41822,RnB_01281,Into You Deep,Lionel Richie,RnB,0.4286,1.3283,0.0,0.0,0.0,0.0,0.0
41823,RnB_01282,Love Will Conquer All,Lionel Richie,RnB,0.5,1.4293,0.0,0.0,0.0,0.0,0.0
41824,RnB_01283,Love Will Find A Way,Lionel Richie,RnB,0.069,1.5828,0.0,0.0,0.0,0.0,0.0
41825,RnB_01284,Lovers At First Sight,Lionel Richie,RnB,0.1707,1.6703,0.0,0.0,0.0,0.0,0.0
41826,RnB_01285,Lucy,Lionel Richie,RnB,0.1143,1.4852,0.0,0.0,0.0,0.0,0.0
41827,RnB_01286,My Destiny,Lionel Richie,RnB,0.3043,1.6303,0.0,0.0,0.0,0.0,0.0
41828,RnB_01287,My Love,Lionel Richie,RnB,0.3846,1.4276,0.0,0.0,0.0,0.0,0.0
41829,RnB_01288,Night Train(smooth Alligator),Lionel Richie,RnB,0.1935,1.5833,0.0,0.0,0.0,0.0,0.0
41830,RnB_01289,Road To Heaven,Lionel Richie,RnB,0.6905,1.3794,0.0,0.0,0.0,0.0,0.0
41831,RnB_01290,Running With The Night,Lionel Richie,RnB,0.2692,1.4853,0.0,0.0,0.0,0.0,0.0
41832,RnB_01291,Sail On,Lionel Richie,RnB,0.1212,1.2861,0.0,0.0,0.0,0.0,0.0
41833,RnB_01292,Say I Do,Lionel Richie,RnB,0.3902,1.5378,0.0,0.0,0.0,0.0,0.0
41835,RnB_01293,Serves You Right,Lionel Richie,RnB,0.2778,1.4694,0.0,0.0,0.0,0.0,0.0
41836,RnB_01294,She's Amazing,Lionel Richie,RnB,0.5333,1.7665,0.0,0.0,0.0,0.0,0.0
41837,RnB_01295,Shout It To The World,Lionel Richie,RnB,0.5625,1.3323,0.0,0.0,0.0,0.0,0.0
41838,RnB_01296,Somewhere In London,Lionel Richie,RnB,0.7391,1.5105,0.0,0.0,0.0,0.0,0.0
41839,RnB_01297,Stand Down,Lionel Richie,RnB,0.5806,1.5442,0.0,0.0,0.0,0.0,0.0
41840,RnB_01298,Still,Lionel Richie,RnB,0.25,1.533,0.0,0.0,0.0,0.0,0.0
41841,RnB_01299,Still In Love,Lionel Richie,RnB,0.0769,1.4814,0.0,0.0,0.0,0.0,0.0
41842,RnB_01300,Sweet Vacation,Lionel Richie,RnB,0.175,1.5579,0.0,0.0,0.0,0.0,0.0
41843,RnB_01301,Up All Night,Lionel Richie,RnB,0.8788,1.3524,0.0,0.0,0.0,0.0,0.0
41844,RnB_01302,Wasted Time,Lionel Richie,RnB,0.4324,1.4791,0.0,0.0,0.0,0.0,0.0
41845,RnB_01303,What You Are,Lionel Richie,RnB,0.1064,1.574,0.0,0.0,0.0,0.0,0.0
41846,RnB_01304,Why,Lionel Richie,RnB,0.5325,1.2561,0.0,0.0,0.0,0.0,0.0
41847,RnB_01305,Winter Wonderland,Lionel Richie,RnB,0.3333,1.6528,0.0,0.0,0.0,0.0,0.0
41848,RnB_01306,You Are,Lionel Richie,RnB,0.5909,1.2101,0.0,0.0,0.0,0.0,0.0
41849,RnB_01307,You Mean More To Me,Lionel Richie,RnB,0.0952,1.3214,0.0,0.0,0.0,0.0,0.0
41850,RnB_01308,Zoomin',Lionel Richie,RnB,0.4821,1.5068,0.0,0.0,0.0,0.0,0.0
5062,Rap_00001,25 to Life,Eminem,Rap,0.2128,1.5234,0.0,0.0,0.0,0.0,0.0
5063,Rap_00002,3 A.M.,Eminem,Rap,0.2345,1.617,0.0,0.0,0.0,0.0,0.0
5065,Rap_00003,Above The Law,Eminem,Rap,0.2432,1.6129,0.0,0.0,0.0,0.0,0.0
5066,Rap_00004,Buffalo Bill,Eminem,Rap,0.0806,1.5845,0.0,0.0,0.0,0.0,0.0
5067,Rap_00005,Business,Eminem,Rap,0.1222,1.5551,0.0,0.0,0.0,0.0,0.0
5068,Rap_00006,Careful What You Wish For,Eminem,Rap,0.2472,1.6031,0.0,0.0,0.0,0.0,0.0
5070,Rap_00007,Cleanin' Out My Closet,Eminem,Rap,0.0469,1.6305,0.0,0.0,0.0,0.0,0.0
5071,Rap_00008,Cocaine,Eminem,Rap,0.1967,1.6704,0.0,0.0,0.0,0.0,0.0
5072,Rap_00009,Crack A Bottle,Eminem,Rap,0.0519,1.6425,0.0,0.0,0.0,0.0,0.0
5073,Rap_00010,Drips,Eminem,Rap,0.0532,1.5563,0.0,0.0,0.0,0.0,0.0
5074,Rap_00011,Elevator,Eminem,Rap,0.0571,1.636,0.0,0.0,0.0,0.0,0.0
5076,Rap_00012,Farewell,Eminem,Rap,0.1975,1.49,0.0,0.0,0.0,0.0,0.0
5078,Rap_00013,Gangsta - (Joe Beast),Eminem,Rap,0.1724,1.5319,0.0,0.0,0.0,0.0,0.0
5080,Rap_00014,If I Had...,Eminem,Rap,0.1856,1.5832,0.0,0.0,0.0,0.0,0.0
5082,Rap_00015,Infinite,Eminem,Rap,0.2933,1.9675,0.0,0.0,0.0,0.0,0.0
5083,Rap_00016,Invasion,Eminem,Rap,0.0303,1.5629,0.0,0.0,0.0,0.0,0.0
5084,Rap_00017,Just Lose It,Eminem,Rap,0.2826,1.409,0.0,0.0,0.0,0.0,0.0
5085,Rap_00018,Medicine Ball,Eminem,Rap,0.12,1.6529,0.0,0.0,0.0,0.0,0.0
31380,Rap_00019,Amityville,Eminem,Rap,0.1111,1.7181,0.0,0.0,0.0,0.0,0.0
31381,Rap_00020,Backstabber,Eminem,Rap,0.3523,1.6923,0.0,0.0,0.0,0.0,0.0
31382,Rap_00021,Bagpipes From Baghdad,Eminem,Rap,0.1013,1.7357,0.0,0.0,0.0,0.0,0.0
31383,Rap_00022,Biterphobia,Eminem,Rap,0.05,1.922,0.0,0.0,0.0,0.0,0.0
31386,Rap_00023,Crazy In Love,Eminem,Rap,0.0761,1.6387,0.0,0.0,0.0,0.0,0.0
31387,Rap_00024,Dare To Dream,Eminem,Rap,0.3768,1.5195,0.0,0.0,0.0,0.0,0.0
31389,Rap_00025,Echo,Eminem,Rap,0.3293,1.643,0.0,0.0,0.0,0.0,0.0
31393,Rap_00026,Evil Deeds,Eminem,Rap,0.2574,1.6736,0.0,0.0,0.0,0.0,0.0
31394,Rap_00027,Eye Of The Tiger,Eminem,Rap,0.65,1.4746,0.0,0.0,0.0,0.0,0.0
31395,Rap_00028,Fack,Eminem,Rap,0.381,1.2283,0.0,0.0,0.0,0.0,0.0
31397,Rap_00029,Give Me The Ball,Eminem,Rap,0.0976,1.3376,0.0,0.0,0.0,0.0,0.0
31402,Rap_00030,Hello,Eminem,Rap,0.3117,1.6513,0.0,0.0,0.0,0.0,0.0
31403,Rap_00031,Her Song,Eminem,Rap,0.2688,1.4975,0.0,0.0,0.0,0.0,0.0
31404,Rap_00032,I'm Shady,Eminem,Rap,0.169,1.3839,0.0,0.0,0.0,0.0,0.0
31405,Rap_00033,Insane,Eminem,Rap,0.1864,1.4527,0.0,0.0,0.0,0.0,0.0
31407,Rap_00034,It's Ok,Eminem,Rap,0.0492,1.6048,0.0,0.0,0.0,0.0,0.0
31408,Rap_00035,Jimmy Crack Corn,Eminem,Rap,0.2963,1.3394,0.0,0.0,0.0,0.0,0.0
31409,Rap_00036,Keep Talkin,Eminem,Rap,0.0784,1.6283,0.0,0.0,0.0,0.0,0.0
31411,Rap_00037,Kim,Eminem,Rap,0.122,1.3267,0.0,0.0,0.0,0.0,0.0
31412,Rap_00038,Lose Yourself,Eminem,Rap,0.0417,1.5802,0.0,0.0,0.0,0.0,0.0
31413,Rap_00039,Loser,Eminem,Rap,0.16,1.7084,0.0,0.0,0.0,0.0,0.0
31414,Rap_00040,Love Me,Eminem,Rap,0.0794,1.507,0.0,0.0,0.0,0.0,0.0
31415,Rap_00041,Love The Way You Lie,Eminem,Rap,0.2911,1.3599,0.0,0.0,0.0,0.0,0.0
31416,Rap_00042,Maxine,Eminem,Rap,0.0227,1.5011,0.0,0.0,0.0,0.0,0.0
31417,Rap_00043,"Monkey See, Monkey Do",Eminem,Rap,0.2991,1.6864,0.0,0.0,0.0,0.0,0.0
31418,Rap_00044,Mr. Mathers,Eminem,Rap,0.2778,1.5981,0.0,0.0,0.0,0.0,0.0
31419,Rap_00045,Murder Murder,Eminem,Rap,0.0526,1.5951,0.0,0.0,0.0,0.0,0.0
31420,Rap_00046,Music Box,Eminem,Rap,0.0769,1.5665,0.0,0.0,0.0,0.0,0.0
31421,Rap_00047,Must Be The Ganja,Eminem,Rap,0.1806,1.6982,0.0,0.0,0.0,0.0,0.0
31422,Rap_00048,My Dad's Gone Crazy,Eminem,Rap,0.1127,1.5711,0.0,0.0,0.0,0.0,0.0
31423,Rap_00049,My Fault,Eminem,Rap,0.0563,1.3911,0.0,0.0,0.0,0.0,0.0
8101,Rap_00050,"Click, Clack - Get Back!",Ice Cube,Rap,0.2727,1.5428,0.0,0.0,0.0,0.0,0.0
8102,Rap_00051,Extradition,Ice Cube,Rap,0.1364,1.4876,0.0,0.0,0.0,0.0,0.0
8103,Rap_00052,"Get Money, Spend Money, No Money",Ice Cube,Rap,0.2041,1.5566,0.0,0.0,0.0,0.0,0.0
8105,Rap_00053,Ghetto Bird,Ice Cube,Rap,0.0506,1.4567,0.0,0.0,0.0,0.0,0.0
8106,Rap_00054,Ghetto Vet,Ice Cube,Rap,0.2169,1.4403,0.0,0.0,0.0,0.0,0.0
8107,Rap_00055,Gotta Be Insanity,Ice Cube,Rap,0.3704,1.5461,0.0,0.0,0.0,0.0,0.0
8108,Rap_00056,Higher,Ice Cube,Rap,0.0649,1.5873,0.0,0.0,0.0,0.0,0.0
8109,Rap_00057,Hood Mentality,Ice Cube,Rap,0.1667,1.5258,0.0,0.0,0.0,0.0,0.0
8110,Rap_00058,Hood Robbin',Ice Cube,Rap,0.3095,1.5232,0.0,0.0,0.0,0.0,0.0
8111,Rap_00059,"Make It Ruff, Make It Smooth",Ice Cube,Rap,0.1236,1.2837,0.0,0.0,0.0,0.0,0.0
8112,Rap_00060,Mental Warfare,Ice Cube,Rap,0.5909,1.6316,0.0,0.0,0.0,0.0,0.0
8113,Rap_00061,Nothing Like L..A.,Ice Cube,Rap,0.1778,1.4769,0.0,0.0,0.0,0.0,0.0
8114,Rap_00062,Now I Gotta Wet'cha,Ice Cube,Rap,0.125,1.5411,0.0,0.0,0.0,0.0,0.0
8116,Rap_00063,Penitentiary,Ice Cube,Rap,0.1176,1.7266,0.0,0.0,0.0,0.0,0.0
8117,Rap_00064,Pushin' Weight,Ice Cube,Rap,0.2941,1.4386,0.0,0.0,0.0,0.0,0.0
8118,Rap_00065,Reckless In The Booth,Ice Cube,Rap,0.1702,1.4496,0.0,0.0,0.0,0.0,0.0
8119,Rap_00066,Right Here Right Now,Ice Cube,Rap,0.2588,1.3504,0.0,0.0,0.0,0.0,0.0
8121,Rap_00067,Stop Snitchin',Ice Cube,Rap,0.0822,1.6356,0.0,0.0,0.0,0.0,0.0
8122,Rap_00068,The Predator,Ice Cube,Rap,0.0727,1.6596,0.0,0.0,0.0,0.0,0.0
8127,Rap_00069,What Can I Do?,Ice Cube,Rap,0.0411,1.711,0.0,0.0,0.0,0.0,0.0
8129,Rap_00070,Who's The Mack?,Ice Cube,Rap,0.2209,1.3827,0.0,0.0,0.0,0.0,0.0
8130,Rap_00071,You Can't Fade Me,Ice Cube,Rap,0.0222,1.4993,0.0,0.0,0.0,0.0,0.0
8131,Rap_00072,You Gotta Lotta That,Ice Cube,Rap,0.1061,1.3596,0.0,0.0,0.0,0.0,0.0
8132,Rap_00073,You Know How We Do It,Ice Cube,Rap,0.1636,1.3348,0.0,0.0,0.0,0.0,0.0
36400,Rap_00074,2 N The Morning,Ice Cube,Rap,0.1951,1.3844,0.0,0.0,0.0,0.0,0.0
36403,Rap_00075,Ask About Me,Ice Cube,Rap,0.4227,1.5165,0.0,0.0,0.0,0.0,0.0
36404,Rap_00076,Black And White,Ice Cube,Rap,0.625,1.538,0.0,0.0,0.0,0.0,0.0
36405,Rap_00077,Bow Down - Westside Connection,Ice Cube,Rap,0.0933,1.3922,0.0,0.0,0.0,0.0,0.0
36406,Rap_00078,Can You Bounce,Ice Cube,Rap,0.3733,1.5287,0.0,0.0,0.0,0.0,0.0
36407,Rap_00079,Cash Over,Ice Cube,Rap,0.1139,1.5824,0.0,0.0,0.0,0.0,0.0
36408,Rap_00080,Check Yo Self,Ice Cube,Rap,0.2105,1.4553,0.0,0.0,0.0,0.0,0.0
36409,Rap_00081,Cold Places,Ice Cube,Rap,0.1613,1.6302,0.0,0.0,0.0,0.0,0.0
36410,Rap_00082,Crack Baby,Ice Cube,Rap,0.3571,1.5753,0.0,0.0,0.0,0.0,0.0
36411,Rap_00083,Dirty Mack,Ice Cube,Rap,0.125,1.4357,0.0,0.0,0.0,0.0,0.0
36412,Rap_00084,Do Ya Thang,Ice Cube,Rap,0.4362,1.4432,0.0,0.0,0.0,0.0,0.0
36413,Rap_00085,Down For Whatever,Ice Cube,Rap,0.0976,1.5423,0.0,0.0,0.0,0.0,0.0
36416,Rap_00086,I Got My Locs On,Ice Cube,Rap,0.3158,1.5703,0.0,0.0,0.0,0.0,0.0
36417,Rap_00087,I Wanna Kill Sam,Ice Cube,Rap,0.0435,1.4719,0.0,0.0,0.0,0.0,0.0
36419,Rap_00088,In The Late Night Hour,Ice Cube,Rap,0.0533,1.5154,0.0,0.0,0.0,0.0,0.0
36420,Rap_00089,It's A Man's World,Ice Cube,Rap,0.0682,1.4025,0.0,0.0,0.0,0.0,0.0
36421,Rap_00090,Jack N The Box,Ice Cube,Rap,0.2667,1.5938,0.0,0.0,0.0,0.0,0.0
36422,Rap_00091,Jackin For Beats,Ice Cube,Rap,0.0303,1.3945,0.0,0.0,0.0,0.0,0.0
36423,Rap_00092,"Laugh Now, Cry Later",Ice Cube,Rap,0.0986,1.46,0.0,0.0,0.0,0.0,0.0
36424,Rap_00093,Man's Best Friend,Ice Cube,Rap,0.2941,2.0436,0.0,0.0,0.0,0.0,0.0
36425,Rap_00094,My Skin Is My Sin,Ice Cube,Rap,0.0964,1.5239,0.0,0.0,0.0,0.0,0.0
36427,Rap_00095,No Country For Young Men,Ice Cube,Rap,0.1294,1.6227,0.0,0.0,0.0,0.0,0.0
36428,Rap_00096,Sic Them Youngins On 'Em,Ice Cube,Rap,0.1667,1.476,0.0,0.0,0.0,0.0,0.0
36429,Rap_00097,Smoke Some Weed,Ice Cube,Rap,0.3167,1.6656,0.0,0.0,0.0,0.0,0.0
36430,Rap_00098,Take Me Away,Ice Cube,Rap,0.0508,1.7054,0.0,0.0,0.0,0.0,0.0
36433,Rap_00099,The Game Lord,Ice Cube,Rap,0.0968,1.4337,0.0,0.0,0.0,0.0,0.0
36434,Rap_00100,The Peckin' Order,Ice Cube,Rap,0.2031,1.6483,0.0,0.0,0.0,0.0,0.0
36435,Rap_00101,The Shot,Ice Cube,Rap,0.0741,1.3487,0.0,0.0,0.0,0.0,0.0
36436,Rap_00102,Trespass,Ice Cube,Rap,0.04,1.4325,0.0,0.0,0.0,0.0,0.0
36438,Rap_00103,Turn Off The Radio,Ice Cube,Rap,0.1,1.589,0.0,0.0,0.0,0.0,0.0
36439,Rap_00104,We Had To Tear This Mothafucka Up,Ice Cube,Rap,0.05,1.6485,0.0,0.0,0.0,0.0,0.0
36440,Rap_00105,Who Are You Lovin,Ice Cube,Rap,0.1176,1.3981,0.0,0.0,0.0,0.0,0.0
36441,Rap_00106,Who Got The Camera?,Ice Cube,Rap,0.08,1.6201,0.0,0.0,0.0,0.0,0.0
36442,Rap_00107,Why Me?,Ice Cube,Rap,0.0423,1.5123,0.0,0.0,0.0,0.0,0.0
36443,Rap_00108,Why We Thugs,Ice Cube,Rap,0.4658,1.3575,0.0,0.0,0.0,0.0,0.0
36445,Rap_00109,Wicked Wayz,Ice Cube,Rap,0.1111,1.5289,0.0,0.0,0.0,0.0,0.0
36446,Rap_00110,You Ain't Gotta Lie Ta Kick It,Ice Cube,Rap,0.2857,1.3678,0.0,0.0,0.0,0.0,0.0
18597,Rap_00111,Beat Up On Yo Pads,Snoop Dogg,Rap,0.2222,1.2204,0.0,0.0,0.0,0.0,0.0
18598,Rap_00112,Beautiful,Snoop Dogg,Rap,0.4133,1.4182,0.0,0.0,0.0,0.0,0.0
18599,Rap_00113,Been Around Tha World,Snoop Dogg,Rap,0.0862,1.6523,0.0,0.0,0.0,0.0,0.0
18600,Rap_00114,Boom,Snoop Dogg,Rap,0.3068,1.3478,0.0,0.0,0.0,0.0,0.0
18601,Rap_00115,Change Gone Come,Snoop Dogg,Rap,0.2353,1.6588,0.0,0.0,0.0,0.0,0.0
18602,Rap_00116,Cold Game,Snoop Dogg,Rap,0.3099,1.5647,0.0,0.0,0.0,0.0,0.0
18603,Rap_00117,Deez Hollywood Nights,Snoop Dogg,Rap,0.1864,1.6561,0.0,0.0,0.0,0.0,0.0
18604,Rap_00118,Doggy Dogg World,Snoop Dogg,Rap,0.0357,1.5455,0.0,0.0,0.0,0.0,0.0
18605,Rap_00119,Don't Let Go,Snoop Dogg,Rap,0.2444,1.357,0.0,0.0,0.0,0.0,0.0
18606,Rap_00120,Fresh Pair Of Panties On,Snoop Dogg,Rap,0.1489,1.4414,0.0,0.0,0.0,0.0,0.0
18608,Rap_00121,Game Don't Wait,Snoop Dogg,Rap,0.4717,1.2076,0.0,0.0,0.0,0.0,0.0
18609,Rap_00122,Gangsta Ride,Snoop Dogg,Rap,0.2923,1.4555,0.0,0.0,0.0,0.0,0.0
18610,Rap_00123,Give It 2 'em Dogg,Snoop Dogg,Rap,0.1509,1.5213,0.0,0.0,0.0,0.0,0.0
18611,Rap_00124,Go Away,Snoop Dogg,Rap,0.3117,1.4226,0.0,0.0,0.0,0.0,0.0
18612,Rap_00125,I Can't Swim,Snoop Dogg,Rap,0.027,1.5122,0.0,0.0,0.0,0.0,0.0
18613,Rap_00126,I Knew That,Snoop Dogg,Rap,0.2286,1.6133,0.0,0.0,0.0,0.0,0.0
18614,Rap_00127,I Love My Momma,Snoop Dogg,Rap,0.2174,1.4492,0.0,0.0,0.0,0.0,0.0
18615,Rap_00128,I Will Survive,Snoop Dogg,Rap,0.1013,1.5214,0.0,0.0,0.0,0.0,0.0
18616,Rap_00129,I'm Threw Witchu,Snoop Dogg,Rap,0.0959,1.4218,0.0,0.0,0.0,0.0,0.0
18617,Rap_00130,I'm Ya Dog,Snoop Dogg,Rap,0.0476,1.4987,0.0,0.0,0.0,0.0,0.0
18618,Rap_00131,In Love With A Thug,Snoop Dogg,Rap,0.125,1.4498,0.0,0.0,0.0,0.0,0.0
18619,Rap_00132,Issues,Snoop Dogg,Rap,0.05,1.3486,0.0,0.0,0.0,0.0,0.0
18620,Rap_00133,It Blows My Mind,Snoop Dogg,Rap,0.0933,1.599,0.0,0.0,0.0,0.0,0.0
51789,Rap_00134,187,Snoop Dogg,Rap,0.1558,1.4783,0.0,0.0,0.0,0.0,0.0
51790,Rap_00135,2001,Snoop Dogg,Rap,0.0694,1.4761,0.0,0.0,0.0,0.0,0.0
51791,Rap_00136,2 Of Amerikaz Most Wanted,Snoop Dogg,Rap,0.1667,1.7057,0.0,0.0,0.0,0.0,0.0
51793,Rap_00137,Ain't Nut'in Personal,Snoop Dogg,Rap,0.252,1.8543,0.0,0.0,0.0,0.0,0.0
51794,Rap_00138,Another Day,Snoop Dogg,Rap,0.0759,1.4422,0.0,0.0,0.0,0.0,0.0
51795,Rap_00139,Back Up Ho,Snoop Dogg,Rap,0.35,1.3168,0.0,0.0,0.0,0.0,0.0
51796,Rap_00140,Ballin',Snoop Dogg,Rap,0.1727,1.5017,0.0,0.0,0.0,0.0,0.0
51798,Rap_00141,Be Thankful,Snoop Dogg,Rap,0.2963,1.3416,0.0,0.0,0.0,0.0,0.0
51799,Rap_00142,Betta Days,Snoop Dogg,Rap,0.1807,1.5677,0.0,0.0,0.0,0.0,0.0
51800,Rap_00143,Bring It On,Snoop Dogg,Rap,0.1515,1.4548,0.0,0.0,0.0,0.0,0.0
51801,Rap_00144,Buck 'em,Snoop Dogg,Rap,0.3889,1.3132,0.0,0.0,0.0,0.0,0.0
51803,Rap_00145,California Roll,Snoop Dogg,Rap,0.2553,1.3762,0.0,0.0,0.0,0.0,0.0
51804,Rap_00146,Can't Say Goodbye,Snoop Dogg,Rap,0.3804,1.4624,0.0,0.0,0.0,0.0,0.0
51805,Rap_00147,Crazy,Snoop Dogg,Rap,0.0769,1.4548,0.0,0.0,0.0,0.0,0.0
51806,Rap_00148,Dance Wit Me,Snoop Dogg,Rap,0.2344,1.4554,0.0,0.0,0.0,0.0,0.0
51807,Rap_00149,Deeez Nuuuts,Snoop Dogg,Rap,0.2857,1.4996,0.0,0.0,0.0,0.0,0.0
51808,Rap_00150,Deep Cover,Snoop Dogg,Rap,0.0789,1.4295,0.0,0.0,0.0,0.0,0.0
51809,Rap_00151,Dogg Named Snoop,Snoop Dogg,Rap,0.0423,1.4592,0.0,0.0,0.0,0.0,0.0
51810,Rap_00152,Doggfather,Snoop Dogg,Rap,0.05,1.5544,0.0,0.0,0.0,0.0,0.0
51811,Rap_00153,Doggyland,Snoop Dogg,Rap,0.2143,1.4291,0.0,0.0,0.0,0.0,0.0
51813,Rap_00154,Don't Be Foolish,Snoop Dogg,Rap,0.1566,1.4764,0.0,0.0,0.0,0.0,0.0
51814,Rap_00155,Don't Fight The Feelin',Snoop Dogg,Rap,0.4167,1.5071,0.0,0.0,0.0,0.0,0.0
51815,Rap_00156,Don't Stop,Snoop Dogg,Rap,0.4318,1.5837,0.0,0.0,0.0,0.0,0.0
51816,Rap_00157,El Lay,Snoop Dogg,Rap,0.4462,1.5351,0.0,0.0,0.0,0.0,0.0
51817,Rap_00158,Freaky Tales,Snoop Dogg,Rap,0.0972,1.4072,0.0,0.0,0.0,0.0,0.0
51818,Rap_00159,Friends,Snoop Dogg,Rap,0.4179,1.3537,0.0,0.0,0.0,0.0,0.0
51819,Rap_00160,From Long Beach 2 Brick City,Snoop Dogg,Rap,0.0455,1.4393,0.0,0.0,0.0,0.0,0.0
51820,Rap_00161,From Tha Chuuuch To Da Palace,Snoop Dogg,Rap,0.194,1.4586,0.0,0.0,0.0,0.0,0.0
51822,Rap_00162,Gangbang Rookie,Snoop Dogg,Rap,0.2069,1.404,0.0,0.0,0.0,0.0,0.0
51823,Rap_00163,Gangsta Like Me,Snoop Dogg,Rap,0.0323,1.3822,0.0,0.0,0.0,0.0,0.0
51824,Rap_00164,Gangsta Luv,Snoop Dogg,Rap,0.3789,1.4815,0.0,0.0,0.0,0.0,0.0
51825,Rap_00165,Gangsta Walk,Snoop Dogg,Rap,0.2712,1.4247,0.0,0.0,0.0,0.0,0.0
51826,Rap_00166,Get Bout It Rowdy,Snoop Dogg,Rap,0.1733,1.4316,0.0,0.0,0.0,0.0,0.0
51827,Rap_00167,Ghetto,Snoop Dogg,Rap,0.4744,1.5203,0.0,0.0,0.0,0.0,0.0
51828,Rap_00168,Gin And Juice,Snoop Dogg,Rap,0.254,1.4885,0.0,0.0,0.0,0.0,0.0
51829,Rap_00169,Girl Like U,Snoop Dogg,Rap,0.283,1.4723,0.0,0.0,0.0,0.0,0.0
51830,Rap_00170,Gz And Hustlas,Snoop Dogg,Rap,0.0833,1.4913,0.0,0.0,0.0,0.0,0.0
51831,Rap_00171,Hi 2 U,Snoop Dogg,Rap,0.1463,1.5041,0.0,0.0,0.0,0.0,0.0
51832,Rap_00172,Hooked,Snoop Dogg,Rap,0.2826,1.3088,0.0,0.0,0.0,0.0,0.0
51833,Rap_00173,Hourglass,Snoop Dogg,Rap,0.125,1.3465,0.0,0.0,0.0,0.0,0.0
51834,Rap_00174,I Believe In You,Snoop Dogg,Rap,0.4091,1.5268,0.0,0.0,0.0,0.0,0.0
51835,Rap_00175,I Wanna Rock,Snoop Dogg,Rap,0.2537,1.3469,0.0,0.0,0.0,0.0,0.0
10057,Rap_00176,Anyway,Kanye West,Rap,0.4182,1.3644,0.0,0.0,0.0,0.0,0.0
10058,Rap_00177,Bad News,Kanye West,Rap,0.6216,1.3113,0.0,0.0,0.0,0.0,0.0
10059,Rap_00178,Barry Bonds,Kanye West,Rap,0.2203,1.5442,0.0,0.0,0.0,0.0,0.0
10060,Rap_00179,Be-Cleve In Yourself,Kanye West,Rap,0.1379,1.8237,0.0,0.0,0.0,0.0,0.0
10061,Rap_00180,Better Than Yours,Kanye West,Rap,0.0725,1.4686,0.0,0.0,0.0,0.0,0.0
10062,Rap_00181,Bittersweet,Kanye West,Rap,0.2745,1.6432,0.0,0.0,0.0,0.0,0.0
10064,Rap_00182,Breath In Breath Out,Kanye West,Rap,0.4286,1.5439,0.0,0.0,0.0,0.0,0.0
10065,Rap_00183,Can't Tell Me Nothing,Kanye West,Rap,0.3846,1.4769,0.0,0.0,0.0,0.0,0.0
10066,Rap_00184,Dark Fantasy,Kanye West,Rap,0.3421,1.4469,0.0,0.0,0.0,0.0,0.0
10067,Rap_00185,Devil in a New Dress,Kanye West,Rap,0.1875,1.6272,0.0,0.0,0.0,0.0,0.0
10068,Rap_00186,Diamonds,Kanye West,Rap,0.4048,1.6404,0.0,0.0,0.0,0.0,0.0
10070,Rap_00187,Electric Relaxation,Kanye West,Rap,0.2989,1.5593,0.0,0.0,0.0,0.0,0.0
10071,Rap_00188,E.t,Kanye West,Rap,0.5682,2.1418,0.0,0.0,0.0,0.0,0.0
10072,Rap_00189,Everything I Am,Kanye West,Rap,0.3387,1.6257,0.0,0.0,0.0,0.0,0.0
10073,Rap_00190,Extravaganza,Kanye West,Rap,0.0303,1.7192,0.0,0.0,0.0,0.0,0.0
10074,Rap_00191,Family Business,Kanye West,Rap,0.2533,1.4768,0.0,0.0,0.0,0.0,0.0
10075,Rap_00192,Freestyle,Kanye West,Rap,0.1562,1.5056,0.0,0.0,0.0,0.0,0.0
10076,Rap_00193,Guilt Trip,Kanye West,Rap,0.4706,1.3985,0.0,0.0,0.0,0.0,0.0
10077,Rap_00194,Heard 'em Say,Kanye West,Rap,0.2381,1.5313,0.0,0.0,0.0,0.0,0.0
10078,Rap_00195,Heavy Hitters,Kanye West,Rap,0.0312,1.5509,0.0,0.0,0.0,0.0,0.0
10079,Rap_00196,Homecoming,Kanye West,Rap,0.4182,1.4212,0.0,0.0,0.0,0.0,0.0
10080,Rap_00197,Jesus Walks,Kanye West,Rap,0.2154,1.4146,0.0,0.0,0.0,0.0,0.0
10081,Rap_00198,Kinda Like A Big Deal,Kanye West,Rap,0.1791,1.4839,0.0,0.0,0.0,0.0,0.0
10082,Rap_00199,Last Call,Kanye West,Rap,0.1918,1.6155,0.0,0.0,0.0,0.0,0.0
10083,Rap_00200,Lift Off,Kanye West,Rap,0.5714,1.3924,0.0,0.0,0.0,0.0,0.0
10084,Rap_00201,My Way,Kanye West,Rap,0.2895,1.5586,0.0,0.0,0.0,0.0,0.0
10085,Rap_00202,New Slaves,Kanye West,Rap,0.1974,1.4774,0.0,0.0,0.0,0.0,0.0
10086,Rap_00203,On Sight,Kanye West,Rap,0.2222,1.3944,0.0,0.0,0.0,0.0,0.0
10088,Rap_00204,Roses,Kanye West,Rap,0.1746,1.4251,0.0,0.0,0.0,0.0,0.0
10089,Rap_00205,The One,Kanye West,Rap,0.4615,1.5789,0.0,0.0,0.0,0.0,0.0
39252,Rap_00206,Addiction,Kanye West,Rap,0.0851,1.6034,0.0,0.0,0.0,0.0,0.0
39253,Rap_00207,All Of The Lights,Kanye West,Rap,0.5795,1.3364,0.0,0.0,0.0,0.0,0.0
39254,Rap_00208,Amazing,Kanye West,Rap,0.2931,1.7379,0.0,0.0,0.0,0.0,0.0
39255,Rap_00209,Another You,Kanye West,Rap,1.0,1.3638,0.0,0.0,0.0,0.0,0.0
39256,Rap_00210,Apologize,Kanye West,Rap,0.0299,1.5851,0.0,0.0,0.0,0.0,0.0
39257,Rap_00211,Awesome,Kanye West,Rap,0.3333,1.8645,0.0,0.0,0.0,0.0,0.0
39258,Rap_00212,Bound 2,Kanye West,Rap,0.2593,1.5647,0.0,0.0,0.0,0.0,0.0
39259,Rap_00213,Brand New,Kanye West,Rap,0.3103,1.3675,0.0,0.0,0.0,0.0,0.0
39260,Rap_00214,Celebration,Kanye West,Rap,0.4364,1.3794,0.0,0.0,0.0,0.0,0.0
39261,Rap_00215,Champion,Kanye West,Rap,0.5,1.5002,0.0,0.0,0.0,0.0,0.0
39262,Rap_00216,Classic,Kanye West,Rap,0.2532,1.6944,0.0,0.0,0.0,0.0,0.0
39263,Rap_00217,Cold,Kanye West,Rap,0.2653,1.6113,0.0,0.0,0.0,0.0,0.0
39264,Rap_00218,Coldest Winter,Kanye West,Rap,0.4,1.596,0.0,0.0,0.0,0.0,0.0
39265,Rap_00219,Crack Music,Kanye West,Rap,0.15,1.6239,0.0,0.0,0.0,0.0,0.0
39266,Rap_00220,Don't Look Down,Kanye West,Rap,0.2955,1.4359,0.0,0.0,0.0,0.0,0.0
39267,Rap_00221,Excuse Me Miss Again (Remix),Kanye West,Rap,0.3222,1.5704,0.0,0.0,0.0,0.0,0.0
39268,Rap_00222,Eyes Closed,Kanye West,Rap,0.1017,1.5367,0.0,0.0,0.0,0.0,0.0
39269,Rap_00223,Facts,Kanye West,Rap,0.1618,1.6728,0.0,0.0,0.0,0.0,0.0
39270,Rap_00224,Feed Back,Kanye West,Rap,0.2203,1.3944,0.0,0.0,0.0,0.0,0.0
39271,Rap_00225,Flashing Lights,Kanye West,Rap,0.3,1.4936,0.0,0.0,0.0,0.0,0.0
39272,Rap_00226,Ghetto University,Kanye West,Rap,0.2941,1.4657,0.0,0.0,0.0,0.0,0.0
39273,Rap_00227,Girl Tonight,Kanye West,Rap,0.3158,1.2257,0.0,0.0,0.0,0.0,0.0
39275,Rap_00228,God Level,Kanye West,Rap,0.4,1.5133,0.0,0.0,0.0,0.0,0.0
39276,Rap_00229,Gold Digger,Kanye West,Rap,0.3614,1.3166,0.0,0.0,0.0,0.0,0.0
39277,Rap_00230,Good Friday,Kanye West,Rap,0.4322,1.7677,0.0,0.0,0.0,0.0,0.0
39278,Rap_00231,Good Life,Kanye West,Rap,0.3896,1.3089,0.0,0.0,0.0,0.0,0.0
39279,Rap_00232,Good Morning,Kanye West,Rap,0.4833,1.6617,0.0,0.0,0.0,0.0,0.0
39280,Rap_00233,Good Night,Kanye West,Rap,0.5098,1.4932,0.0,0.0,0.0,0.0,0.0
39282,Rap_00234,Grammy Family,Kanye West,Rap,0.0357,1.5601,0.0,0.0,0.0,0.0,0.0
39283,Rap_00235,H.A.M.,Kanye West,Rap,0.129,1.5036,0.0,0.0,0.0,0.0,0.0
39284,Rap_00236,Heartless,Kanye West,Rap,0.093,1.4016,0.0,0.0,0.0,0.0,0.0
39285,Rap_00237,Hell Of A Life,Kanye West,Rap,0.2857,1.3499,0.0,0.0,0.0,0.0,0.0
39286,Rap_00238,Hey Mama,Kanye West,Rap,0.2985,1.573,0.0,0.0,0.0,0.0,0.0
39287,Rap_00239,Higher,Kanye West,Rap,0.3488,1.4303,0.0,0.0,0.0,0.0,0.0
39288,Rap_00240,Hold On (Remix),Kanye West,Rap,0.4516,1.4871,0.0,0.0,0.0,0.0,0.0
39289,Rap_00241,I Got A Love,Kanye West,Rap,0.2807,1.389,0.0,0.0,0.0,0.0,0.0
39290,Rap_00242,I Just Wanna Love U (Offcial Kanye West Mumtribute Mix),Kanye West,Rap,0.5079,1.2003,0.0,0.0,0.0,0.0,0.0
39292,Rap_00243,I Wonder,Kanye West,Rap,0.32,1.5425,0.0,0.0,0.0,0.0,0.0
39293,Rap_00244,I'll Fly Away,Kanye West,Rap,0.75,1.4194,0.0,0.0,0.0,0.0,0.0
39294,Rap_00245,Late,Kanye West,Rap,0.3137,1.4439,0.0,0.0,0.0,0.0,0.0
39295,Rap_00246,Let's Get Married Reception Remix,Kanye West,Rap,0.1791,1.4861,0.0,0.0,0.0,0.0,0.0
39297,Rap_00247,Lost In The World,Kanye West,Rap,0.7294,1.2592,0.0,0.0,0.0,0.0,0.0
39298,Rap_00248,Love Lockdown,Kanye West,Rap,0.2093,1.4305,0.0,0.0,0.0,0.0,0.0
39299,Rap_00249,Mama's Boyfriend,Kanye West,Rap,0.1061,1.5477,0.0,0.0,0.0,0.0,0.0
39301,Rap_00250,Never Let Me Down - Ft. Jay Z,Kanye West,Rap,0.6186,1.3056,0.0,0.0,0.0,0.0,0.0
39302,Rap_00251,Not Enough Time,Kanye West,Rap,0.0882,1.4407,0.0,0.0,0.0,0.0,0.0
39303,Rap_00252,Only One,Kanye West,Rap,0.2787,1.521,0.0,0.0,0.0,0.0,0.0
39304,Rap_00253,Pinocchio Story,Kanye West,Rap,0.1286,1.4183,0.0,0.0,0.0,0.0,0.0
39305,Rap_00254,Power,Kanye West,Rap,0.3562,1.7902,0.0,0.0,0.0,0.0,0.0
39306,Rap_00255,Pro Nails,Kanye West,Rap,0.4118,1.5546,0.0,0.0,0.0,0.0,0.0
39307,Rap_00256,Punch Drunk Love,Kanye West,Rap,0.3833,1.4027,0.0,0.0,0.0,0.0,0.0
39308,Rap_00257,Put Your Face In The Bag,Kanye West,Rap,0.4103,1.2305,0.0,0.0,0.0,0.0,0.0
39309,Rap_00258,Right On Time,Kanye West,Rap,0.2632,1.2541,0.0,0.0,0.0,0.0,0.0
39310,Rap_00259,Robocop,Kanye West,Rap,0.25,1.6091,0.0,0.0,0.0,0.0,0.0
39311,Rap_00260,Runaway,Kanye West,Rap,0.5,1.6629,0.0,0.0,0.0,0.0,0.0
39312,Rap_00261,Say You Will,Kanye West,Rap,0.6207,1.1436,0.0,0.0,0.0,0.0,0.0
39313,Rap_00262,School Spirit,Kanye West,Rap,0.3333,1.6334,0.0,0.0,0.0,0.0,0.0
39315,Rap_00263,See Me Now,Kanye West,Rap,0.2111,1.5266,0.0,0.0,0.0,0.0,0.0
39316,Rap_00264,See You In My Nightmares,Kanye West,Rap,0.4545,1.4882,0.0,0.0,0.0,0.0,0.0
39317,Rap_00265,Send It Up,Kanye West,Rap,0.2683,1.4419,0.0,0.0,0.0,0.0,0.0
39318,Rap_00266,Sky Might Fall,Kanye West,Rap,0.3548,1.3778,0.0,0.0,0.0,0.0,0.0
39319,Rap_00267,Southside,Kanye West,Rap,0.2875,1.8944,0.0,0.0,0.0,0.0,0.0
39320,Rap_00268,Street Lights,Kanye West,Rap,0.8293,1.2858,0.0,0.0,0.0,0.0,0.0
39321,Rap_00269,Stronger,Kanye West,Rap,0.6076,1.4653,0.0,0.0,0.0,0.0,0.0
39322,Rap_00270,Swagga Like Us,Kanye West,Rap,0.0714,1.692,0.0,0.0,0.0,0.0,0.0
39323,Rap_00271,The Food,Kanye West,Rap,0.4713,1.3709,0.0,0.0,0.0,0.0,0.0
39324,Rap_00272,The Glory,Kanye West,Rap,0.0508,1.5337,0.0,0.0,0.0,0.0,0.0
11525,Rap_00273,1St Key,Lil Wayne,Rap,0.4328,1.462,0.0,0.0,0.0,0.0,0.0
11528,Rap_00274,Abortion,Lil Wayne,Rap,0.4,1.5795,0.0,0.0,0.0,0.0,0.0
11529,Rap_00275,Action,Lil Wayne,Rap,0.3231,1.359,0.0,0.0,0.0,0.0,0.0
11531,Rap_00276,Believe That,Lil Wayne,Rap,0.0741,1.5581,0.0,0.0,0.0,0.0,0.0
11532,Rap_00277,Best Rapper Alive,Lil Wayne,Rap,0.3824,1.4833,0.0,0.0,0.0,0.0,0.0
11533,Rap_00278,Big Tigger Live On The Radio,Lil Wayne,Rap,0.2917,1.5728,0.0,0.0,0.0,0.0,0.0
11535,Rap_00279,Blinded,Lil Wayne,Rap,0.1905,1.5454,0.0,0.0,0.0,0.0,0.0
11536,Rap_00280,Body Bags,Lil Wayne,Rap,0.4146,1.4154,0.0,0.0,0.0,0.0,0.0
11537,Rap_00281,Boom,Lil Wayne,Rap,0.2807,1.2679,0.0,0.0,0.0,0.0,0.0
11538,Rap_00282,Brand New,Lil Wayne,Rap,0.0968,1.5302,0.0,0.0,0.0,0.0,0.0
11540,Rap_00283,Break Me Off,Lil Wayne,Rap,0.0253,1.446,0.0,0.0,0.0,0.0,0.0
11541,Rap_00284,Breakin' My Heart,Lil Wayne,Rap,0.1081,1.4835,0.0,0.0,0.0,0.0,0.0
11542,Rap_00285,Carter Ii,Lil Wayne,Rap,0.0408,1.4843,0.0,0.0,0.0,0.0,0.0
11543,Rap_00286,Cash Money Millionaires,Lil Wayne,Rap,0.3537,1.411,0.0,0.0,0.0,0.0,0.0
11545,Rap_00287,Coco,Lil Wayne,Rap,0.2206,1.54,0.0,0.0,0.0,0.0,0.0
11547,Rap_00288,Crying Out For Me,Lil Wayne,Rap,0.08,1.2813,0.0,0.0,0.0,0.0,0.0
11548,Rap_00289,Curtains,Lil Wayne,Rap,0.0263,1.4562,0.0,0.0,0.0,0.0,0.0
11549,Rap_00290,Da Da Da,Lil Wayne,Rap,0.4651,1.3315,0.0,0.0,0.0,0.0,0.0
11550,Rap_00291,Days And Days,Lil Wayne,Rap,0.0566,1.4561,0.0,0.0,0.0,0.0,0.0
11551,Rap_00292,"Dont Stop, Wont Stop",Lil Wayne,Rap,0.0377,1.4398,0.0,0.0,0.0,0.0,0.0
11552,Rap_00293,Earthquake,Lil Wayne,Rap,0.0659,1.3049,0.0,0.0,0.0,0.0,0.0
11553,Rap_00294,Flowers,Lil Wayne,Rap,0.2923,1.306,0.0,0.0,0.0,0.0,0.0
11558,Rap_00295,Girl You Know,Lil Wayne,Rap,0.0202,1.4566,0.0,0.0,0.0,0.0,0.0
11559,Rap_00296,Got Money,Lil Wayne,Rap,0.3805,1.3198,0.0,0.0,0.0,0.0,0.0
11560,Rap_00297,Green Ranger,Lil Wayne,Rap,0.0278,1.4735,0.0,0.0,0.0,0.0,0.0
11561,Rap_00298,Ground Zero,Lil Wayne,Rap,0.5385,1.3854,0.0,0.0,0.0,0.0,0.0
11562,Rap_00299,Grown Man,Lil Wayne,Rap,0.0303,1.5649,0.0,0.0,0.0,0.0,0.0
11563,Rap_00300,Grown Man - Currency,Lil Wayne,Rap,0.1127,1.4744,0.0,0.0,0.0,0.0,0.0
11564,Rap_00301,Gucci Gucci,Lil Wayne,Rap,0.2041,1.5085,0.0,0.0,0.0,0.0,0.0
11566,Rap_00302,Help,Lil Wayne,Rap,0.5405,1.6486,0.0,0.0,0.0,0.0,0.0
11567,Rap_00303,Hey America,Lil Wayne,Rap,0.0988,1.5494,0.0,0.0,0.0,0.0,0.0
11568,Rap_00304,High Beamin,Lil Wayne,Rap,0.061,1.496,0.0,0.0,0.0,0.0,0.0
11569,Rap_00305,Hit Em Up,Lil Wayne,Rap,0.2133,1.4248,0.0,0.0,0.0,0.0,0.0
11570,Rap_00306,Hot Boy,Lil Wayne,Rap,0.2022,1.4566,0.0,0.0,0.0,0.0,0.0
11571,Rap_00307,Hot Nigga,Lil Wayne,Rap,0.0625,1.5369,0.0,0.0,0.0,0.0,0.0
11572,Rap_00308,Hustler Musik,Lil Wayne,Rap,0.026,1.5572,0.0,0.0,0.0,0.0,0.0
11573,Rap_00309,I Feel Good,Lil Wayne,Rap,0.1569,1.4724,0.0,0.0,0.0,0.0,0.0
11574,Rap_00310,I Know The Future,Lil Wayne,Rap,0.3457,1.6564,0.0,0.0,0.0,0.0,0.0
41595,Rap_00311,30 Minutes To New Orleans,Lil Wayne,Rap,0.1316,1.6211,0.0,0.0,0.0,0.0,0.0
41596,Rap_00312,3 Peat,Lil Wayne,Rap,0.0597,1.4156,0.0,0.0,0.0,0.0,0.0
41597,Rap_00313,About All That,Lil Wayne,Rap,0.0704,1.4699,0.0,0.0,0.0,0.0,0.0
41598,Rap_00314,Admit It,Lil Wayne,Rap,0.2537,1.4774,0.0,0.0,0.0,0.0,0.0
41600,Rap_00315,Alphabet,Lil Wayne,Rap,0.2262,1.8071,0.0,0.0,0.0,0.0,0.0
41601,Rap_00316,Always Strapped,Lil Wayne,Rap,0.2391,1.5024,0.0,0.0,0.0,0.0,0.0
41603,Rap_00317,American Star,Lil Wayne,Rap,0.26,1.3831,0.0,0.0,0.0,0.0,0.0
41605,Rap_00318,Army Gunz,Lil Wayne,Rap,0.1571,1.4973,0.0,0.0,0.0,0.0,0.0
41606,Rap_00319,Ask Dem Hoes,Lil Wayne,Rap,0.2462,1.3437,0.0,0.0,0.0,0.0,0.0
41607,Rap_00320,Awkward,Lil Wayne,Rap,0.5942,1.3081,0.0,0.0,0.0,0.0,0.0
41608,Rap_00321,Back On My Grizzy,Lil Wayne,Rap,0.0506,1.4898,0.0,0.0,0.0,0.0,0.0
41609,Rap_00322,Back To You,Lil Wayne,Rap,0.1846,1.4975,0.0,0.0,0.0,0.0,0.0
41610,Rap_00323,Bad,Lil Wayne,Rap,0.8966,1.4233,0.0,0.0,0.0,0.0,0.0
41611,Rap_00324,Ballin',Lil Wayne,Rap,0.2453,1.5113,0.0,0.0,0.0,0.0,0.0
41613,Rap_00325,Barak Obama A Milli (remix),Lil Wayne,Rap,0.0278,1.5248,0.0,0.0,0.0,0.0,0.0
41614,Rap_00326,Beef,Lil Wayne,Rap,0.3095,1.3676,0.0,0.0,0.0,0.0,0.0
41615,Rap_00327,Bird Call .J.R. Writer Feat. Cam'ron And Lil' Wayne-,Lil Wayne,Rap,0.069,1.4898,0.0,0.0,0.0,0.0,0.0
41616,Rap_00328,Blooded,Lil Wayne,Rap,0.0714,1.3282,0.0,0.0,0.0,0.0,0.0
41617,Rap_00329,Bloodline,Lil Wayne,Rap,0.0725,1.3559,0.0,0.0,0.0,0.0,0.0
41618,Rap_00330,Blunt Blowin,Lil Wayne,Rap,0.3656,1.568,0.0,0.0,0.0,0.0,0.0
41619,Rap_00331,Break Up,Lil Wayne,Rap,0.027,1.5465,0.0,0.0,0.0,0.0,0.0
41620,Rap_00332,Bring It Back,Lil Wayne,Rap,0.2778,1.4436,0.0,0.0,0.0,0.0,0.0
41621,Rap_00333,Bring It Back Ft. Mannie Fresh,Lil Wayne,Rap,0.4148,1.3497,0.0,0.0,0.0,0.0,0.0
41622,Rap_00334,Burn,Lil Wayne,Rap,0.1176,1.4108,0.0,0.0,0.0,0.0,0.0
41623,Rap_00335,Burn This City,Lil Wayne,Rap,0.1646,1.5441,0.0,0.0,0.0,0.0,0.0
41625,Rap_00336,Come On,Lil Wayne,Rap,0.1639,1.3886,0.0,0.0,0.0,0.0,0.0
41626,Rap_00337,Comfortable,Lil Wayne,Rap,0.0612,1.4348,0.0,0.0,0.0,0.0,0.0
41627,Rap_00338,Crank Dat Weezy Wee,Lil Wayne,Rap,0.4444,1.3615,0.0,0.0,0.0,0.0,0.0
41628,Rap_00339,Did It Before,Lil Wayne,Rap,0.4364,1.2751,0.0,0.0,0.0,0.0,0.0
41629,Rap_00340,Different Girls,Lil Wayne,Rap,0.3448,1.4319,0.0,0.0,0.0,0.0,0.0
41630,Rap_00341,Do What We Do,Lil Wayne,Rap,0.0833,1.3678,0.0,0.0,0.0,0.0,0.0
41631,Rap_00342,Don't Die,Lil Wayne,Rap,0.1169,1.5592,0.0,0.0,0.0,0.0,0.0
41632,Rap_00343,Dough Is What I Got,Lil Wayne,Rap,0.0893,1.6005,0.0,0.0,0.0,0.0,0.0
41633,Rap_00344,Down For My Niggas Freestyle,Lil Wayne,Rap,0.0202,1.3665,0.0,0.0,0.0,0.0,0.0
41634,Rap_00345,Dr. Carter,Lil Wayne,Rap,0.0744,1.5865,0.0,0.0,0.0,0.0,0.0
41635,Rap_00346,Dreams And Nightmares,Lil Wayne,Rap,0.0282,1.5067,0.0,0.0,0.0,0.0,0.0
41636,Rap_00347,Drop The World,Lil Wayne,Rap,0.1781,1.5427,0.0,0.0,0.0,0.0,0.0
41637,Rap_00348,Drunk In Love,Lil Wayne,Rap,0.2,1.4462,0.0,0.0,0.0,0.0,0.0
41639,Rap_00349,Enemy Turf,Lil Wayne,Rap,0.0288,1.3594,0.0,0.0,0.0,0.0,0.0
41640,Rap_00350,Everything,Lil Wayne,Rap,0.122,1.4818,0.0,0.0,0.0,0.0,0.0
41641,Rap_00351,Fireman,Lil Wayne,Rap,0.3409,1.4173,0.0,0.0,0.0,0.0,0.0
41642,Rap_00352,Fo Sheezy,Lil Wayne,Rap,0.0933,1.4883,0.0,0.0,0.0,0.0,0.0
41643,Rap_00353,Gangstas And Pimps,Lil Wayne,Rap,0.1111,1.5015,0.0,0.0,0.0,0.0,0.0
41644,Rap_00354,Get A Life,Lil Wayne,Rap,0.4068,1.2539,0.0,0.0,0.0,0.0,0.0
41645,Rap_00355,Get Down,Lil Wayne,Rap,0.1026,1.3783,0.0,0.0,0.0,0.0,0.0
41647,Rap_00356,Get Something (feat. Mannie Fresh),Lil Wayne,Rap,0.0645,1.5565,0.0,0.0,0.0,0.0,0.0
41648,Rap_00357,Get That Dough,Lil Wayne,Rap,0.2222,1.5356,0.0,0.0,0.0,0.0,0.0
41649,Rap_00358,Get That Money,Lil Wayne,Rap,0.0545,1.5291,0.0,0.0,0.0,0.0,0.0
41650,Rap_00359,Give Head,Lil Wayne,Rap,0.1923,1.293,0.0,0.0,0.0,0.0,0.0
41653,Rap_00360,Green And Yellow,Lil Wayne,Rap,0.5385,1.4607,0.0,0.0,0.0,0.0,0.0
41654,Rap_00361,Gunwalk,Lil Wayne,Rap,0.3571,1.3977,0.0,0.0,0.0,0.0,0.0
41655,Rap_00362,Hit U Up (w Hot Boys),Lil Wayne,Rap,0.1471,1.5838,0.0,0.0,0.0,0.0,0.0
41656,Rap_00363,Hoes,Lil Wayne,Rap,0.0339,1.406,0.0,0.0,0.0,0.0,0.0
41657,Rap_00364,Hot Revolver,Lil Wayne,Rap,0.2623,1.473,0.0,0.0,0.0,0.0,0.0
41658,Rap_00365,How To Hate,Lil Wayne,Rap,0.3506,1.3841,0.0,0.0,0.0,0.0,0.0
41659,Rap_00366,How To Love,Lil Wayne,Rap,0.5634,1.4277,0.0,0.0,0.0,0.0,0.0
41660,Rap_00367,How To Love Spanish,Lil Wayne,Rap,0.3438,1.7992,0.0,0.0,0.0,0.0,0.0
41662,Rap_00368,I Can Take Your Girl,Lil Wayne,Rap,0.0952,1.3413,0.0,0.0,0.0,0.0,0.0
41664,Rap_00369,I Feel Like Dying,Lil Wayne,Rap,0.4054,1.3976,0.0,0.0,0.0,0.0,0.0
41665,Rap_00370,I Got Some Money On Me,Lil Wayne,Rap,0.3038,1.4779,0.0,0.0,0.0,0.0,0.0
41666,Rap_00371,I Hate Love,Lil Wayne,Rap,0.1562,1.494,0.0,0.0,0.0,0.0,0.0
41667,Rap_00372,I Like The View,Lil Wayne,Rap,0.4795,1.4818,0.0,0.0,0.0,0.0,0.0
41668,Rap_00373,I Miss My Dawgs,Lil Wayne,Rap,0.0781,1.5681,0.0,0.0,0.0,0.0,0.0
11799,Rap_00374,Another Dollar,LL Cool J,Rap,0.1667,1.6818,0.0,0.0,0.0,0.0,0.0
11800,Rap_00375,Curious,LL Cool J,Rap,0.2569,1.5807,0.0,0.0,0.0,0.0,0.0
11801,Rap_00376,Deepest Bluest,LL Cool J,Rap,0.0737,1.6101,0.0,0.0,0.0,0.0,0.0
11802,Rap_00377,"Don't Be Late, Don't Come Too Soon",LL Cool J,Rap,0.2,1.5066,0.0,0.0,0.0,0.0,0.0
11803,Rap_00378,Fast Peg,LL Cool J,Rap,0.0476,1.4982,0.0,0.0,0.0,0.0,0.0
11804,Rap_00379,Freeze,LL Cool J,Rap,0.5364,1.5529,0.0,0.0,0.0,0.0,0.0
11805,Rap_00380,Hey Lover,LL Cool J,Rap,0.1711,1.5632,0.0,0.0,0.0,0.0,0.0
11806,Rap_00381,Hot Hot Hot,LL Cool J,Rap,0.3704,1.3453,0.0,0.0,0.0,0.0,0.0
11807,Rap_00382,Live For You,LL Cool J,Rap,0.2222,1.517,0.0,0.0,0.0,0.0,0.0
11808,Rap_00383,Lollipop,LL Cool J,Rap,0.0615,1.7203,0.0,0.0,0.0,0.0,0.0
11809,Rap_00384,Make It Hot,LL Cool J,Rap,0.3333,1.5496,0.0,0.0,0.0,0.0,0.0
11810,Rap_00385,Strictly Business,LL Cool J,Rap,0.0536,1.489,0.0,0.0,0.0,0.0,0.0
11811,Rap_00386,The Bristol Hotel,LL Cool J,Rap,0.0909,1.6112,0.0,0.0,0.0,0.0,0.0
11812,Rap_00387,Why Do You Think They Call It Dope?,LL Cool J,Rap,0.093,1.4773,0.0,0.0,0.0,0.0,0.0
41890,Rap_00388,10 Million Stars,LL Cool J,Rap,0.0806,1.5406,0.0,0.0,0.0,0.0,0.0
41891,Rap_00389,1 In The Morning,LL Cool J,Rap,0.0723,1.6926,0.0,0.0,0.0,0.0,0.0
41892,Rap_00390,6 Minutes Of Pleasure,LL Cool J,Rap,0.45,1.4356,0.0,0.0,0.0,0.0,0.0
41893,Rap_00391,A Little Somethin',LL Cool J,Rap,0.0824,1.6689,0.0,0.0,0.0,0.0,0.0
41894,Rap_00392,After School,LL Cool J,Rap,0.1798,1.7123,0.0,0.0,0.0,0.0,0.0
41895,Rap_00393,"Ahh, Let's Get Ill",LL Cool J,Rap,0.1791,1.6195,0.0,0.0,0.0,0.0,0.0
41896,Rap_00394,Ain't Nobody,LL Cool J,Rap,0.3509,1.6365,0.0,0.0,0.0,0.0,0.0
41897,Rap_00395,All I Have,LL Cool J,Rap,0.5057,1.3911,0.0,0.0,0.0,0.0,0.0
41898,Rap_00396,All We Got Left Is The Beat,LL Cool J,Rap,0.038,1.4889,0.0,0.0,0.0,0.0,0.0
41899,Rap_00397,Amazin',LL Cool J,Rap,0.0882,1.7723,0.0,0.0,0.0,0.0,0.0
41900,Rap_00398,Apple Cobbler,LL Cool J,Rap,0.0526,1.3859,0.0,0.0,0.0,0.0,0.0
41901,Rap_00399,Back Seat,LL Cool J,Rap,0.0698,1.4618,0.0,0.0,0.0,0.0,0.0
41902,Rap_00400,Bath Salt,LL Cool J,Rap,0.5309,1.429,0.0,0.0,0.0,0.0,0.0
41903,Rap_00401,Best Dress,LL Cool J,Rap,0.4795,1.4384,0.0,0.0,0.0,0.0,0.0
41904,Rap_00402,Billie Jean Dream,LL Cool J,Rap,0.0753,1.5968,0.0,0.0,0.0,0.0,0.0
41905,Rap_00403,Born To Love You,LL Cool J,Rap,0.2321,1.7821,0.0,0.0,0.0,0.0,0.0
41906,Rap_00404,Candy,LL Cool J,Rap,0.3171,1.5807,0.0,0.0,0.0,0.0,0.0
41907,Rap_00405,Can't Explain It,LL Cool J,Rap,0.0923,1.5695,0.0,0.0,0.0,0.0,0.0
41908,Rap_00406,Change Your Ways,LL Cool J,Rap,0.3333,1.4672,0.0,0.0,0.0,0.0,0.0
41909,Rap_00407,Control Myself,LL Cool J,Rap,0.4526,1.4632,0.0,0.0,0.0,0.0,0.0
41910,Rap_00408,Crossroads,LL Cool J,Rap,0.0233,1.5984,0.0,0.0,0.0,0.0,0.0
41912,Rap_00409,Dear Yvette,LL Cool J,Rap,0.1194,1.6681,0.0,0.0,0.0,0.0,0.0
41913,Rap_00410,Def Jam In The Motherland,LL Cool J,Rap,0.1099,1.7641,0.0,0.0,0.0,0.0,0.0
41914,Rap_00411,Diggy Down,LL Cool J,Rap,0.4783,1.8608,0.0,0.0,0.0,0.0,0.0
41915,Rap_00412,Doin It,LL Cool J,Rap,0.1562,1.3407,0.0,0.0,0.0,0.0,0.0
41916,Rap_00413,Down The Aisle,LL Cool J,Rap,0.1587,1.7112,0.0,0.0,0.0,0.0,0.0
41917,Rap_00414,Droppin Em,LL Cool J,Rap,0.0341,1.6551,0.0,0.0,0.0,0.0,0.0
41918,Rap_00415,Every Sip,LL Cool J,Rap,0.1212,1.5398,0.0,0.0,0.0,0.0,0.0
41919,Rap_00416,Farmers,LL Cool J,Rap,0.1204,1.4599,0.0,0.0,0.0,0.0,0.0
41920,Rap_00417,Father,LL Cool J,Rap,0.1667,1.6388,0.0,0.0,0.0,0.0,0.0
41921,Rap_00418,Favorite Flavor,LL Cool J,Rap,0.0455,1.7179,0.0,0.0,0.0,0.0,0.0
41922,Rap_00419,Feel My Heart Beat,LL Cool J,Rap,0.5116,1.4646,0.0,0.0,0.0,0.0,0.0
41923,Rap_00420,Feel The Beat,LL Cool J,Rap,0.3471,1.4088,0.0,0.0,0.0,0.0,0.0
41924,Rap_00421,Get Da Drop On Em,LL Cool J,Rap,0.0986,1.6127,0.0,0.0,0.0,0.0,0.0
41925,Rap_00422,Ghetto Love,LL Cool J,Rap,0.2698,1.763,0.0,0.0,0.0,0.0,0.0
41926,Rap_00423,Hello,LL Cool J,Rap,0.1695,1.5316,0.0,0.0,0.0,0.0,0.0
41927,Rap_00424,Hollis To Hollywood,LL Cool J,Rap,0.1932,1.511,0.0,0.0,0.0,0.0,0.0
41928,Rap_00425,I Can Give You More,LL Cool J,Rap,0.1605,1.4541,0.0,0.0,0.0,0.0,0.0
41929,Rap_00426,I Can't Live Without My Radio,LL Cool J,Rap,0.1111,1.5858,0.0,0.0,0.0,0.0,0.0
41931,Rap_00427,I Need Love,LL Cool J,Rap,0.0952,1.5138,0.0,0.0,0.0,0.0,0.0
41932,Rap_00428,I Shot Ya,LL Cool J,Rap,0.0899,1.4961,0.0,0.0,0.0,0.0,0.0
41933,Rap_00429,I Wish (Remix),LL Cool J,Rap,0.1196,1.3716,0.0,0.0,0.0,0.0,0.0
41934,Rap_00430,I'm Bad,LL Cool J,Rap,0.1596,1.4224,0.0,0.0,0.0,0.0,0.0
41935,Rap_00431,I'm That Type Of Guy,LL Cool J,Rap,0.1053,1.5058,0.0,0.0,0.0,0.0,0.0
41938,Rap_00432,It's Ll And Santana,LL Cool J,Rap,0.4638,1.6456,0.0,0.0,0.0,0.0,0.0
41939,Rap_00433,It's Time For War,LL Cool J,Rap,0.1308,1.6631,0.0,0.0,0.0,0.0,0.0
41940,Rap_00434,I've Changed,LL Cool J,Rap,0.1918,1.516,0.0,0.0,0.0,0.0,0.0
41941,Rap_00435,Jack The Ripper,LL Cool J,Rap,0.0333,1.4772,0.0,0.0,0.0,0.0,0.0
41942,Rap_00436,Jealous,LL Cool J,Rap,0.1124,1.4807,0.0,0.0,0.0,0.0,0.0
41943,Rap_00437,Jump On It,LL Cool J,Rap,0.3735,1.2985,0.0,0.0,0.0,0.0,0.0
41944,Rap_00438,Life As...,LL Cool J,Rap,0.1622,1.5968,0.0,0.0,0.0,0.0,0.0
41945,Rap_00439,Ll Cool J,LL Cool J,Rap,0.369,1.5057,0.0,0.0,0.0,0.0,0.0
41947,Rap_00440,Loungin',LL Cool J,Rap,0.2162,1.4645,0.0,0.0,0.0,0.0,0.0
41948,Rap_00441,Love U Better,LL Cool J,Rap,0.5149,1.5477,0.0,0.0,0.0,0.0,0.0
41949,Rap_00442,Mama Said Knock You Out,LL Cool J,Rap,0.3429,1.4591,0.0,0.0,0.0,0.0,0.0
41950,Rap_00443,Mary Jane (Remix),LL Cool J,Rap,0.2258,1.4791,0.0,0.0,0.0,0.0,0.0
41951,Rap_00444,Milky Cereal,LL Cool J,Rap,0.1548,1.6329,0.0,0.0,0.0,0.0,0.0
41952,Rap_00445,Mirror Mirror,LL Cool J,Rap,0.0455,1.6471,0.0,0.0,0.0,0.0,0.0
41953,Rap_00446,M.I.S.S.I.,LL Cool J,Rap,0.1923,1.4807,0.0,0.0,0.0,0.0,0.0
41954,Rap_00447,Move Somethin,LL Cool J,Rap,0.1167,1.436,0.0,0.0,0.0,0.0,0.0
41955,Rap_00448,Mr. Smith,LL Cool J,Rap,0.1818,1.5187,0.0,0.0,0.0,0.0,0.0
41956,Rap_00449,New York Gangstas,LL Cool J,Rap,0.0667,1.4793,0.0,0.0,0.0,0.0,0.0
41957,Rap_00450,Niggy Nuts,LL Cool J,Rap,0.1,1.6514,0.0,0.0,0.0,0.0,0.0
41958,Rap_00451,No More,LL Cool J,Rap,0.5,1.4735,0.0,0.0,0.0,0.0,0.0
41959,Rap_00452,One Shot At Love,LL Cool J,Rap,0.2241,1.5789,0.0,0.0,0.0,0.0,0.0
41960,Rap_00453,Ooh Wee,LL Cool J,Rap,0.1481,1.5332,0.0,0.0,0.0,0.0,0.0
41961,Rap_00454,Papa Luv It,LL Cool J,Rap,0.3409,1.4521,0.0,0.0,0.0,0.0,0.0
41962,Rap_00455,Paradise,LL Cool J,Rap,0.2439,1.4906,0.0,0.0,0.0,0.0,0.0
41963,Rap_00456,Phenomenon,LL Cool J,Rap,0.1207,1.5741,0.0,0.0,0.0,0.0,0.0
41964,Rap_00457,Pink Cookies In A Plastic Bag Getting Crushed By Buildings,LL Cool J,Rap,0.0429,1.6465,0.0,0.0,0.0,0.0,0.0
41965,Rap_00458,Queens,LL Cool J,Rap,0.3889,1.4471,0.0,0.0,0.0,0.0,0.0
41966,Rap_00459,Rampage,LL Cool J,Rap,0.0725,1.6575,0.0,0.0,0.0,0.0,0.0
41967,Rap_00460,Rock The Bells,LL Cool J,Rap,0.125,1.4358,0.0,0.0,0.0,0.0,0.0
41968,Rap_00461,Run My Back,LL Cool J,Rap,0.0615,1.568,0.0,0.0,0.0,0.0,0.0
41969,Rap_00462,Say What,LL Cool J,Rap,0.1013,1.5476,0.0,0.0,0.0,0.0,0.0
41970,Rap_00463,Shake It Baby,LL Cool J,Rap,0.1447,1.5794,0.0,0.0,0.0,0.0,0.0
41971,Rap_00464,Shut 'em Down,LL Cool J,Rap,0.3125,1.3565,0.0,0.0,0.0,0.0,0.0
41972,Rap_00465,Skit,LL Cool J,Rap,0.7,1.5333,0.0,0.0,0.0,0.0,0.0
41973,Rap_00466,"Smokin', Dopin'",LL Cool J,Rap,0.194,1.55,0.0,0.0,0.0,0.0,0.0
41974,Rap_00467,So Sick,LL Cool J,Rap,0.4348,1.4792,0.0,0.0,0.0,0.0,0.0
41975,Rap_00468,Stand By Your Man,LL Cool J,Rap,0.3571,1.4277,0.0,0.0,0.0,0.0,0.0
41976,Rap_00469,Take It Off,LL Cool J,Rap,0.2581,1.5079,0.0,0.0,0.0,0.0,0.0
41979,Rap_00470,The G.O.A.T.,LL Cool J,Rap,0.1233,1.4164,0.0,0.0,0.0,0.0,0.0
41980,Rap_00471,The Power Of God,LL Cool J,Rap,0.1169,1.5686,0.0,0.0,0.0,0.0,0.0
41981,Rap_00472,This Is For The Love In You,LL Cool J,Rap,0.2143,1.442,0.0,0.0,0.0,0.0,0.0
41982,Rap_00473,Throw Ya L's Up,LL Cool J,Rap,0.037,1.4657,0.0,0.0,0.0,0.0,0.0
41983,Rap_00474,Wanna Get Paid,LL Cool J,Rap,0.1566,1.5217,0.0,0.0,0.0,0.0,0.0
41984,Rap_00475,We're Gonna Make It,LL Cool J,Rap,0.0247,1.3843,0.0,0.0,0.0,0.0,0.0
41985,Rap_00476,Whatcha Hood Like,LL Cool J,Rap,0.0769,1.4883,0.0,0.0,0.0,0.0,0.0
41986,Rap_00477,You Can't Dance,LL Cool J,Rap,0.1053,1.5308,0.0,0.0,0.0,0.0,0.0
41987,Rap_00478,You'll Rock,LL Cool J,Rap,0.0667,1.8166,0.0,0.0,0.0,0.0,0.0
5724,Rap_00479,Ball Till You Fall,Fabolous,Rap,0.3537,1.4762,0.0,0.0,0.0,0.0,0.0
5725,Rap_00480,Basketball,Fabolous,Rap,0.4881,1.8191,0.0,0.0,0.0,0.0,0.0
5727,Rap_00481,Black City,Fabolous,Rap,0.2973,1.547,0.0,0.0,0.0,0.0,0.0
5728,Rap_00482,Body Ya,Fabolous,Rap,0.3333,1.5233,0.0,0.0,0.0,0.0,0.0
5729,Rap_00483,Do The Damn Thang,Fabolous,Rap,0.1304,1.4881,0.0,0.0,0.0,0.0,0.0
5730,Rap_00484,Don't Stop Won't Stop,Fabolous,Rap,0.2698,1.4406,0.0,0.0,0.0,0.0,0.0
5731,Rap_00485,Drugs (Do This To Me),Fabolous,Rap,0.2143,1.4481,0.0,0.0,0.0,0.0,0.0
5732,Rap_00486,"Everything, Everyday, Everywhere",Fabolous,Rap,0.0789,1.61,0.0,0.0,0.0,0.0,0.0
5735,Rap_00487,Family Affair Freestyle,Fabolous,Rap,0.0741,1.5427,0.0,0.0,0.0,0.0,0.0
5736,Rap_00488,Forgive Me Father,Fabolous,Rap,0.0274,1.5469,0.0,0.0,0.0,0.0,0.0
5737,Rap_00489,G.A.N.G.S.T.A,Fabolous,Rap,0.1176,1.4184,0.0,0.0,0.0,0.0,0.0
5738,Rap_00490,Get Right,Fabolous,Rap,0.2162,1.391,0.0,0.0,0.0,0.0,0.0
5739,Rap_00491,Get Smart,Fabolous,Rap,0.1471,1.4888,0.0,0.0,0.0,0.0,0.0
5740,Rap_00492,Ghetto,Fabolous,Rap,0.0667,1.3787,0.0,0.0,0.0,0.0,0.0
5741,Rap_00493,Gotta Be Thug,Fabolous,Rap,0.3067,1.4871,0.0,0.0,0.0,0.0,0.0
5742,Rap_00494,Hands Up,Fabolous,Rap,0.098,1.5807,0.0,0.0,0.0,0.0,0.0
5743,Rap_00495,Hate Me Now Freestyle,Fabolous,Rap,0.0602,1.5483,0.0,0.0,0.0,0.0,0.0
5744,Rap_00496,I Usually Don't,Fabolous,Rap,0.32,1.3979,0.0,0.0,0.0,0.0,0.0
5745,Rap_00497,Imma Do It,Fabolous,Rap,0.24,1.6059,0.0,0.0,0.0,0.0,0.0
5746,Rap_00498,Jokes On You,Fabolous,Rap,0.0519,1.5376,0.0,0.0,0.0,0.0,0.0
5748,Rap_00499,Ma' Be Easy,Fabolous,Rap,0.0476,1.4585,0.0,0.0,0.0,0.0,0.0
5749,Rap_00500,Make Me Better,Fabolous,Rap,0.2466,1.6112,0.0,0.0,0.0,0.0,0.0
5750,Rap_00501,Make Me Feel Better,Fabolous,Rap,0.2778,1.6253,0.0,0.0,0.0,0.0,0.0
5751,Rap_00502,Make U Mine,Fabolous,Rap,0.0779,1.5227,0.0,0.0,0.0,0.0,0.0
5752,Rap_00503,Makin Love,Fabolous,Rap,0.3636,1.3051,0.0,0.0,0.0,0.0,0.0
5753,Rap_00504,Money Money Money Shouts,Fabolous,Rap,0.3182,1.7574,0.0,0.0,0.0,0.0,0.0
5754,Rap_00505,My Life,Fabolous,Rap,0.1912,1.6028,0.0,0.0,0.0,0.0,0.0
5755,Rap_00506,My Time,Fabolous,Rap,0.3382,1.4018,0.0,0.0,0.0,0.0,0.0
5756,Rap_00507,Never Duplicated,Fabolous,Rap,0.1194,1.5846,0.0,0.0,0.0,0.0,0.0
5757,Rap_00508,Next Generation,Fabolous,Rap,0.0882,1.5629,0.0,0.0,0.0,0.0,0.0
5758,Rap_00509,No Need For Conversation,Fabolous,Rap,0.3711,1.3828,0.0,0.0,0.0,0.0,0.0
5759,Rap_00510,Now Ride,Fabolous,Rap,0.2174,1.3608,0.0,0.0,0.0,0.0,0.0
5761,Rap_00511,One Day,Fabolous,Rap,0.0746,1.5179,0.0,0.0,0.0,0.0,0.0
5762,Rap_00512,Pachanga,Fabolous,Rap,0.3,1.9838,0.0,0.0,0.0,0.0,0.0
5764,Rap_00513,Phone Numbers,Fabolous,Rap,0.1026,1.6864,0.0,0.0,0.0,0.0,0.0
5765,Rap_00514,Racked Up Shawty,Fabolous,Rap,0.2353,1.5236,0.0,0.0,0.0,0.0,0.0
5767,Rap_00515,Rap City Freestyle (05.07.07),Fabolous,Rap,0.0476,1.4638,0.0,0.0,0.0,0.0,0.0
5768,Rap_00516,Ready,Fabolous,Rap,0.5079,1.414,0.0,0.0,0.0,0.0,0.0
5770,Rap_00517,Respect,Fabolous,Rap,0.0548,1.4979,0.0,0.0,0.0,0.0,0.0
5771,Rap_00518,Ride For This,Fabolous,Rap,0.2208,1.424,0.0,0.0,0.0,0.0,0.0
5772,Rap_00519,Sickalicious,Fabolous,Rap,0.1143,1.5834,0.0,0.0,0.0,0.0,0.0
5773,Rap_00520,Special Delivery Freestyle,Fabolous,Rap,0.1111,1.7401,0.0,0.0,0.0,0.0,0.0
5774,Rap_00521,Stay,Fabolous,Rap,0.254,1.5189,0.0,0.0,0.0,0.0,0.0
5775,Rap_00522,Straight Spittin,Fabolous,Rap,0.0303,1.5873,0.0,0.0,0.0,0.0,0.0
5776,Rap_00523,The Bad Guy,Fabolous,Rap,0.0698,1.424,0.0,0.0,0.0,0.0,0.0
5777,Rap_00524,The Get Back,Fabolous,Rap,0.2817,1.4773,0.0,0.0,0.0,0.0,0.0
5778,Rap_00525,Think Y'all Know,Fabolous,Rap,0.0357,1.4584,0.0,0.0,0.0,0.0,0.0
5779,Rap_00526,This Is My Party,Fabolous,Rap,0.1605,1.6402,0.0,0.0,0.0,0.0,0.0
5780,Rap_00527,Throw Back,Fabolous,Rap,0.169,1.5173,0.0,0.0,0.0,0.0,0.0
5781,Rap_00528,Throw It In The Bag,Fabolous,Rap,0.3646,1.2762,0.0,0.0,0.0,0.0,0.0
5783,Rap_00529,Twisted Freestyle,Fabolous,Rap,0.2093,1.4151,0.0,0.0,0.0,0.0,0.0
5784,Rap_00530,Up On Things,Fabolous,Rap,0.3023,1.4829,0.0,0.0,0.0,0.0,0.0
5785,Rap_00531,Victory Freestyle,Fabolous,Rap,0.04,1.547,0.0,0.0,0.0,0.0,0.0
5787,Rap_00532,We Don't Give A,Fabolous,Rap,0.1129,1.5066,0.0,0.0,0.0,0.0,0.0
5788,Rap_00533,We Here,Fabolous,Rap,0.0909,1.5108,0.0,0.0,0.0,0.0,0.0
5789,Rap_00534,What Cha'll Want,Fabolous,Rap,0.1304,1.4842,0.0,0.0,0.0,0.0,0.0
5790,Rap_00535,What's My Name,Fabolous,Rap,0.3596,1.5839,0.0,0.0,0.0,0.0,0.0
32243,Rap_00536,Bada Boom,Fabolous,Rap,0.3333,1.4383,0.0,0.0,0.0,0.0,0.0
32244,Rap_00537,Can You Hear Me,Fabolous,Rap,0.1148,1.584,0.0,0.0,0.0,0.0,0.0
32245,Rap_00538,Can't Let You Go,Fabolous,Rap,0.1061,1.5232,0.0,0.0,0.0,0.0,0.0
32246,Rap_00539,Change You Or Change Me,Fabolous,Rap,0.0278,1.5204,0.0,0.0,0.0,0.0,0.0
32248,Rap_00540,Damn,Fabolous,Rap,0.069,1.5981,0.0,0.0,0.0,0.0,0.0
32249,Rap_00541,Dance Moves,Fabolous,Rap,0.3585,1.3526,0.0,0.0,0.0,0.0,0.0
32250,Rap_00542,Death In The Family,Fabolous,Rap,0.0299,1.4778,0.0,0.0,0.0,0.0,0.0
32251,Rap_00543,Death Penalty,Fabolous,Rap,0.0729,1.4815,0.0,0.0,0.0,0.0,0.0
32252,Rap_00544,Do It Again Freestyle,Fabolous,Rap,0.1579,1.3828,0.0,0.0,0.0,0.0,0.0
32254,Rap_00545,Fabolous,Fabolous,Rap,0.2222,1.4758,0.0,0.0,0.0,0.0,0.0
32255,Rap_00546,Feel Like I'm Back,Fabolous,Rap,0.4458,1.4237,0.0,0.0,0.0,0.0,0.0
32256,Rap_00547,Ferrari Lifestyle,Fabolous,Rap,0.5128,1.7505,0.0,0.0,0.0,0.0,0.0
32257,Rap_00548,Freestyle,Fabolous,Rap,0.2564,1.7262,0.0,0.0,0.0,0.0,0.0
32259,Rap_00549,Holla At Somebody Real,Fabolous,Rap,0.0976,1.5882,0.0,0.0,0.0,0.0,0.0
32260,Rap_00550,"I Shine, You Shine",Fabolous,Rap,0.4299,1.5567,0.0,0.0,0.0,0.0,0.0
32261,Rap_00551,If They Want It,Fabolous,Rap,0.2,1.5604,0.0,0.0,0.0,0.0,0.0
32263,Rap_00552,I'm A G,Fabolous,Rap,0.493,1.6794,0.0,0.0,0.0,0.0,0.0
32265,Rap_00553,In My Hood,Fabolous,Rap,0.0678,1.5511,0.0,0.0,0.0,0.0,0.0
32266,Rap_00554,In The Morning,Fabolous,Rap,0.1176,1.4268,0.0,0.0,0.0,0.0,0.0
32267,Rap_00555,It's Alright,Fabolous,Rap,0.0571,1.5343,0.0,0.0,0.0,0.0,0.0
32268,Rap_00556,It's Gangsta,Fabolous,Rap,0.1091,1.3592,0.0,0.0,0.0,0.0,0.0
32270,Rap_00557,Kinkos,Fabolous,Rap,0.5,1.4213,0.0,0.0,0.0,0.0,0.0
32271,Rap_00558,Last Time,Fabolous,Rap,0.4217,1.4736,0.0,0.0,0.0,0.0,0.0
32272,Rap_00559,Lay Down,Fabolous,Rap,0.1695,1.3483,0.0,0.0,0.0,0.0,0.0
32273,Rap_00560,Long Kiss,Fabolous,Rap,0.1,1.4185,0.0,0.0,0.0,0.0,0.0
32274,Rap_00561,Lullaby,Fabolous,Rap,0.2525,1.3982,0.0,0.0,0.0,0.0,0.0
32275,Rap_00562,"Money Goes, Honey Stay",Fabolous,Rap,0.5094,1.4152,0.0,0.0,0.0,0.0,0.0
32276,Rap_00563,Salute,Fabolous,Rap,0.1143,1.5992,0.0,0.0,0.0,0.0,0.0
32277,Rap_00564,She Wildin',Fabolous,Rap,0.5541,1.3268,0.0,0.0,0.0,0.0,0.0
32278,Rap_00565,Sicker Than Yo Average,Fabolous,Rap,0.3125,1.7886,0.0,0.0,0.0,0.0,0.0
32279,Rap_00566,Slow Down,Fabolous,Rap,0.0323,1.4876,0.0,0.0,0.0,0.0,0.0
32280,Rap_00567,Steve Jobs Bill Gates Freestyle,Fabolous,Rap,0.0482,1.5492,0.0,0.0,0.0,0.0,0.0
32281,Rap_00568,Take You Home,Fabolous,Rap,0.0952,1.4315,0.0,0.0,0.0,0.0,0.0
32282,Rap_00569,Thats Not Love,Fabolous,Rap,0.1129,1.5298,0.0,0.0,0.0,0.0,0.0
32283,Rap_00570,The Fabolous Life,Fabolous,Rap,0.2763,1.5596,0.0,0.0,0.0,0.0,0.0
32284,Rap_00571,The Wake,Fabolous,Rap,0.0462,1.5589,0.0,0.0,0.0,0.0,0.0
32286,Rap_00572,When I Feel Like It,Fabolous,Rap,0.2892,1.3048,0.0,0.0,0.0,0.0,0.0
32287,Rap_00573,Work Magic Freestyle,Fabolous,Rap,0.3448,1.5146,0.0,0.0,0.0,0.0,0.0
32288,Rap_00574,Ya'll Don't Hear Me Tho,Fabolous,Rap,0.3514,1.5715,0.0,0.0,0.0,0.0,0.0
8536,Rap_00575,24' On A '84,Insane Clown Posse,Rap,0.2809,1.6205,0.0,0.0,0.0,0.0,0.0
8537,Rap_00576,Beautiful Doom,Insane Clown Posse,Rap,0.7079,1.7936,0.0,0.0,0.0,0.0,0.0
8538,Rap_00577,Blackin' Your Eyes,Insane Clown Posse,Rap,0.175,1.2901,0.0,0.0,0.0,0.0,0.0
8539,Rap_00578,Chicken Huntin',Insane Clown Posse,Rap,0.2222,1.5445,0.0,0.0,0.0,0.0,0.0
8540,Rap_00579,Chop! Chop! With Esham,Insane Clown Posse,Rap,0.1429,1.4728,0.0,0.0,0.0,0.0,0.0
8541,Rap_00580,Clown Love,Insane Clown Posse,Rap,0.2,1.3176,0.0,0.0,0.0,0.0,0.0
8542,Rap_00581,Clown Walk,Insane Clown Posse,Rap,0.5862,1.2502,0.0,0.0,0.0,0.0,0.0
8543,Rap_00582,Confessions,Insane Clown Posse,Rap,0.0769,1.5637,0.0,0.0,0.0,0.0,0.0
8545,Rap_00583,C.P.K.'s,Insane Clown Posse,Rap,0.4211,1.5993,0.0,0.0,0.0,0.0,0.0
8546,Rap_00584,Crop Circles,Insane Clown Posse,Rap,0.3444,1.7957,0.0,0.0,0.0,0.0,0.0
8547,Rap_00585,Crossing The Bridge,Insane Clown Posse,Rap,0.2903,1.6601,0.0,0.0,0.0,0.0,0.0
8548,Rap_00586,Crystal Ball,Insane Clown Posse,Rap,0.1148,1.6591,0.0,0.0,0.0,0.0,0.0
8549,Rap_00587,Dead Body Man,Insane Clown Posse,Rap,0.125,1.4683,0.0,0.0,0.0,0.0,0.0
8550,Rap_00588,Dead Pumpkins,Insane Clown Posse,Rap,0.082,1.5601,0.0,0.0,0.0,0.0,0.0
8551,Rap_00589,Deadbeat Moms,Insane Clown Posse,Rap,0.141,1.521,0.0,0.0,0.0,0.0,0.0
8553,Rap_00590,Dog Beats,Insane Clown Posse,Rap,0.0645,1.4643,0.0,0.0,0.0,0.0,0.0
8554,Rap_00591,Get Off Me Dog,Insane Clown Posse,Rap,0.069,1.366,0.0,0.0,0.0,0.0,0.0
8555,Rap_00592,Halls Of Illusions,Insane Clown Posse,Rap,0.1467,1.4066,0.0,0.0,0.0,0.0,0.0
8556,Rap_00593,Headless Boogie,Insane Clown Posse,Rap,0.0635,1.4133,0.0,0.0,0.0,0.0,0.0
8557,Rap_00594,Hellalujah,Insane Clown Posse,Rap,0.0366,1.6595,0.0,0.0,0.0,0.0,0.0
8558,Rap_00595,Hokus Pokus,Insane Clown Posse,Rap,0.2024,1.5655,0.0,0.0,0.0,0.0,0.0
8559,Rap_00596,I Hate Santa Claws,Insane Clown Posse,Rap,0.3614,1.485,0.0,0.0,0.0,0.0,0.0
8561,Rap_00597,If I Was A Serial Killer,Insane Clown Posse,Rap,0.5806,1.5623,0.0,0.0,0.0,0.0,0.0
8562,Rap_00598,If I Was King,Insane Clown Posse,Rap,0.48,1.4458,0.0,0.0,0.0,0.0,0.0
8563,Rap_00599,If You Can't Beat 'Em Join 'Em,Insane Clown Posse,Rap,0.254,1.3372,0.0,0.0,0.0,0.0,0.0
8564,Rap_00600,I'm Coming Home,Insane Clown Posse,Rap,0.0923,1.536,0.0,0.0,0.0,0.0,0.0
8565,Rap_00601,In The Haughhh!,Insane Clown Posse,Rap,0.2317,1.5071,0.0,0.0,0.0,0.0,0.0
8569,Rap_00602,Intro (Forgotten Freshness Vol. 4),Insane Clown Posse,Rap,0.6667,1.957,0.0,0.0,0.0,0.0,0.0
8574,Rap_00603,Let A Killa,Insane Clown Posse,Rap,0.1942,1.4773,0.0,0.0,0.0,0.0,0.0
8575,Rap_00604,Let Me Go,Insane Clown Posse,Rap,0.383,1.4348,0.0,0.0,0.0,0.0,0.0
8577,Rap_00605,Like It Like That,Insane Clown Posse,Rap,0.4737,1.178,0.0,0.0,0.0,0.0,0.0
8578,Rap_00606,MadHouse,Insane Clown Posse,Rap,0.3333,1.666,0.0,0.0,0.0,0.0,0.0
8579,Rap_00607,Murda Cloak,Insane Clown Posse,Rap,0.0263,1.593,0.0,0.0,0.0,0.0,0.0
8581,Rap_00608,Ol Evil Eye,Insane Clown Posse,Rap,0.15,1.5755,0.0,0.0,0.0,0.0,0.0
8582,Rap_00609,Please Don't Hate Me,Insane Clown Posse,Rap,0.1194,1.4874,0.0,0.0,0.0,0.0,0.0
8583,Rap_00610,Psychopathic,Insane Clown Posse,Rap,0.0625,1.7485,0.0,0.0,0.0,0.0,0.0
8585,Rap_00611,Rich And Famous,Insane Clown Posse,Rap,0.2424,1.4466,0.0,0.0,0.0,0.0,0.0
8586,Rap_00612,Run,Insane Clown Posse,Rap,0.0625,1.3247,0.0,0.0,0.0,0.0,0.0
36931,Rap_00613,10 Bodies,Insane Clown Posse,Rap,0.2316,1.6474,0.0,0.0,0.0,0.0,0.0
36932,Rap_00614,12,Insane Clown Posse,Rap,0.1667,1.5215,0.0,0.0,0.0,0.0,0.0
36933,Rap_00615,24,Insane Clown Posse,Rap,0.1091,1.5864,0.0,0.0,0.0,0.0,0.0
36934,Rap_00616,3 Rings,Insane Clown Posse,Rap,0.0792,1.5309,0.0,0.0,0.0,0.0,0.0
36935,Rap_00617,Ain't Yo Bidness,Insane Clown Posse,Rap,0.3103,1.398,0.0,0.0,0.0,0.0,0.0
36936,Rap_00618,Alley Rat,Insane Clown Posse,Rap,0.2564,1.2401,0.0,0.0,0.0,0.0,0.0
36937,Rap_00619,Angels Falling,Insane Clown Posse,Rap,0.0476,1.4308,0.0,0.0,0.0,0.0,0.0
36938,Rap_00620,Another Love Song,Insane Clown Posse,Rap,0.0385,1.4831,0.0,0.0,0.0,0.0,0.0
36939,Rap_00621,Bang! Pow! Boom!,Insane Clown Posse,Rap,0.0455,1.7854,0.0,0.0,0.0,0.0,0.0
36940,Rap_00622,Behind The Paint,Insane Clown Posse,Rap,0.2759,1.4856,0.0,0.0,0.0,0.0,0.0
36941,Rap_00623,Bizzar,Insane Clown Posse,Rap,0.2254,1.8794,0.0,0.0,0.0,0.0,0.0
36942,Rap_00624,Bodies Fly,Insane Clown Posse,Rap,0.5952,1.7097,0.0,0.0,0.0,0.0,0.0
36943,Rap_00625,Boogie Woogie Wu,Insane Clown Posse,Rap,0.0909,1.5508,0.0,0.0,0.0,0.0,0.0
36944,Rap_00626,Bring It On,Insane Clown Posse,Rap,0.0952,1.521,0.0,0.0,0.0,0.0,0.0
36945,Rap_00627,Bugs On My Nuts,Insane Clown Posse,Rap,0.4444,1.269,0.0,0.0,0.0,0.0,0.0
36946,Rap_00628,Burning Up,Insane Clown Posse,Rap,0.2676,1.7272,0.0,0.0,0.0,0.0,0.0
36948,Rap_00629,Carnival Of Carnage,Insane Clown Posse,Rap,0.8125,2.8438,0.0,0.0,0.0,0.0,0.0
36949,Rap_00630,Cartoon Nightmare,Insane Clown Posse,Rap,0.1765,1.6433,0.0,0.0,0.0,0.0,0.0
36950,Rap_00631,Cemetery Girl,Insane Clown Posse,Rap,0.0794,1.5791,0.0,0.0,0.0,0.0,0.0
36951,Rap_00632,Everybody Rize,Insane Clown Posse,Rap,0.4242,1.6497,0.0,0.0,0.0,0.0,0.0
36952,Rap_00633,Everyday I Die,Insane Clown Posse,Rap,0.3966,1.4628,0.0,0.0,0.0,0.0,0.0
36953,Rap_00634,Feels So Right,Insane Clown Posse,Rap,0.234,1.5177,0.0,0.0,0.0,0.0,0.0
36954,Rap_00635,First Day Out,Insane Clown Posse,Rap,0.0244,1.3885,0.0,0.0,0.0,0.0,0.0
36955,Rap_00636,Fly Away,Insane Clown Posse,Rap,0.5474,1.6733,0.0,0.0,0.0,0.0,0.0
36956,Rap_00637,For The Maggots,Insane Clown Posse,Rap,0.1818,1.5538,0.0,0.0,0.0,0.0,0.0
36957,Rap_00638,Ghetto Freak Show,Insane Clown Posse,Rap,0.029,1.5305,0.0,0.0,0.0,0.0,0.0
36958,Rap_00639,Great Milenko,Insane Clown Posse,Rap,0.52,1.7212,0.0,0.0,0.0,0.0,0.0
36959,Rap_00640,Guts On The Ceiling,Insane Clown Posse,Rap,0.0923,1.4092,0.0,0.0,0.0,0.0,0.0
36961,Rap_00641,Haunted Bumps,Insane Clown Posse,Rap,0.3585,1.5411,0.0,0.0,0.0,0.0,0.0
36962,Rap_00642,High Rise,Insane Clown Posse,Rap,0.5357,1.5611,0.0,0.0,0.0,0.0,0.0
36963,Rap_00643,House Of Horrors,Insane Clown Posse,Rap,0.0735,1.5173,0.0,0.0,0.0,0.0,0.0
36964,Rap_00644,House Of Mirrors,Insane Clown Posse,Rap,0.1183,1.4583,0.0,0.0,0.0,0.0,0.0
36966,Rap_00645,How Many Times,Insane Clown Posse,Rap,0.1077,1.5456,0.0,0.0,0.0,0.0,0.0
36967,Rap_00646,Hum Drum Boogie,Insane Clown Posse,Rap,0.6296,1.3088,0.0,0.0,0.0,0.0,0.0
36968,Rap_00647,I Didn't Mean To Kill 'Em,Insane Clown Posse,Rap,0.175,1.3208,0.0,0.0,0.0,0.0,0.0
36969,Rap_00648,I Do This!,Insane Clown Posse,Rap,0.3667,1.4257,0.0,0.0,0.0,0.0,0.0
36970,Rap_00649,I Stuck Her With My Wang,Insane Clown Posse,Rap,0.2368,1.4683,0.0,0.0,0.0,0.0,0.0
36971,Rap_00650,It Rains Diamonds,Insane Clown Posse,Rap,0.359,1.559,0.0,0.0,0.0,0.0,0.0
36972,Rap_00651,It's All Over,Insane Clown Posse,Rap,0.0972,1.685,0.0,0.0,0.0,0.0,0.0
36973,Rap_00652,It's Time,Insane Clown Posse,Rap,0.172,1.616,0.0,0.0,0.0,0.0,0.0
36974,Rap_00653,Jack Jeckel,Insane Clown Posse,Rap,0.2143,1.7321,0.0,0.0,0.0,0.0,0.0
36977,Rap_00654,Juggalo Family,Insane Clown Posse,Rap,0.2133,1.6691,0.0,0.0,0.0,0.0,0.0
36978,Rap_00655,Juggalo Paradise,Insane Clown Posse,Rap,0.1045,1.6045,0.0,0.0,0.0,0.0,0.0
36979,Rap_00656,Juggla,Insane Clown Posse,Rap,0.0306,1.4677,0.0,0.0,0.0,0.0,0.0
36980,Rap_00657,Jump Around,Insane Clown Posse,Rap,0.4524,1.3144,0.0,0.0,0.0,0.0,0.0
36983,Rap_00658,Love Song,Insane Clown Posse,Rap,0.029,1.4379,0.0,0.0,0.0,0.0,0.0
36984,Rap_00659,Manic Depressive,Insane Clown Posse,Rap,0.2353,1.315,0.0,0.0,0.0,0.0,0.0
36985,Rap_00660,Mental Warp,Insane Clown Posse,Rap,0.0741,1.4696,0.0,0.0,0.0,0.0,0.0
36986,Rap_00661,Miracles,Insane Clown Posse,Rap,0.2556,2.0494,0.0,0.0,0.0,0.0,0.0
36987,Rap_00662,Mr. Johnson's Head,Insane Clown Posse,Rap,0.1233,1.5785,0.0,0.0,0.0,0.0,0.0
36988,Rap_00663,Mr. Rotten Treats,Insane Clown Posse,Rap,0.2162,1.4919,0.0,0.0,0.0,0.0,0.0
36989,Rap_00664,Murder Go Round,Insane Clown Posse,Rap,0.0308,1.4828,0.0,0.0,0.0,0.0,0.0
36990,Rap_00665,My Axe,Insane Clown Posse,Rap,0.557,1.834,0.0,0.0,0.0,0.0,0.0
36992,Rap_00666,My Homie Baby Momma,Insane Clown Posse,Rap,0.5063,1.5593,0.0,0.0,0.0,0.0,0.0
36993,Rap_00667,Neden Game,Insane Clown Posse,Rap,0.0723,1.4983,0.0,0.0,0.0,0.0,0.0
36994,Rap_00668,News At 6 O'clock,Insane Clown Posse,Rap,0.5,1.7225,0.0,0.0,0.0,0.0,0.0
36995,Rap_00669,Oddities,Insane Clown Posse,Rap,0.1628,1.697,0.0,0.0,0.0,0.0,0.0
36996,Rap_00670,Panties,Insane Clown Posse,Rap,1.0,1.2964,0.0,0.0,0.0,0.0,0.0
36997,Rap_00671,Pass Me By,Insane Clown Posse,Rap,0.2073,1.6499,0.0,0.0,0.0,0.0,0.0
36999,Rap_00672,Play My Song,Insane Clown Posse,Rap,0.4898,1.5855,0.0,0.0,0.0,0.0,0.0
37000,Rap_00673,Play With Me,Insane Clown Posse,Rap,0.1,1.6245,0.0,0.0,0.0,0.0,0.0
37001,Rap_00674,Prom Queen,Insane Clown Posse,Rap,0.1471,1.5229,0.0,0.0,0.0,0.0,0.0
37002,Rap_00675,Questions,Insane Clown Posse,Rap,0.1463,1.5114,0.0,0.0,0.0,0.0,0.0
37003,Rap_00676,Radio Stars,Insane Clown Posse,Rap,0.0759,1.6141,0.0,0.0,0.0,0.0,0.0
37004,Rap_00677,Rainbows And Stuff,Insane Clown Posse,Rap,0.1163,1.5735,0.0,0.0,0.0,0.0,0.0
37005,Rap_00678,Real Underground Baby,Insane Clown Posse,Rap,0.8068,1.6044,0.0,0.0,0.0,0.0,0.0
37006,Rap_00679,Red Neck Hoe,Insane Clown Posse,Rap,0.1,1.3224,0.0,0.0,0.0,0.0,0.0
37007,Rap_00680,Riddle Box,Insane Clown Posse,Rap,0.1224,2.2541,0.0,0.0,0.0,0.0,0.0
37008,Rap_00681,Ride The Tempest,Insane Clown Posse,Rap,0.3265,1.6035,0.0,0.0,0.0,0.0,0.0
37009,Rap_00682,Ringmaster's Word,Insane Clown Posse,Rap,0.9429,2.3048,0.0,0.0,0.0,0.0,0.0
37010,Rap_00683,Rock The Dead,Insane Clown Posse,Rap,0.2128,1.4482,0.0,0.0,0.0,0.0,0.0
37012,Rap_00684,Rosemary,Insane Clown Posse,Rap,0.0536,1.5739,0.0,0.0,0.0,0.0,0.0
37013,Rap_00685,Santa Killas,Insane Clown Posse,Rap,0.1818,1.4718,0.0,0.0,0.0,0.0,0.0
37014,Rap_00686,Scatter Brain,Insane Clown Posse,Rap,0.1452,1.6609,0.0,0.0,0.0,0.0,0.0
37015,Rap_00687,Sedatives,Insane Clown Posse,Rap,0.2174,2.1102,0.0,0.0,0.0,0.0,0.0
4508,Rap_00688,6 Man,Drake,Rap,0.3111,1.3491,0.0,0.0,0.0,0.0,0.0
4509,Rap_00689,Believe It Or Not,Drake,Rap,0.2326,1.5435,0.0,0.0,0.0,0.0,0.0
4510,Rap_00690,Best I Ever Had,Drake,Rap,0.4545,1.4797,0.0,0.0,0.0,0.0,0.0
4511,Rap_00691,Brand New,Drake,Rap,0.2258,1.4708,0.0,0.0,0.0,0.0,0.0
4512,Rap_00692,Cameras,Drake,Rap,0.45,1.5484,0.0,0.0,0.0,0.0,0.0
4513,Rap_00693,Come Thru,Drake,Rap,0.3448,1.276,0.0,0.0,0.0,0.0,0.0
4514,Rap_00694,Enough Said,Drake,Rap,0.4865,1.4626,0.0,0.0,0.0,0.0,0.0
4515,Rap_00695,Furthest Thing,Drake,Rap,0.4222,1.5523,0.0,0.0,0.0,0.0,0.0
4516,Rap_00696,Headlines,Drake,Rap,0.1224,1.5405,0.0,0.0,0.0,0.0,0.0
4517,Rap_00697,Hold On We're Going Home And From Time,Drake,Rap,0.3506,1.6161,0.0,0.0,0.0,0.0,0.0
4518,Rap_00698,HYFR,Drake,Rap,0.398,1.4825,0.0,0.0,0.0,0.0,0.0
4519,Rap_00699,I'm Ready For You,Drake,Rap,0.4225,1.5618,0.0,0.0,0.0,0.0,0.0
4520,Rap_00700,I'm Still Fly,Drake,Rap,0.2759,1.5217,0.0,0.0,0.0,0.0,0.0
4521,Rap_00701,Independent Queen,Drake,Rap,0.5179,1.5586,0.0,0.0,0.0,0.0,0.0
4523,Rap_00702,Karaoke,Drake,Rap,0.1818,1.7028,0.0,0.0,0.0,0.0,0.0
4524,Rap_00703,Know Yourself,Drake,Rap,0.2597,1.4748,0.0,0.0,0.0,0.0,0.0
4525,Rap_00704,Light Up,Drake,Rap,0.2024,1.4909,0.0,0.0,0.0,0.0,0.0
4526,Rap_00705,Make Me Proud,Drake,Rap,0.1639,1.4793,0.0,0.0,0.0,0.0,0.0
4527,Rap_00706,Messages From You,Drake,Rap,0.9362,1.4191,0.0,0.0,0.0,0.0,0.0
4528,Rap_00707,My Side,Drake,Rap,0.25,1.3952,0.0,0.0,0.0,0.0,0.0
4529,Rap_00708,No Tellin',Drake,Rap,0.4157,1.505,0.0,0.0,0.0,0.0,0.0
4530,Rap_00709,Pop Style,Drake,Rap,0.2692,1.5658,0.0,0.0,0.0,0.0,0.0
4531,Rap_00710,Preach,Drake,Rap,0.087,1.6061,0.0,0.0,0.0,0.0,0.0
4532,Rap_00711,Replacement Girl,Drake,Rap,0.1087,1.5088,0.0,0.0,0.0,0.0,0.0
4533,Rap_00712,Right Hand,Drake,Rap,0.4259,1.4423,0.0,0.0,0.0,0.0,0.0
4534,Rap_00713,Runaway Girl,Drake,Rap,0.375,1.4674,0.0,0.0,0.0,0.0,0.0
4536,Rap_00714,Still Here,Drake,Rap,0.2745,1.3523,0.0,0.0,0.0,0.0,0.0
4537,Rap_00715,Stunt Hard,Drake,Rap,0.1301,1.4869,0.0,0.0,0.0,0.0,0.0
4538,Rap_00716,Stunt On You,Drake,Rap,0.1538,1.4117,0.0,0.0,0.0,0.0,0.0
4539,Rap_00717,Sweeterman (Remix),Drake,Rap,0.4247,1.4113,0.0,0.0,0.0,0.0,0.0
4540,Rap_00718,Take Care,Drake,Rap,0.2182,1.4027,0.0,0.0,0.0,0.0,0.0
4541,Rap_00719,The Language,Drake,Rap,0.2623,1.5764,0.0,0.0,0.0,0.0,0.0
4542,Rap_00720,The Resistance,Drake,Rap,0.0656,1.5279,0.0,0.0,0.0,0.0,0.0
4543,Rap_00721,The Search,Drake,Rap,0.1446,1.5364,0.0,0.0,0.0,0.0,0.0
4544,Rap_00722,Trust Issues,Drake,Rap,0.3478,1.4037,0.0,0.0,0.0,0.0,0.0
4546,Rap_00723,Unforgettable,Drake,Rap,0.2712,1.5211,0.0,0.0,0.0,0.0,0.0
4547,Rap_00724,Up All Night,Drake,Rap,0.3043,1.388,0.0,0.0,0.0,0.0,0.0
4548,Rap_00725,Wednesday Night Interlude,Drake,Rap,0.2222,1.6764,0.0,0.0,0.0,0.0,0.0
4549,Rap_00726,What If I Kissed You,Drake,Rap,0.5641,1.4688,0.0,0.0,0.0,0.0,0.0
4550,Rap_00727,Where Were You,Drake,Rap,0.4394,1.8199,0.0,0.0,0.0,0.0,0.0
30444,Rap_00728,10 Bands,Drake,Rap,0.4839,1.4255,0.0,0.0,0.0,0.0,0.0
30445,Rap_00729,305 To My City,Drake,Rap,0.4918,1.3759,0.0,0.0,0.0,0.0,0.0
30446,Rap_00730,6 God,Drake,Rap,0.2203,1.3407,0.0,0.0,0.0,0.0,0.0
30447,Rap_00731,9,Drake,Rap,0.2759,1.4153,0.0,0.0,0.0,0.0,0.0
30450,Rap_00732,A Night Off,Drake,Rap,0.4103,1.3339,0.0,0.0,0.0,0.0,0.0
30451,Rap_00733,About The Game (Remix),Drake,Rap,0.6047,1.3647,0.0,0.0,0.0,0.0,0.0
30452,Rap_00734,A.M. 2 P.M.,Drake,Rap,0.4054,1.4369,0.0,0.0,0.0,0.0,0.0
30454,Rap_00735,Back To Back,Drake,Rap,0.0667,1.4103,0.0,0.0,0.0,0.0,0.0
30455,Rap_00736,Bar Mitzvah In 1999,Drake,Rap,0.0769,1.799,0.0,0.0,0.0,0.0,0.0
30456,Rap_00737,Connect,Drake,Rap,0.1754,1.671,0.0,0.0,0.0,0.0,0.0
30457,Rap_00738,Do It All,Drake,Rap,0.5217,1.6601,0.0,0.0,0.0,0.0,0.0
30459,Rap_00739,Do What You Do,Drake,Rap,0.5694,1.5394,0.0,0.0,0.0,0.0,0.0
30460,Rap_00740,Doing It Wrong,Drake,Rap,0.6757,1.4409,0.0,0.0,0.0,0.0,0.0
30461,Rap_00741,Dreams Money Can Buy,Drake,Rap,0.2154,1.513,0.0,0.0,0.0,0.0,0.0
30462,Rap_00742,Fake Love,Drake,Rap,0.7313,1.2844,0.0,0.0,0.0,0.0,0.0
30463,Rap_00743,Fear,Drake,Rap,0.2871,1.6115,0.0,0.0,0.0,0.0,0.0
30464,Rap_00744,Feel No Ways,Drake,Rap,0.7021,1.4433,0.0,0.0,0.0,0.0,0.0
30465,Rap_00745,Find Your Love,Drake,Rap,0.6964,1.4167,0.0,0.0,0.0,0.0,0.0
30466,Rap_00746,Fireworks,Drake,Rap,0.338,1.6796,0.0,0.0,0.0,0.0,0.0
30467,Rap_00747,Free Spirit,Drake,Rap,0.3699,1.3497,0.0,0.0,0.0,0.0,0.0
30468,Rap_00748,Friends With Money,Drake,Rap,0.5,1.5257,0.0,0.0,0.0,0.0,0.0
30469,Rap_00749,Girls Love Beyonce,Drake,Rap,0.2105,1.4384,0.0,0.0,0.0,0.0,0.0
30471,Rap_00750,Gonorrhea,Drake,Rap,0.1143,1.4655,0.0,0.0,0.0,0.0,0.0
30472,Rap_00751,Good Ones Go,Drake,Rap,0.2667,1.3128,0.0,0.0,0.0,0.0,0.0
30473,Rap_00752,Grammys,Drake,Rap,0.3889,1.4771,0.0,0.0,0.0,0.0,0.0
30474,Rap_00753,Hold On We're Going Home,Drake,Rap,0.8571,1.5095,0.0,0.0,0.0,0.0,0.0
30475,Rap_00754,Hotline Bling,Drake,Rap,0.4658,1.4884,0.0,0.0,0.0,0.0,0.0
30476,Rap_00755,How About Now,Drake,Rap,0.3404,1.3935,0.0,0.0,0.0,0.0,0.0
30477,Rap_00756,Hype,Drake,Rap,0.3256,1.5564,0.0,0.0,0.0,0.0,0.0
30478,Rap_00757,It's Been A Pleasure,Drake,Rap,0.1184,1.6381,0.0,0.0,0.0,0.0,0.0
30479,Rap_00758,July,Drake,Rap,0.0741,1.7512,0.0,0.0,0.0,0.0,0.0
30480,Rap_00759,Legend,Drake,Rap,0.6269,1.4169,0.0,0.0,0.0,0.0,0.0
30481,Rap_00760,Lets Call It Off,Drake,Rap,0.4375,1.5298,0.0,0.0,0.0,0.0,0.0
30482,Rap_00761,Lust For Life,Drake,Rap,0.0541,1.3615,0.0,0.0,0.0,0.0,0.0
30483,Rap_00762,Madonna,Drake,Rap,0.5143,1.3795,0.0,0.0,0.0,0.0,0.0
30484,Rap_00763,Marvins Room,Drake,Rap,0.2838,1.4049,0.0,0.0,0.0,0.0,0.0
30486,Rap_00764,Nothing Was The Same,Drake,Rap,0.0702,1.5057,0.0,0.0,0.0,0.0,0.0
30487,Rap_00765,Notice Me,Drake,Rap,0.2727,1.5077,0.0,0.0,0.0,0.0,0.0
30488,Rap_00766,November 18th,Drake,Rap,0.1026,1.4653,0.0,0.0,0.0,0.0,0.0
30489,Rap_00767,One Dance (Remix),Drake,Rap,0.4255,1.4521,0.0,0.0,0.0,0.0,0.0
30490,Rap_00768,Over,Drake,Rap,0.5541,1.3898,0.0,0.0,0.0,0.0,0.0
30491,Rap_00769,Over My Dead Body,Drake,Rap,0.1493,1.4564,0.0,0.0,0.0,0.0,0.0
30492,Rap_00770,Own It,Drake,Rap,0.5294,1.3123,0.0,0.0,0.0,0.0,0.0
30493,Rap_00771,Paris Morton Music,Drake,Rap,0.3671,1.5411,0.0,0.0,0.0,0.0,0.0
30494,Rap_00772,Poetic Justice,Drake,Rap,0.1266,1.5921,0.0,0.0,0.0,0.0,0.0
30495,Rap_00773,Practice,Drake,Rap,0.5873,1.3861,0.0,0.0,0.0,0.0,0.0
30496,Rap_00774,Redemption,Drake,Rap,0.2277,1.5825,0.0,0.0,0.0,0.0,0.0
30497,Rap_00775,Same Mistakes,Drake,Rap,0.1429,1.5459,0.0,0.0,0.0,0.0,0.0
30498,Rap_00776,Shot For Me,Drake,Rap,0.1304,1.5138,0.0,0.0,0.0,0.0,0.0
30499,Rap_00777,Show Me A Good Time,Drake,Rap,0.3276,1.371,0.0,0.0,0.0,0.0,0.0
30500,Rap_00778,Side Pieces,Drake,Rap,0.1714,1.5277,0.0,0.0,0.0,0.0,0.0
30501,Rap_00779,Six God,Drake,Rap,0.2281,1.3227,0.0,0.0,0.0,0.0,0.0
30502,Rap_00780,Slow It Down,Drake,Rap,0.6042,1.409,0.0,0.0,0.0,0.0,0.0
30503,Rap_00781,Sneakin',Drake,Rap,0.3452,1.5581,0.0,0.0,0.0,0.0,0.0
30504,Rap_00782,Something,Drake,Rap,0.5122,1.5962,0.0,0.0,0.0,0.0,0.0
30505,Rap_00783,Sooner Than Later,Drake,Rap,0.3023,1.6892,0.0,0.0,0.0,0.0,0.0
30506,Rap_00784,Star67,Drake,Rap,0.1795,1.5313,0.0,0.0,0.0,0.0,0.0
30507,Rap_00785,The Winner,Drake,Rap,0.3163,1.5729,0.0,0.0,0.0,0.0,0.0
30508,Rap_00786,These Days,Drake,Rap,0.4,1.3657,0.0,0.0,0.0,0.0,0.0
30509,Rap_00787,Think Good Thoughts,Drake,Rap,0.3333,1.5179,0.0,0.0,0.0,0.0,0.0
30510,Rap_00788,Thrill Is Gone,Drake,Rap,0.2135,1.6099,0.0,0.0,0.0,0.0,0.0
30511,Rap_00789,Too Much,Drake,Rap,0.2909,1.3138,0.0,0.0,0.0,0.0,0.0
30512,Rap_00790,U With Me?,Drake,Rap,0.2353,1.4507,0.0,0.0,0.0,0.0,0.0
30513,Rap_00791,Under Ground Kings,Drake,Rap,0.1481,1.5042,0.0,0.0,0.0,0.0,0.0
30514,Rap_00792,Unstoppable,Drake,Rap,0.1216,1.6401,0.0,0.0,0.0,0.0,0.0
30515,Rap_00793,Uptown,Drake,Rap,0.2917,1.516,0.0,0.0,0.0,0.0,0.0
30516,Rap_00794,We Made It Freestyle,Drake,Rap,0.3218,1.4508,0.0,0.0,0.0,0.0,0.0
30517,Rap_00795,We'll Be Fine,Drake,Rap,0.1695,1.5003,0.0,0.0,0.0,0.0,0.0
14067,Rap_00796,All Things Go,Nicki Minaj,Rap,0.4091,1.4477,0.0,0.0,0.0,0.0,0.0
14068,Rap_00797,Big Daddy,Nicki Minaj,Rap,0.5195,1.3345,0.0,0.0,0.0,0.0,0.0
14069,Rap_00798,Check It Out,Nicki Minaj,Rap,0.5288,1.4472,0.0,0.0,0.0,0.0,0.0
14070,Rap_00799,Dang A Lang,Nicki Minaj,Rap,0.3077,1.5739,0.0,0.0,0.0,0.0,0.0
14071,Rap_00800,Dear Old Nicki,Nicki Minaj,Rap,0.3393,1.6611,0.0,0.0,0.0,0.0,0.0
14073,Rap_00801,Fly,Nicki Minaj,Rap,0.25,1.671,0.0,0.0,0.0,0.0,0.0
14074,Rap_00802,Get On Your Knees,Nicki Minaj,Rap,0.5789,1.4883,0.0,0.0,0.0,0.0,0.0
14075,Rap_00803,Higher Than A Kite,Nicki Minaj,Rap,0.1864,1.4779,0.0,0.0,0.0,0.0,0.0
14076,Rap_00804,Itty Bitty Piggy,Nicki Minaj,Rap,0.1194,1.4687,0.0,0.0,0.0,0.0,0.0
14077,Rap_00805,Masquerade,Nicki Minaj,Rap,0.5738,1.7798,0.0,0.0,0.0,0.0,0.0
14078,Rap_00806,Massive Attack,Nicki Minaj,Rap,0.4247,1.514,0.0,0.0,0.0,0.0,0.0
14079,Rap_00807,Pound The Alarm,Nicki Minaj,Rap,0.5455,1.4103,0.0,0.0,0.0,0.0,0.0
14080,Rap_00808,Put You In A Room,Nicki Minaj,Rap,0.1471,1.3302,0.0,0.0,0.0,0.0,0.0
14081,Rap_00809,Real Pimpin',Nicki Minaj,Rap,0.5,1.3749,0.0,0.0,0.0,0.0,0.0
14082,Rap_00810,Right Through Me,Nicki Minaj,Rap,0.2747,1.4129,0.0,0.0,0.0,0.0,0.0
14083,Rap_00811,Roman Holiday,Nicki Minaj,Rap,0.5556,1.7377,0.0,0.0,0.0,0.0,0.0
14084,Rap_00812,Roman In Moscow,Nicki Minaj,Rap,0.25,1.544,0.0,0.0,0.0,0.0,0.0
14086,Rap_00813,Shopaholic,Nicki Minaj,Rap,0.0926,1.5321,0.0,0.0,0.0,0.0,0.0
14088,Rap_00814,Still I Rise,Nicki Minaj,Rap,0.2963,1.5462,0.0,0.0,0.0,0.0,0.0
14090,Rap_00815,Tempo,Nicki Minaj,Rap,0.4242,1.5491,0.0,0.0,0.0,0.0,0.0
14091,Rap_00816,Trini Dem Girls,Nicki Minaj,Rap,0.4231,1.44,0.0,0.0,0.0,0.0,0.0
14092,Rap_00817,Wave Ya Hand,Nicki Minaj,Rap,0.2444,1.57,0.0,0.0,0.0,0.0,0.0
14093,Rap_00818,WhatChu Know Bout Me,Nicki Minaj,Rap,0.1556,1.4543,0.0,0.0,0.0,0.0,0.0
14094,Rap_00819,Where Dem Girls At,Nicki Minaj,Rap,0.4118,1.3462,0.0,0.0,0.0,0.0,0.0
14096,Rap_00820,Yasss Bish,Nicki Minaj,Rap,0.4578,1.2851,0.0,0.0,0.0,0.0,0.0
45715,Rap_00821,Ain't Gone Do It,Nicki Minaj,Rap,0.8019,1.3134,0.0,0.0,0.0,0.0,0.0
45716,Rap_00822,Automatic,Nicki Minaj,Rap,0.3265,1.985,0.0,0.0,0.0,0.0,0.0
45718,Rap_00823,Barbie World Intro,Nicki Minaj,Rap,0.1705,1.4618,0.0,0.0,0.0,0.0,0.0
45719,Rap_00824,Bed Of Lies,Nicki Minaj,Rap,0.5,1.541,0.0,0.0,0.0,0.0,0.0
45720,Rap_00825,Blazin',Nicki Minaj,Rap,0.0897,1.5797,0.0,0.0,0.0,0.0,0.0
45721,Rap_00826,Born To Be Wild,Nicki Minaj,Rap,0.6269,1.3565,0.0,0.0,0.0,0.0,0.0
45722,Rap_00827,Can Anybody Hear Me,Nicki Minaj,Rap,0.087,1.5737,0.0,0.0,0.0,0.0,0.0
45723,Rap_00828,"Can't Stop, Won't Stop",Nicki Minaj,Rap,0.25,1.3606,0.0,0.0,0.0,0.0,0.0
45724,Rap_00829,Catch Me,Nicki Minaj,Rap,0.5067,1.6803,0.0,0.0,0.0,0.0,0.0
45725,Rap_00830,Chi-Raq,Nicki Minaj,Rap,0.2128,1.464,0.0,0.0,0.0,0.0,0.0
45726,Rap_00831,Did It On 'Em,Nicki Minaj,Rap,0.2857,1.4925,0.0,0.0,0.0,0.0,0.0
45728,Rap_00832,Doin' It Well,Nicki Minaj,Rap,0.0465,1.6674,0.0,0.0,0.0,0.0,0.0
45729,Rap_00833,Favorite,Nicki Minaj,Rap,0.274,1.6016,0.0,0.0,0.0,0.0,0.0
45730,Rap_00834,Feel Inside,Nicki Minaj,Rap,0.3208,1.4712,0.0,0.0,0.0,0.0,0.0
45731,Rap_00835,Four Door Aventador,Nicki Minaj,Rap,0.1333,1.556,0.0,0.0,0.0,0.0,0.0
45732,Rap_00836,Girlfriend,Nicki Minaj,Rap,0.0377,1.5855,0.0,0.0,0.0,0.0,0.0
45733,Rap_00837,Grand Piano,Nicki Minaj,Rap,0.25,1.4393,0.0,0.0,0.0,0.0,0.0
45734,Rap_00838,Grinding Gettin Money,Nicki Minaj,Rap,1.0,1.5679,0.0,0.0,0.0,0.0,0.0
45737,Rap_00839,Hello Good Morning,Nicki Minaj,Rap,0.2159,1.4603,0.0,0.0,0.0,0.0,0.0
45738,Rap_00840,Here I Am,Nicki Minaj,Rap,0.4286,1.4303,0.0,0.0,0.0,0.0,0.0
45740,Rap_00841,I Get Crazy,Nicki Minaj,Rap,0.22,1.6014,0.0,0.0,0.0,0.0,0.0
45741,Rap_00842,I'm the best,Nicki Minaj,Rap,0.2,1.4694,0.0,0.0,0.0,0.0,0.0
45742,Rap_00843,Last Chance,Nicki Minaj,Rap,0.303,1.474,0.0,0.0,0.0,0.0,0.0
45743,Rap_00844,Letcha Go,Nicki Minaj,Rap,0.2857,1.4471,0.0,0.0,0.0,0.0,0.0
45746,Rap_00845,Moment 4 Life,Nicki Minaj,Rap,0.1719,1.6901,0.0,0.0,0.0,0.0,0.0
45747,Rap_00846,Mona Lisa,Nicki Minaj,Rap,0.4783,1.2796,0.0,0.0,0.0,0.0,0.0
45748,Rap_00847,Muny,Nicki Minaj,Rap,0.25,2.0016,0.0,0.0,0.0,0.0,0.0
45749,Rap_00848,Murda Murda,Nicki Minaj,Rap,0.0864,1.4723,0.0,0.0,0.0,0.0,0.0
45750,Rap_00849,Ponytail,Nicki Minaj,Rap,0.1333,1.5114,0.0,0.0,0.0,0.0,0.0
45752,Rap_00850,Right By My Side,Nicki Minaj,Rap,0.519,1.4001,0.0,0.0,0.0,0.0,0.0
45753,Rap_00851,Roman's Revenge 2,Nicki Minaj,Rap,0.175,1.522,0.0,0.0,0.0,0.0,0.0
45754,Rap_00852,Save Me,Nicki Minaj,Rap,0.6579,1.4922,0.0,0.0,0.0,0.0,0.0
45755,Rap_00853,See The Stars,Nicki Minaj,Rap,0.48,1.5877,0.0,0.0,0.0,0.0,0.0
45757,Rap_00854,Supa Hot,Nicki Minaj,Rap,0.1667,1.2306,0.0,0.0,0.0,0.0,0.0
45758,Rap_00855,Super Bass,Nicki Minaj,Rap,0.5696,1.4459,0.0,0.0,0.0,0.0,0.0
45759,Rap_00856,Take It Off,Nicki Minaj,Rap,0.3333,1.294,0.0,0.0,0.0,0.0,0.0
45760,Rap_00857,The Boys,Nicki Minaj,Rap,0.3678,1.4075,0.0,0.0,0.0,0.0,0.0
45761,Rap_00858,The Crying Game,Nicki Minaj,Rap,0.4688,1.5684,0.0,0.0,0.0,0.0,0.0
45762,Rap_00859,The Night Is Still Young,Nicki Minaj,Rap,0.2273,1.5421,0.0,0.0,0.0,0.0,0.0
45763,Rap_00860,Thinking,Nicki Minaj,Rap,0.2933,1.4645,0.0,0.0,0.0,0.0,0.0
45764,Rap_00861,Top Of The World,Nicki Minaj,Rap,0.3382,1.6051,0.0,0.0,0.0,0.0,0.0
45766,Rap_00862,Up In Flames,Nicki Minaj,Rap,0.2075,1.6665,0.0,0.0,0.0,0.0,0.0
45767,Rap_00863,Va Va Voom,Nicki Minaj,Rap,0.6027,1.3358,0.0,0.0,0.0,0.0,0.0
45768,Rap_00864,Want Some More,Nicki Minaj,Rap,0.2333,1.4623,0.0,0.0,0.0,0.0,0.0
45769,Rap_00865,We Miss You,Nicki Minaj,Rap,0.1935,1.4731,0.0,0.0,0.0,0.0,0.0
45770,Rap_00866,Whip It,Nicki Minaj,Rap,0.617,1.3199,0.0,0.0,0.0,0.0,0.0
45771,Rap_00867,Win Again,Nicki Minaj,Rap,0.0968,1.6631,0.0,0.0,0.0,0.0,0.0
45772,Rap_00868,Your Love,Nicki Minaj,Rap,0.3091,1.4337,0.0,0.0,0.0,0.0,0.0
16105,Rap_00869,Be Alone No,Pitbull,Rap,0.5806,1.8606,0.0,0.0,0.0,0.0,0.0
16106,Rap_00870,Be Quiet,Pitbull,Rap,0.2564,1.3467,0.0,0.0,0.0,0.0,0.0
16107,Rap_00871,Blood Is Thicker Than Water,Pitbull,Rap,0.1408,1.5666,0.0,0.0,0.0,0.0,0.0
16108,Rap_00872,Break It Down,Pitbull,Rap,0.2581,1.3071,0.0,0.0,0.0,0.0,0.0
16109,Rap_00873,Calle Ocho,Pitbull,Rap,0.8025,1.3567,0.0,0.0,0.0,0.0,0.0
16110,Rap_00874,Come N Go,Pitbull,Rap,0.5625,1.2481,0.0,0.0,0.0,0.0,0.0
16111,Rap_00875,Culo,Pitbull,Rap,0.4925,1.6684,0.0,0.0,0.0,0.0,0.0
16112,Rap_00876,Dark Horse Remix,Pitbull,Rap,0.2743,1.5406,0.0,0.0,0.0,0.0,0.0
16113,Rap_00877,Fireball,Pitbull,Rap,0.7455,1.7297,0.0,0.0,0.0,0.0,0.0
16114,Rap_00878,Freedom,Pitbull,Rap,0.3968,1.7643,0.0,0.0,0.0,0.0,0.0
16115,Rap_00879,Freek,Pitbull,Rap,0.6667,1.4377,0.0,0.0,0.0,0.0,0.0
16116,Rap_00880,Fun,Pitbull,Rap,0.6267,1.5322,0.0,0.0,0.0,0.0,0.0
16117,Rap_00881,Game On,Pitbull,Rap,0.7536,1.3831,0.0,0.0,0.0,0.0,0.0
16118,Rap_00882,Get On The Floor,Pitbull,Rap,0.4038,1.2885,0.0,0.0,0.0,0.0,0.0
16119,Rap_00883,Give Me Everything,Pitbull,Rap,0.66,1.7137,0.0,0.0,0.0,0.0,0.0
16120,Rap_00884,Hope We Meet Again,Pitbull,Rap,0.6271,1.3883,0.0,0.0,0.0,0.0,0.0
16121,Rap_00885,I Know You Want Me,Pitbull,Rap,0.7807,1.3121,0.0,0.0,0.0,0.0,0.0
16122,Rap_00886,It Must Be Nice,Pitbull,Rap,0.439,1.4632,0.0,0.0,0.0,0.0,0.0
16123,Rap_00887,Jungle Fever,Pitbull,Rap,0.3373,1.5686,0.0,0.0,0.0,0.0,0.0
16124,Rap_00888,Last Night,Pitbull,Rap,0.6786,1.6505,0.0,0.0,0.0,0.0,0.0
16125,Rap_00889,Melting Pot,Pitbull,Rap,0.0211,1.4158,0.0,0.0,0.0,0.0,0.0
16127,Rap_00890,Ordinary Girl,Pitbull,Rap,0.4138,1.409,0.0,0.0,0.0,0.0,0.0
16128,Rap_00891,Raindrops,Pitbull,Rap,0.2769,1.6116,0.0,0.0,0.0,0.0,0.0
16129,Rap_00892,Shake Senora,Pitbull,Rap,0.7302,1.3922,0.0,0.0,0.0,0.0,0.0
16130,Rap_00893,That's Nasty,Pitbull,Rap,0.25,1.4662,0.0,0.0,0.0,0.0,0.0
16132,Rap_00894,Took My Love,Pitbull,Rap,0.3333,1.2436,0.0,0.0,0.0,0.0,0.0
48488,Rap_00895,All 4 Sale,Pitbull,Rap,0.3684,1.2855,0.0,0.0,0.0,0.0,0.0
48489,Rap_00896,All The Things,Pitbull,Rap,0.4576,1.3052,0.0,0.0,0.0,0.0,0.0
48491,Rap_00897,Back Up,Pitbull,Rap,0.3738,1.4483,0.0,0.0,0.0,0.0,0.0
48492,Rap_00898,Bad Man,Pitbull,Rap,0.686,1.6241,0.0,0.0,0.0,0.0,0.0
48493,Rap_00899,Castles Made Of Sand,Pitbull,Rap,0.1622,1.4335,0.0,0.0,0.0,0.0,0.0
48494,Rap_00900,Celebrate,Pitbull,Rap,0.6349,1.6083,0.0,0.0,0.0,0.0,0.0
48495,Rap_00901,Daddy's Little Girl,Pitbull,Rap,0.4352,1.5605,0.0,0.0,0.0,0.0,0.0
48496,Rap_00902,Damn It Man,Pitbull,Rap,0.5152,1.2105,0.0,0.0,0.0,0.0,0.0
48497,Rap_00903,Descarada,Pitbull,Rap,0.3143,1.3919,0.0,0.0,0.0,0.0,0.0
48498,Rap_00904,Don't Stop The Party,Pitbull,Rap,0.6567,1.37,0.0,0.0,0.0,0.0,0.0
48499,Rap_00905,Drinks For You,Pitbull,Rap,0.5231,1.5986,0.0,0.0,0.0,0.0,0.0
48500,Rap_00906,Everybody Fucks,Pitbull,Rap,0.519,1.5866,0.0,0.0,0.0,0.0,0.0
48501,Rap_00907,Fine China,Pitbull,Rap,0.5128,1.8303,0.0,0.0,0.0,0.0,0.0
48502,Rap_00908,Go Girl,Pitbull,Rap,0.4242,1.3145,0.0,0.0,0.0,0.0,0.0
48503,Rap_00909,Hey You Girl,Pitbull,Rap,0.7216,1.2725,0.0,0.0,0.0,0.0,0.0
48504,Rap_00910,Hotel Room Service,Pitbull,Rap,0.3421,1.4977,0.0,0.0,0.0,0.0,0.0
48505,Rap_00911,Hurry Up And Wait,Pitbull,Rap,0.0465,1.3956,0.0,0.0,0.0,0.0,0.0
48507,Rap_00912,It's On,Pitbull,Rap,0.1667,1.5417,0.0,0.0,0.0,0.0,0.0
48508,Rap_00913,Miami Kid,Pitbull,Rap,0.0976,1.5781,0.0,0.0,0.0,0.0,0.0
48509,Rap_00914,Mr. Right Now,Pitbull,Rap,0.4062,1.3536,0.0,0.0,0.0,0.0,0.0
48510,Rap_00915,Mr. Worldwide,Pitbull,Rap,0.2069,1.6451,0.0,0.0,0.0,0.0,0.0
48511,Rap_00916,Oye Baby,Pitbull,Rap,0.7,1.2675,0.0,0.0,0.0,0.0,0.0
48512,Rap_00917,Party Dance,Pitbull,Rap,0.4,1.42,0.0,0.0,0.0,0.0,0.0
48513,Rap_00918,Pause,Pitbull,Rap,0.7667,1.4242,0.0,0.0,0.0,0.0,0.0
48514,Rap_00919,Pearly Gates,Pitbull,Rap,0.3016,1.5652,0.0,0.0,0.0,0.0,0.0
48515,Rap_00920,Secret Admirer,Pitbull,Rap,0.3867,1.4447,0.0,0.0,0.0,0.0,0.0
48516,Rap_00921,Shake It Up,Pitbull,Rap,0.5538,1.3548,0.0,0.0,0.0,0.0,0.0
48517,Rap_00922,Shake Senorita,Pitbull,Rap,0.4211,1.5481,0.0,0.0,0.0,0.0,0.0
48518,Rap_00923,Shame,Pitbull,Rap,0.878,1.259,0.0,0.0,0.0,0.0,0.0
48519,Rap_00924,She's Freaky,Pitbull,Rap,0.0909,1.2,0.0,0.0,0.0,0.0,0.0
48520,Rap_00925,She's Hotter,Pitbull,Rap,0.1837,1.4351,0.0,0.0,0.0,0.0,0.0
48521,Rap_00926,Shut It Down,Pitbull,Rap,0.6212,1.3224,0.0,0.0,0.0,0.0,0.0
48522,Rap_00927,Slow,Pitbull,Rap,0.7209,1.3043,0.0,0.0,0.0,0.0,0.0
48523,Rap_00928,Something For The DJ's,Pitbull,Rap,0.7876,1.1684,0.0,0.0,0.0,0.0,0.0
48524,Rap_00929,Sticky,Pitbull,Rap,0.25,1.4668,0.0,0.0,0.0,0.0,0.0
48525,Rap_00930,Timber,Pitbull,Rap,0.6774,1.5344,0.0,0.0,0.0,0.0,0.0
48526,Rap_00931,Toma,Pitbull,Rap,0.55,1.4885,0.0,0.0,0.0,0.0,0.0
48527,Rap_00932,We Don't Care Bout Ya,Pitbull,Rap,0.0392,1.4308,0.0,0.0,0.0,0.0,0.0
48528,Rap_00933,We Run The Night,Pitbull,Rap,0.2391,1.3674,0.0,0.0,0.0,0.0,0.0
48530,Rap_00934,Wild Wild Love,Pitbull,Rap,0.5802,1.4296,0.0,0.0,0.0,0.0,0.0
15217,Rap_00935,85,Outkast,Rap,0.0541,1.6473,0.0,0.0,0.0,0.0,0.0
15218,Rap_00936,A Bad Note,Outkast,Rap,0.9412,1.0588,0.0,0.0,0.0,0.0,0.0
15219,Rap_00937,All N My Grill,Outkast,Rap,0.2346,1.4083,0.0,0.0,0.0,0.0,0.0
15220,Rap_00938,Atliens,Outkast,Rap,0.338,1.4684,0.0,0.0,0.0,0.0,0.0
15221,Rap_00939,Babylon,Outkast,Rap,0.0417,1.4706,0.0,0.0,0.0,0.0,0.0
15222,Rap_00940,Behold A Lady,Outkast,Rap,0.0833,1.5498,0.0,0.0,0.0,0.0,0.0
15223,Rap_00941,Bowtie,Outkast,Rap,0.0732,1.7026,0.0,0.0,0.0,0.0,0.0
15224,Rap_00942,Buggface,Outkast,Rap,0.25,1.6712,0.0,0.0,0.0,0.0,0.0
15225,Rap_00943,Bust,Outkast,Rap,0.0667,1.6245,0.0,0.0,0.0,0.0,0.0
15227,Rap_00944,Church,Outkast,Rap,0.2222,1.9367,0.0,0.0,0.0,0.0,0.0
15230,Rap_00945,D.F. (Interlude),Outkast,Rap,0.16,1.5733,0.0,0.0,0.0,0.0,0.0
15231,Rap_00946,Dirt Work,Outkast,Rap,0.0714,1.415,0.0,0.0,0.0,0.0,0.0
15232,Rap_00947,Elevators (Me And You),Outkast,Rap,0.3288,1.6261,0.0,0.0,0.0,0.0,0.0
15233,Rap_00948,E.T. (Extraterrestrial),Outkast,Rap,0.0328,1.6269,0.0,0.0,0.0,0.0,0.0
15236,Rap_00949,Funky Ride,Outkast,Rap,0.1667,1.6195,0.0,0.0,0.0,0.0,0.0
15237,Rap_00950,Gasoline Dreams,Outkast,Rap,0.4267,1.6682,0.0,0.0,0.0,0.0,0.0
15238,Rap_00951,Get Rich To This,Outkast,Rap,0.3529,1.5627,0.0,0.0,0.0,0.0,0.0
15239,Rap_00952,Ghettomusick,Outkast,Rap,0.4107,1.5082,0.0,0.0,0.0,0.0,0.0
15241,Rap_00953,Gonna Be Fine,Outkast,Rap,0.037,1.5049,0.0,0.0,0.0,0.0,0.0
15243,Rap_00954,Greatest Show On Earth,Outkast,Rap,0.125,1.2918,0.0,0.0,0.0,0.0,0.0
15244,Rap_00955,"Greatest Show On Earth - Macy Gray, OutKast",Outkast,Rap,0.0952,1.4063,0.0,0.0,0.0,0.0,0.0
15245,Rap_00956,Half Man Half Machine,Outkast,Rap,0.2297,1.5374,0.0,0.0,0.0,0.0,0.0
15246,Rap_00957,Happy Valentine's Day,Outkast,Rap,0.1549,1.6254,0.0,0.0,0.0,0.0,0.0
15247,Rap_00958,Hey Ya,Outkast,Rap,0.2698,1.48,0.0,0.0,0.0,0.0,0.0
15248,Rap_00959,"Hold On, Be Strong",Outkast,Rap,0.3409,1.401,0.0,0.0,0.0,0.0,0.0
15249,Rap_00960,Hootie Hoo,Outkast,Rap,0.0606,1.4826,0.0,0.0,0.0,0.0,0.0
15250,Rap_00961,Idlewild Blue,Outkast,Rap,0.4423,1.4047,0.0,0.0,0.0,0.0,0.0
15251,Rap_00962,I'll Call Before I Come,Outkast,Rap,0.1148,1.4602,0.0,0.0,0.0,0.0,0.0
15252,Rap_00963,In Da Wind,Outkast,Rap,0.0889,1.574,0.0,0.0,0.0,0.0,0.0
15253,Rap_00964,In Your Dreams,Outkast,Rap,0.2727,1.4817,0.0,0.0,0.0,0.0,0.0
15256,Rap_00965,It's OK,Outkast,Rap,0.3137,1.4157,0.0,0.0,0.0,0.0,0.0
15257,Rap_00966,Knowing,Outkast,Rap,0.2245,1.598,0.0,0.0,0.0,0.0,0.0
15258,Rap_00967,Land Of A Million Drums,Outkast,Rap,0.2456,1.5443,0.0,0.0,0.0,0.0,0.0
15259,Rap_00968,Life Is Like A Musical,Outkast,Rap,0.3333,1.4766,0.0,0.0,0.0,0.0,0.0
15260,Rap_00969,Love And War,Outkast,Rap,0.625,1.533,0.0,0.0,0.0,0.0,0.0
15261,Rap_00970,Love Hater,Outkast,Rap,0.2857,1.7632,0.0,0.0,0.0,0.0,0.0
15262,Rap_00971,Love In War,Outkast,Rap,0.2353,1.5585,0.0,0.0,0.0,0.0,0.0
15263,Rap_00972,Makes No Sense At All,Outkast,Rap,0.0714,1.6005,0.0,0.0,0.0,0.0,0.0
15264,Rap_00973,Millenium,Outkast,Rap,0.1961,1.5817,0.0,0.0,0.0,0.0,0.0
15265,Rap_00974,Morris Brown,Outkast,Rap,0.2857,1.5407,0.0,0.0,0.0,0.0,0.0
15266,Rap_00975,Mutron Angel,Outkast,Rap,0.2,1.6944,0.0,0.0,0.0,0.0,0.0
15267,Rap_00976,My Favorite Things,Outkast,Rap,0.0755,1.4425,0.0,0.0,0.0,0.0,0.0
15270,Rap_00977,Neck Uv Da Woods,Outkast,Rap,0.0247,1.4679,0.0,0.0,0.0,0.0,0.0
15272,Rap_00978,Pink And Blue,Outkast,Rap,0.4615,1.6721,0.0,0.0,0.0,0.0,0.0
15273,Rap_00979,Player's Ball,Outkast,Rap,0.1818,1.4836,0.0,0.0,0.0,0.0,0.0
15274,Rap_00980,Prototype,Outkast,Rap,0.1111,1.6236,0.0,0.0,0.0,0.0,0.0
15275,Rap_00981,Reset,Outkast,Rap,0.3523,1.663,0.0,0.0,0.0,0.0,0.0
15276,Rap_00982,Rosa Parks,Outkast,Rap,0.4364,1.4796,0.0,0.0,0.0,0.0,0.0
15277,Rap_00983,Roses,Outkast,Rap,0.4,1.513,0.0,0.0,0.0,0.0,0.0
15278,Rap_00984,She Lives In My Lap,Outkast,Rap,0.069,1.4577,0.0,0.0,0.0,0.0,0.0
15279,Rap_00985,She's Alive,Outkast,Rap,0.5231,1.5561,0.0,0.0,0.0,0.0,0.0
15280,Rap_00986,Skew It On The Bar-B,Outkast,Rap,0.4571,1.468,0.0,0.0,0.0,0.0,0.0
15281,Rap_00987,Slump,Outkast,Rap,0.0328,1.6007,0.0,0.0,0.0,0.0,0.0
15282,Rap_00988,Sole Sunday,Outkast,Rap,0.2344,1.5117,0.0,0.0,0.0,0.0,0.0
15283,Rap_00989,Speedballin',Outkast,Rap,0.1687,1.4334,0.0,0.0,0.0,0.0,0.0
15284,Rap_00990,Spread,Outkast,Rap,0.2857,1.4093,0.0,0.0,0.0,0.0,0.0
15285,Rap_00991,Stankonia,Outkast,Rap,0.05,1.6129,0.0,0.0,0.0,0.0,0.0
15286,Rap_00992,Sumthin Wicked This Way Comes,Outkast,Rap,0.0923,1.5774,0.0,0.0,0.0,0.0,0.0
15287,Rap_00993,Synthesizer,Outkast,Rap,0.1935,1.8205,0.0,0.0,0.0,0.0,0.0
15288,Rap_00994,The Train,Outkast,Rap,0.1746,1.5311,0.0,0.0,0.0,0.0,0.0
15289,Rap_00995,The Way You Move,Outkast,Rap,0.4928,1.2302,0.0,0.0,0.0,0.0,0.0
15290,Rap_00996,Toilet Tisha,Outkast,Rap,0.2857,1.624,0.0,0.0,0.0,0.0,0.0
15291,Rap_00997,Tough Guy,Outkast,Rap,0.05,1.6241,0.0,0.0,0.0,0.0,0.0
15293,Rap_00998,Vibrate,Outkast,Rap,0.1154,1.8399,0.0,0.0,0.0,0.0,0.0
15295,Rap_00999,Were Are My Panties,Outkast,Rap,0.087,1.4029,0.0,0.0,0.0,0.0,0.0
47082,Rap_01000,War,Outkast,Rap,0.1277,1.7166,0.0,0.0,0.0,0.0,0.0
47083,Rap_01001,What About Your Friends (Extended Remix),Outkast,Rap,0.2273,1.5685,0.0,0.0,0.0,0.0,0.0
47084,Rap_01002,Wheelz Of Steel,Outkast,Rap,0.1765,1.497,0.0,0.0,0.0,0.0,0.0
47085,Rap_01003,When I Look In Your Eyes,Outkast,Rap,0.15,1.4329,0.0,0.0,0.0,0.0,0.0
47086,Rap_01004,Xplosion,Outkast,Rap,0.1579,1.5943,0.0,0.0,0.0,0.0,0.0
7277,Rap_01005,Decapitated,Gucci Mane,Rap,0.2885,1.7693,0.0,0.0,0.0,0.0,0.0
7280,Rap_01006,Do It,Gucci Mane,Rap,0.5,1.4472,0.0,0.0,0.0,0.0,0.0
7281,Rap_01007,Dope Boys,Gucci Mane,Rap,0.0462,1.5397,0.0,0.0,0.0,0.0,0.0
7282,Rap_01008,G-Love (You Don't Love Me),Gucci Mane,Rap,0.3881,1.3435,0.0,0.0,0.0,0.0,0.0
7283,Rap_01009,Gingerbread Man,Gucci Mane,Rap,0.2281,1.6706,0.0,0.0,0.0,0.0,0.0
7284,Rap_01010,Heavy,Gucci Mane,Rap,0.4615,1.5007,0.0,0.0,0.0,0.0,0.0
7286,Rap_01011,Hustle,Gucci Mane,Rap,0.0909,1.5652,0.0,0.0,0.0,0.0,0.0
7287,Rap_01012,I Might Be,Gucci Mane,Rap,0.0685,1.4368,0.0,0.0,0.0,0.0,0.0
7288,Rap_01013,I Move Chickens,Gucci Mane,Rap,0.6383,1.6672,0.0,0.0,0.0,0.0,0.0
7289,Rap_01014,I Shook Them Haters Off,Gucci Mane,Rap,0.381,1.4208,0.0,0.0,0.0,0.0,0.0
7290,Rap_01015,I Smoke Kush,Gucci Mane,Rap,0.2459,1.3149,0.0,0.0,0.0,0.0,0.0
7291,Rap_01016,I'm A Dog,Gucci Mane,Rap,0.3797,1.3215,0.0,0.0,0.0,0.0,0.0
7292,Rap_01017,Jewelry,Gucci Mane,Rap,0.0536,1.8937,0.0,0.0,0.0,0.0,0.0
7294,Rap_01018,On Deck,Gucci Mane,Rap,0.1818,1.6347,0.0,0.0,0.0,0.0,0.0
7295,Rap_01019,Reckless,Gucci Mane,Rap,0.3288,1.4439,0.0,0.0,0.0,0.0,0.0
7296,Rap_01020,Remember When,Gucci Mane,Rap,0.3165,1.6152,0.0,0.0,0.0,0.0,0.0
7297,Rap_01021,Ridiculous,Gucci Mane,Rap,0.5,1.9041,0.0,0.0,0.0,0.0,0.0
7298,Rap_01022,Running Back,Gucci Mane,Rap,0.2,1.4138,0.0,0.0,0.0,0.0,0.0
34785,Rap_01023,16 Fever,Gucci Mane,Rap,0.1026,1.5255,0.0,0.0,0.0,0.0,0.0
34786,Rap_01024,24 Hours,Gucci Mane,Rap,0.5556,1.3618,0.0,0.0,0.0,0.0,0.0
34787,Rap_01025,Add It Up,Gucci Mane,Rap,0.0656,1.6547,0.0,0.0,0.0,0.0,0.0
34788,Rap_01026,All About The Money,Gucci Mane,Rap,0.3506,1.564,0.0,0.0,0.0,0.0,0.0
34789,Rap_01027,Alley Cat,Gucci Mane,Rap,0.4091,1.4328,0.0,0.0,0.0,0.0,0.0
34790,Rap_01028,Answer,Gucci Mane,Rap,0.3571,1.5354,0.0,0.0,0.0,0.0,0.0
34791,Rap_01029,Atlanta Zoo,Gucci Mane,Rap,0.3151,1.5556,0.0,0.0,0.0,0.0,0.0
34792,Rap_01030,Back In 95,Gucci Mane,Rap,0.4706,1.4198,0.0,0.0,0.0,0.0,0.0
34793,Rap_01031,Bad Bad Bad,Gucci Mane,Rap,0.14,1.4516,0.0,0.0,0.0,0.0,0.0
34794,Rap_01032,Ballers,Gucci Mane,Rap,0.4364,1.383,0.0,0.0,0.0,0.0,0.0
34795,Rap_01033,Beat It Up,Gucci Mane,Rap,0.1753,1.634,0.0,0.0,0.0,0.0,0.0
34796,Rap_01034,Bet Money,Gucci Mane,Rap,0.4127,1.5239,0.0,0.0,0.0,0.0,0.0
34797,Rap_01035,Bingo,Gucci Mane,Rap,0.5703,1.6631,0.0,0.0,0.0,0.0,0.0
34798,Rap_01036,Bob Marley,Gucci Mane,Rap,0.381,1.3762,0.0,0.0,0.0,0.0,0.0
34799,Rap_01037,Boy From The Block,Gucci Mane,Rap,0.26,1.4503,0.0,0.0,0.0,0.0,0.0
34800,Rap_01038,Brand New,Gucci Mane,Rap,0.5595,1.2868,0.0,0.0,0.0,0.0,0.0
34801,Rap_01039,Bricks,Gucci Mane,Rap,0.531,1.2728,0.0,0.0,0.0,0.0,0.0
34803,Rap_01040,Close To Me,Gucci Mane,Rap,0.0476,1.4361,0.0,0.0,0.0,0.0,0.0
34804,Rap_01041,Cyeah Cyeah Cyeah Cyeah,Gucci Mane,Rap,0.0943,1.3616,0.0,0.0,0.0,0.0,0.0
34805,Rap_01042,Darker,Gucci Mane,Rap,0.1231,1.3597,0.0,0.0,0.0,0.0,0.0
34806,Rap_01043,Dope Show,Gucci Mane,Rap,0.0312,1.4747,0.0,0.0,0.0,0.0,0.0
34807,Rap_01044,Double,Gucci Mane,Rap,0.7234,1.6429,0.0,0.0,0.0,0.0,0.0
34808,Rap_01045,Easy,Gucci Mane,Rap,0.3784,1.6432,0.0,0.0,0.0,0.0,0.0
34809,Rap_01046,El Chapo,Gucci Mane,Rap,0.4655,1.5529,0.0,0.0,0.0,0.0,0.0
34810,Rap_01047,Felix Brothers,Gucci Mane,Rap,0.0645,1.534,0.0,0.0,0.0,0.0,0.0
34811,Rap_01048,Freaky Girl,Gucci Mane,Rap,0.5484,1.3148,0.0,0.0,0.0,0.0,0.0
34812,Rap_01049,Go Head,Gucci Mane,Rap,0.3956,1.2515,0.0,0.0,0.0,0.0,0.0
34813,Rap_01050,Gorgeous,Gucci Mane,Rap,0.56,1.6129,0.0,0.0,0.0,0.0,0.0
34814,Rap_01051,Grown Man,Gucci Mane,Rap,0.48,1.4826,0.0,0.0,0.0,0.0,0.0
34815,Rap_01052,Hold Dat Thought,Gucci Mane,Rap,0.0727,1.4698,0.0,0.0,0.0,0.0,0.0
34816,Rap_01053,I Think I Love Her,Gucci Mane,Rap,0.2222,1.249,0.0,0.0,0.0,0.0,0.0
34817,Rap_01054,I Think I Want Her,Gucci Mane,Rap,0.0638,1.5868,0.0,0.0,0.0,0.0,0.0
34818,Rap_01055,I Think I'm In Love,Gucci Mane,Rap,0.4268,1.383,0.0,0.0,0.0,0.0,0.0
34819,Rap_01056,I'm A Star,Gucci Mane,Rap,0.4478,1.3809,0.0,0.0,0.0,0.0,0.0
34820,Rap_01057,I'm In Love With A White Girl,Gucci Mane,Rap,0.3871,1.3531,0.0,0.0,0.0,0.0,0.0
34821,Rap_01058,I'm Up,Gucci Mane,Rap,0.48,1.3618,0.0,0.0,0.0,0.0,0.0
34822,Rap_01059,It's Alive,Gucci Mane,Rap,0.4267,1.3665,0.0,0.0,0.0,0.0,0.0
34823,Rap_01060,It's Not A Day,Gucci Mane,Rap,0.1972,1.3264,0.0,0.0,0.0,0.0,0.0
34824,Rap_01061,Jack Boyz,Gucci Mane,Rap,0.25,1.4853,0.0,0.0,0.0,0.0,0.0
34825,Rap_01062,Lemonade,Gucci Mane,Rap,0.3291,1.6736,0.0,0.0,0.0,0.0,0.0
34826,Rap_01063,Long Money,Gucci Mane,Rap,0.4308,1.5966,0.0,0.0,0.0,0.0,0.0
34827,Rap_01064,Making Love To The Money,Gucci Mane,Rap,0.4412,1.477,0.0,0.0,0.0,0.0,0.0
34828,Rap_01065,Mi Casa Tu Casa,Gucci Mane,Rap,0.5192,1.6969,0.0,0.0,0.0,0.0,0.0
34829,Rap_01066,Mini 14 Ft.black Majik (jeezy Diss),Gucci Mane,Rap,0.3333,1.3264,0.0,0.0,0.0,0.0,0.0
34830,Rap_01067,Money On The Floor,Gucci Mane,Rap,0.08,1.623,0.0,0.0,0.0,0.0,0.0
34831,Rap_01068,Mr. And Mrs. Perfect,Gucci Mane,Rap,0.4205,1.511,0.0,0.0,0.0,0.0,0.0
34832,Rap_01069,My Chain,Gucci Mane,Rap,0.1053,1.4072,0.0,0.0,0.0,0.0,0.0
34833,Rap_01070,My Customer,Gucci Mane,Rap,0.5205,1.6906,0.0,0.0,0.0,0.0,0.0
34834,Rap_01071,My Kitchen,Gucci Mane,Rap,0.5556,1.544,0.0,0.0,0.0,0.0,0.0
34835,Rap_01072,Normal,Gucci Mane,Rap,0.4176,1.6455,0.0,0.0,0.0,0.0,0.0
34837,Rap_01073,Photoshoot,Gucci Mane,Rap,0.4783,1.5463,0.0,0.0,0.0,0.0,0.0
34838,Rap_01074,Pistol In The Party,Gucci Mane,Rap,0.3429,1.5017,0.0,0.0,0.0,0.0,0.0
34839,Rap_01075,Probation,Gucci Mane,Rap,0.2759,1.5942,0.0,0.0,0.0,0.0,0.0
34840,Rap_01076,Quiet,Gucci Mane,Rap,0.2778,1.529,0.0,0.0,0.0,0.0,0.0
34841,Rap_01077,Really Ready,Gucci Mane,Rap,0.2899,1.5305,0.0,0.0,0.0,0.0,0.0
34842,Rap_01078,Round 1 (gucci Mane Vs Jeezy),Gucci Mane,Rap,0.1807,1.4702,0.0,0.0,0.0,0.0,0.0
34843,Rap_01079,Round 1 (pt. 2),Gucci Mane,Rap,0.3023,1.4719,0.0,0.0,0.0,0.0,0.0
34844,Rap_01080,Say Dat Then,Gucci Mane,Rap,0.6739,1.2648,0.0,0.0,0.0,0.0,0.0
34845,Rap_01081,Servin Lean,Gucci Mane,Rap,0.0392,1.6168,0.0,0.0,0.0,0.0,0.0
16460,Rap_01082,American Dream,Puff Daddy,Rap,0.1193,1.6224,0.0,0.0,0.0,0.0,0.0
16461,Rap_01083,Angels With Dirty Faces,Puff Daddy,Rap,0.0777,1.5343,0.0,0.0,0.0,0.0,0.0
16462,Rap_01084,Diddy,Puff Daddy,Rap,0.1648,1.4946,0.0,0.0,0.0,0.0,0.0
16464,Rap_01085,"Do You Like It, Do You Want It",Puff Daddy,Rap,0.4,1.4635,0.0,0.0,0.0,0.0,0.0
16465,Rap_01086,Everything I Love,Puff Daddy,Rap,0.2273,1.6773,0.0,0.0,0.0,0.0,0.0
16466,Rap_01087,Fake Thugs Dedication,Puff Daddy,Rap,0.3542,1.336,0.0,0.0,0.0,0.0,0.0
16467,Rap_01088,Feelin' So Good (Bad Boy Remix),Puff Daddy,Rap,0.0606,1.5172,0.0,0.0,0.0,0.0,0.0
16468,Rap_01089,Forever (Intro),Puff Daddy,Rap,0.1667,2.0435,0.0,0.0,0.0,0.0,0.0
16469,Rap_01090,Friend,Puff Daddy,Rap,0.0282,1.4781,0.0,0.0,0.0,0.0,0.0
16471,Rap_01091,How We Do,Puff Daddy,Rap,0.2708,1.4546,0.0,0.0,0.0,0.0,0.0
16473,Rap_01092,I Need A Girl (To Bella),Puff Daddy,Rap,0.1111,1.5042,0.0,0.0,0.0,0.0,0.0
16474,Rap_01093,I Want You Back '98 (Bad Boy Mix),Puff Daddy,Rap,0.2453,1.3579,0.0,0.0,0.0,0.0,0.0
16475,Rap_01094,Lonely,Puff Daddy,Rap,0.0299,1.5569,0.0,0.0,0.0,0.0,0.0
16476,Rap_01095,Pe 2000,Puff Daddy,Rap,0.0851,1.7241,0.0,0.0,0.0,0.0,0.0
16477,Rap_01096,Satisfy You,Puff Daddy,Rap,0.0886,1.5301,0.0,0.0,0.0,0.0,0.0
16478,Rap_01097,Thank You,Puff Daddy,Rap,0.1463,1.5347,0.0,0.0,0.0,0.0,0.0
16479,Rap_01098,The Future,Puff Daddy,Rap,0.1406,2.0138,0.0,0.0,0.0,0.0,0.0
16480,Rap_01099,The Last Song,Puff Daddy,Rap,0.0172,1.5295,0.0,0.0,0.0,0.0,0.0
16481,Rap_01100,The Saga Continues...,Puff Daddy,Rap,0.0617,1.4938,0.0,0.0,0.0,0.0,0.0
16482,Rap_01101,Worl'd Greatest,Puff Daddy,Rap,0.2083,1.445,0.0,0.0,0.0,0.0,0.0
49196,Rap_01102,After Love,Puff Daddy,Rap,0.1695,1.4453,0.0,0.0,0.0,0.0,0.0
49197,Rap_01103,Back For Good Now,Puff Daddy,Rap,0.0619,1.4675,0.0,0.0,0.0,0.0,0.0
49198,Rap_01104,Best Friend,Puff Daddy,Rap,0.101,1.5126,0.0,0.0,0.0,0.0,0.0
49199,Rap_01105,Blast Off,Puff Daddy,Rap,0.2209,1.4054,0.0,0.0,0.0,0.0,0.0
49200,Rap_01106,Claim My Place (Interlude),Puff Daddy,Rap,0.16,1.5025,0.0,0.0,0.0,0.0,0.0
49201,Rap_01107,Come To Me,Puff Daddy,Rap,0.4078,1.5313,0.0,0.0,0.0,0.0,0.0
49202,Rap_01108,Crazy Thang (Interlude),Puff Daddy,Rap,0.0741,1.5528,0.0,0.0,0.0,0.0,0.0
49203,Rap_01109,Don't Stop What You're Doing,Puff Daddy,Rap,0.194,1.4279,0.0,0.0,0.0,0.0,0.0
49204,Rap_01110,I Don't Wanna Know,Puff Daddy,Rap,0.2857,1.454,0.0,0.0,0.0,0.0,0.0
49206,Rap_01111,I Hear Voices,Puff Daddy,Rap,0.1589,1.5002,0.0,0.0,0.0,0.0,0.0
49208,Rap_01112,I Want The Love,Puff Daddy,Rap,0.3621,1.4015,0.0,0.0,0.0,0.0,0.0
49209,Rap_01113,I'll Be Missing You,Puff Daddy,Rap,0.6346,1.5412,0.0,0.0,0.0,0.0,0.0
49210,Rap_01114,I'll Do This For You,Puff Daddy,Rap,0.1744,1.2748,0.0,0.0,0.0,0.0,0.0
49211,Rap_01115,Last Night,Puff Daddy,Rap,0.2647,1.3752,0.0,0.0,0.0,0.0,0.0
49212,Rap_01116,"Lights, Camera... Action! (Remix)",Puff Daddy,Rap,0.4522,1.5702,0.0,0.0,0.0,0.0,0.0
49213,Rap_01117,Love Don't Cost A Thing (Bad Boy Remix),Puff Daddy,Rap,0.1507,1.4269,0.0,0.0,0.0,0.0,0.0
49214,Rap_01118,Makin' It Hard,Puff Daddy,Rap,0.3562,1.4148,0.0,0.0,0.0,0.0,0.0
49215,Rap_01119,No Letting Go,Puff Daddy,Rap,0.7907,1.5237,0.0,0.0,0.0,0.0,0.0
49216,Rap_01120,No Way Out,Puff Daddy,Rap,0.0357,1.526,0.0,0.0,0.0,0.0,0.0
49217,Rap_01121,P.S 122 (Interlude),Puff Daddy,Rap,0.25,1.5675,0.0,0.0,0.0,0.0,0.0
49218,Rap_01122,Roll With Me,Puff Daddy,Rap,0.026,1.3244,0.0,0.0,0.0,0.0,0.0
49219,Rap_01123,Roxanne,Puff Daddy,Rap,0.1493,1.5941,0.0,0.0,0.0,0.0,0.0
49222,Rap_01124,Special Feeling,Puff Daddy,Rap,0.2286,1.3512,0.0,0.0,0.0,0.0,0.0
49223,Rap_01125,Step Into A World (Remix),Puff Daddy,Rap,0.1379,1.5456,0.0,0.0,0.0,0.0,0.0
49225,Rap_01126,The Body Rock,Puff Daddy,Rap,0.0548,1.4984,0.0,0.0,0.0,0.0,0.0
49226,Rap_01127,Through The Pain (She Told Me),Puff Daddy,Rap,0.3178,1.4379,0.0,0.0,0.0,0.0,0.0
49227,Rap_01128,Wanna Move,Puff Daddy,Rap,0.5774,1.4735,0.0,0.0,0.0,0.0,0.0
49228,Rap_01129,We'll Always Love Big Poppa,Puff Daddy,Rap,0.0909,1.5109,0.0,0.0,0.0,0.0,0.0
49229,Rap_01130,What You Gonna Do?,Puff Daddy,Rap,0.0476,1.5188,0.0,0.0,0.0,0.0,0.0
49230,Rap_01131,What You Want,Puff Daddy,Rap,0.0625,1.4386,0.0,0.0,0.0,0.0,0.0
49231,Rap_01132,Will They Die 4 You?,Puff Daddy,Rap,0.1098,1.3826,0.0,0.0,0.0,0.0,0.0
49232,Rap_01133,Woke Up In The Morning (Remix),Puff Daddy,Rap,0.375,1.4456,0.0,0.0,0.0,0.0,0.0
49233,Rap_01134,You Gets No Love (Remix),Puff Daddy,Rap,0.3171,1.4868,0.0,0.0,0.0,0.0,0.0
